CIF Id,first_name,last_name,DOB,email,Mobile No,gender,Salary,PAN,Credit Card,Home Loan,Car Loan,Insurance
12138597173,Simonette,Knowlton,1991-02-25,sknowlton0@usda.gov,4067100130,Female,$7783.89,YXWMD9018S,0,1,0,0
12168017506,Catherina,Rollinshaw,1961-11-08,crollinshaw1@twitter.com,8519130017,Genderqueer,$5643.92,XADCN4467Y,0,1,0,0
12166271058,Ronny,Jira,1972-01-11,rjira2@engadget.com,5352066616,Female,$6032.58,BDFTL6547Y,0,0,0,0
12167718826,Tan,Boskell,1999-03-13,tboskell3@nature.com,3114502802,Male,$5277.13,IVIBP2208Y,0,0,0,1
12124389012,Katuscha,Botright,1976-08-30,kbotright4@gizmodo.com,1564595419,Female,$4059.17,FKZXH4337P,0,0,0,1
12152985652,Edyth,Lesley,1998-01-06,elesley5@guardian.co.uk,4454449627,Female,$9302.85,AMIJP3688F,0,0,0,0
12161124840,Prue,Jackman,1997-09-20,pjackman6@fastcompany.com,5565507024,Female,$7985.54,AFZLV6263N,0,0,0,0
12128717457,Felicdad,Dutnall,2000-01-08,fdutnall7@plala.or.jp,3868316238,Female,$8440.02,MYVAX1617N,1,0,0,0
12182649826,Fernande,Drinkhill,1962-03-09,fdrinkhill8@fema.gov,5664091364,Female,$5785.76,XNDYT7375R,0,0,0,0
12150327899,Buiron,Wharby,1989-03-13,bwharby9@goodreads.com,2924758299,Male,$8493.03,RZMON9087Q,0,0,0,0
12180813121,Lilith,Fernyhough,1975-02-01,lfernyhougha@zimbio.com,2669666008,Female,$9109.77,MZMUU2063G,0,0,0,0
12109780946,Van,O'Fielly,1988-05-27,vofiellyb@github.com,8109950834,Male,$2527.72,NDSIB6994E,0,0,0,0
12110416842,Janie,Fishbie,1993-08-02,jfishbiec@google.pl,1375922279,Female,$6638.57,ZWHTD6824D,0,0,1,0
12133311177,Genvieve,Buckley,1983-12-18,gbuckleyd@independent.co.uk,1484827936,Female,$4841.36,TTYEO8915G,0,0,0,0
12160659405,Windy,Thomtson,1990-11-09,wthomtsone@globo.com,9349494385,Female,$6662.91,CQAMV5389Y,0,0,0,0
12118475892,Lilyan,Baughan,1968-07-12,lbaughanf@exblog.jp,7646395495,Female,$5111.29,IIZUT9630A,0,0,0,0
12167254627,Jacqueline,Behn,1989-02-09,jbehng@nyu.edu,3382311678,Female,$5079.57,NSNPC3720H,0,0,0,1
12194599819,Cynthie,Hounsom,1965-05-09,chounsomh@reddit.com,2207328277,Female,$2591.37,JASJJ7576Y,0,0,0,0
12129517814,Pearl,Mully,1982-06-30,pmullyi@tuttocitta.it,2007374141,Female,$4134.25,FTMQX0812A,0,1,0,0
12126961652,Danya,Tomaszczyk,1991-06-30,dtomaszczykj@bbc.co.uk,6484712834,Male,$5278.32,CRIXA3479A,0,0,0,0
12137499515,Helaine,Crumpe,1960-03-07,hcrumpek@issuu.com,6862532222,Female,$4460.28,XXVIM8385R,0,0,1,0
12184531582,Pembroke,Jaram,2000-05-09,pjaraml@scientificamerican.com,2952640386,Male,$3719.47,GXQSZ4184H,0,0,0,0
12108587483,Henrie,Hansman,1971-12-13,hhansmanm@youku.com,3552717031,Female,$9687.02,GDPHX7080Q,0,0,0,0
12124739564,Curcio,Killingworth,1992-03-04,ckillingworthn@wiley.com,4086125358,Male,$3343.12,IWDOQ9250U,0,0,0,0
12123288359,Janet,Sparshatt,1987-07-04,jsparshatto@lycos.com,7115550092,Female,$8256.85,UZPOO9313S,0,0,0,0
12101010824,Magnum,Klees,1991-02-02,mkleesp@t-online.de,7007389522,Male,$9366.99,GPWAQ8586N,0,0,0,0
12128731435,Hurlee,Finley,1972-06-13,hfinleyq@github.io,7235070037,Male,$7740.84,EQWYW2787S,0,1,0,0
12187114071,Jeramey,Iveson,1997-08-02,jivesonr@cornell.edu,7941301649,Male,$7914.70,QZOUP9081X,1,0,0,0
12130091349,Klarrisa,Lukasik,1967-03-24,klukasiks@ted.com,4423560346,Female,$8194.42,LQYEK1254K,0,0,0,0
12119547647,Nessi,Scones,1974-08-23,nsconest@dion.ne.jp,4071312340,Female,$9171.06,AKMQA3464F,1,1,0,0
12129885733,Lela,Brooksby,1966-06-22,lbrooksbyu@csmonitor.com,3753296145,Agender,$8892.41,UECCE6972B,0,0,0,0
12177254533,Laurena,Bellenie,1988-03-18,lbelleniev@engadget.com,8936165712,Female,$8664.55,UDUBM3640U,0,0,0,0
12145179532,Mandi,Indge,1983-01-14,mindgew@hibu.com,6992226525,Female,$3780.67,YBCRG5718F,0,0,0,0
12149864583,Steven,Vernall,1975-09-29,svernallx@cisco.com,2714956953,Male,$8050.99,JUFIB2438L,1,0,0,0
12118706426,Verine,Brixey,1983-02-21,vbrixeyy@home.pl,1355234995,Female,$3929.99,MHCLG6038Y,0,0,0,0
12131652548,Ruby,Manilow,2000-11-17,rmanilowz@phoca.cz,9249636293,Male,$5470.77,DVTYF3040W,0,0,0,0
12112098639,Mychal,Sommerlie,1963-07-03,msommerlie10@elegantthemes.com,4865985603,Male,$5867.42,ENBIA8047N,0,0,0,0
12134779877,Kelly,Roakes,1972-08-16,kroakes11@people.com.cn,9906232525,Genderfluid,$7183.70,WJLVA8166F,0,0,0,0
12110098930,Miquela,Kalinowsky,1988-01-30,mkalinowsky12@nhs.uk,1228206052,Female,$9181.77,AMNIR1162V,0,0,0,0
12101891853,Mirella,Barbie,1972-10-01,mbarbie13@geocities.com,9405064412,Female,$6221.52,EKHIL9603N,0,0,0,1
12160600450,Skelly,Tiffin,1991-12-20,stiffin14@elpais.com,7928048812,Male,$7727.86,MWDYF7626M,0,0,0,0
12151209688,Jeffrey,Boost,1963-09-22,jboost15@ifeng.com,9432269088,Male,$10039.93,AOOHW0544C,0,0,0,0
12197238373,Laverna,Nacci,1968-03-12,lnacci16@japanpost.jp,6788857367,Female,$8201.86,TXEQU6399O,0,0,0,1
12186082237,Melodie,Dragonette,1987-01-27,mdragonette17@nsw.gov.au,3248431471,Female,$5904.22,CGPXH1983O,0,0,0,0
12126157574,Charmion,Downage,1998-12-28,cdownage18@upenn.edu,8116272341,Female,$5323.48,TSHFZ6301J,0,0,0,0
12189306437,Tedi,Martusov,1976-07-02,tmartusov19@goo.ne.jp,2688228985,Female,$6921.54,MWRFD3015S,0,0,0,0
12169457571,Jehu,Johnigan,1961-11-28,jjohnigan1a@ameblo.jp,5499733758,Male,$6461.17,TJOIU2357T,0,0,0,1
12179867055,Letti,Slowan,1990-10-21,lslowan1b@ow.ly,9816719617,Female,$4384.15,CICRX2514S,1,0,0,0
12165841186,Rikki,Popplestone,1999-07-28,rpopplestone1c@google.com.br,6637314960,Female,$3325.86,PFZBT2600G,1,0,0,0
12133224805,Jehanna,Jurs,1964-01-27,jjurs1d@pinterest.com,8326989115,Female,$3605.61,MEHUC5709H,1,0,0,0
12166153952,Vladimir,Dummer,1993-01-17,vdummer1e@reuters.com,9495944037,Genderqueer,$7086.78,AWVWJ7230O,0,0,0,0
12164614752,Federica,Samways,1987-03-22,fsamways1f@opera.com,9332098524,Female,$6363.96,JYXCS4783K,0,0,0,0
12133853023,Frants,Champkins,1978-01-19,fchampkins1g@buzzfeed.com,4545267643,Male,$3699.73,RRQFL9214V,1,0,0,0
12127941751,Marietta,Markushkin,1980-03-08,mmarkushkin1h@sbwire.com,7905304478,Genderqueer,$5099.63,DCDBR2048U,0,0,0,0
12110853953,Bethina,Dorey,1961-03-23,bdorey1i@hubpages.com,2739399896,Agender,$4938.32,JVIGX1832X,0,0,0,0
12173127202,Graham,Trudgian,1993-10-29,gtrudgian1j@cpanel.net,7911405733,Male,$6276.85,PRZCW6540W,0,1,0,0
12186320863,Mureil,Klejin,1966-09-10,mklejin1k@google.nl,3571499686,Female,$4414.95,HPCIG7864P,0,0,0,0
12131371431,Lesly,Arsey,1973-01-26,larsey1l@livejournal.com,1894019207,Female,$8573.81,WGVRC0103N,0,0,0,0
12187501691,Conroy,Chidler,1965-04-10,cchidler1m@themeforest.net,2926505435,Male,$6790.92,GDFAZ8567K,0,0,0,0
12165191069,Charley,McColl,2001-01-06,cmccoll1n@upenn.edu,3679271848,Male,$9081.51,SBXEX8077F,0,0,0,0
12142302328,Daphna,Hardie,1980-04-07,dhardie1o@ucsd.edu,8158735336,Female,$5117.87,QZLDF8873F,0,1,1,0
12114650253,Eadmund,Bleything,1978-07-19,ebleything1p@unicef.org,7893437486,Male,$8593.90,OKUPN3004U,0,0,0,0
12128147066,Vernor,Welling,1994-07-26,vwelling1q@google.com.au,5255912771,Male,$8957.23,GJNCE3522V,1,0,0,0
12186973651,Natale,Gores,1961-07-01,ngores1r@icq.com,7941518408,Male,$8141.06,SMDPG6350H,0,0,0,0
12191528825,Ikey,Borzoni,1983-12-23,iborzoni1s@imdb.com,9428045965,Male,$8031.48,KGSTL7314G,1,0,0,0
12138899359,Anthe,Mitten,1988-05-13,amitten1t@amazonaws.com,4144989852,Female,$3542.33,EPTMB0222L,0,0,0,0
12187579639,Sandor,McCrow,1996-01-04,smccrow1u@smh.com.au,3427405266,Male,$6198.56,ZHWPK5727P,0,0,0,0
12152378129,Patrick,Pawlik,1963-01-13,ppawlik1v@psu.edu,9193348208,Male,$3483.49,YVKSH6641B,0,0,0,0
12174509695,Bary,Butlin,1982-11-21,bbutlin1w@nps.gov,4608433992,Male,$4398.10,GODKB1053Q,0,0,0,0
12103256041,Cord,Lanchbury,1996-10-20,clanchbury1x@gravatar.com,7294729611,Male,$6850.08,WQTVG1363I,0,0,0,0
12174005472,Andee,Alejandri,1990-01-25,aalejandri1y@google.de,7418222832,Female,$3487.51,QENCW6044E,0,0,0,0
12164076528,Merwin,Defew,2000-07-16,mdefew1z@cdbaby.com,8571626147,Male,$3651.58,SUHFQ2100T,0,0,0,0
12142899548,Melloney,Theobald,1971-07-22,mtheobald20@bloglovin.com,9012670159,Female,$6693.79,RSJFZ7737F,0,0,0,0
12102536873,Ennis,Cromblehome,1975-02-01,ecromblehome21@etsy.com,8188069022,Male,$5922.68,ODLBZ6261O,0,0,0,0
12118862606,Niles,Stewart,1990-12-19,nstewart22@statcounter.com,7117134017,Male,$9732.75,ABBXD4916G,0,0,0,0
12149184496,Chase,Reuss,1980-02-08,creuss23@uiuc.edu,9555945963,Male,$6261.62,VDDGD3691S,0,0,0,0
12171918056,Erich,Borleace,1972-03-09,eborleace24@friendfeed.com,1637348792,Male,$7101.64,FIHML7562C,0,0,0,0
12148327312,Nestor,Summerscales,1986-07-07,nsummerscales25@admin.ch,5187059988,Male,$7304.21,XGVHZ1777C,1,0,0,0
12101801624,Gerti,Sparey,1983-07-08,gsparey26@ow.ly,7638154982,Genderqueer,$7834.70,NSWZQ2571X,0,0,0,0
12146313872,Lem,Ygoe,1988-08-19,lygoe27@businesswire.com,7974543420,Male,$8369.35,FDOCU4016O,0,0,0,0
12161410803,Flynn,Skocroft,1983-11-03,fskocroft28@nydailynews.com,6812957928,Male,$8096.30,YMRHV8096K,0,0,0,0
12174856686,Chad,Chastel,1967-07-23,cchastel29@sfgate.com,1569899337,Male,$3386.86,SJVXK4600K,1,1,0,0
12119824104,Merissa,Michurin,1994-06-28,mmichurin2a@earthlink.net,6639449093,Female,$6533.44,CZWHN7575Y,0,0,0,0
12170558280,Cecily,Oene,1975-02-08,coene2b@purevolume.com,8886912803,Female,$3022.84,LXGUF2477M,0,0,0,0
12158049819,Findlay,Piddocke,1987-09-12,fpiddocke2c@businessinsider.com,4076079382,Male,$9082.37,ADENK9801L,0,0,0,0
12118613217,Bartholomeo,Brum,2000-04-24,bbrum2d@japanpost.jp,4998949989,Male,$6916.99,CBLOS0629V,0,0,0,0
12189141624,Denni,Bertrand,1983-10-25,dbertrand2e@rediff.com,6088751952,Female,$9966.40,YTQMS8279Y,0,0,0,0
12125229501,Dennie,Higbin,1964-06-16,dhigbin2f@netvibes.com,1232114848,Female,$5083.41,PSFUH6359H,0,1,0,0
12150842636,Stearne,Bakhrushin,1999-05-08,sbakhrushin2g@imdb.com,9992644589,Male,$4345.11,WXWHV3726S,0,0,0,0
12104425458,Rustin,Burgon,1961-01-17,rburgon2h@lycos.com,1775917665,Male,$3083.57,RIWHE8255V,0,0,0,0
12116397391,Mariellen,Gelsthorpe,1984-02-15,mgelsthorpe2i@weebly.com,4448125724,Female,$7986.90,TGYUM8585G,1,1,0,0
12169061622,Werner,Copcutt,1962-04-13,wcopcutt2j@quantcast.com,3046821950,Male,$2683.89,XWNNX9440H,0,0,0,0
12169649773,Gannon,Shulver,1961-06-17,gshulver2k@sina.com.cn,9648064095,Male,$5370.13,PSOHF5028G,0,1,0,0
12183049226,Desi,Kunkler,1964-04-24,dkunkler2l@cisco.com,7289580171,Male,$2579.80,MFELN7260N,0,0,0,1
12164133281,Tiphany,Downer,1979-04-23,tdowner2m@angelfire.com,7705260501,Agender,$10047.59,RDYUZ9509M,0,1,0,0
12131937216,Olly,Ducroe,1995-05-10,oducroe2n@4shared.com,5508305298,Female,$3383.78,EZVAV7880H,0,0,0,0
12120583835,Ari,Rogerson,1962-01-22,arogerson2o@usa.gov,6302501774,Male,$4928.86,SDMZF8706I,0,0,0,0
12166127890,Robinetta,Zwicker,1969-01-07,rzwicker2p@flavors.me,2779696987,Female,$10275.67,LSWXB1853G,0,0,0,1
12187745096,Xavier,Clemitt,1983-07-07,xclemitt2q@skyrock.com,5226954127,Male,$6179.28,HFZSD3668H,0,0,0,0
12110991562,Lizbeth,Eberdt,1991-05-21,leberdt2r@omniture.com,4448885776,Female,$6980.48,KGOGS5883J,0,1,0,0
12167086649,Bernadina,Pyffe,1974-06-23,bpyffe2s@plala.or.jp,5505492888,Female,$6408.46,XNISD8189U,0,0,0,0
12148037866,Petronella,Filipson,1982-03-28,pfilipson2t@moonfruit.com,8519439456,Female,$9635.82,QVDKA9018W,1,0,0,0
12129637903,Wyatt,Maass,1983-08-05,wmaass2u@cnn.com,5488862263,Male,$4967.85,GWXEU2086U,0,0,1,0
12102717888,Loni,Brilleman,1970-01-10,lbrilleman2v@zimbio.com,3546315261,Female,$4409.93,BHKAB7766F,0,0,0,0
12130088721,Haskel,Doust,1977-02-07,hdoust2w@com.com,6239593038,Male,$10381.04,SEMEN4469A,0,0,0,0
12183103986,Sonnie,Burl,1979-11-05,sburl2x@wsj.com,4554837182,Female,$4973.80,ORCKT2501H,0,0,0,0
12165190577,Fredrick,Curteis,1984-02-12,fcurteis2y@ucla.edu,9133420125,Non-binary,$8307.81,FGVHZ5372J,0,0,0,0
12177083047,Eda,Farraway,1987-12-03,efarraway2z@apple.com,8198154954,Female,$6028.98,UUMJP2523O,1,0,0,0
12140594110,Chuck,Belt,1974-12-01,cbelt30@thetimes.co.uk,9339909828,Male,$9021.98,FCWLD6080V,0,0,0,0
12105149791,Marlene,Scranny,1980-01-21,mscranny31@ezinearticles.com,6399795915,Female,$2846.89,IXFRK7604P,1,0,0,0
12159856708,Warden,Rilston,1964-10-30,wrilston32@domainmarket.com,5876243568,Male,$3691.14,DSOQS9651T,0,0,0,0
12185918640,Jillian,Messiter,1984-08-29,jmessiter33@google.com.hk,7923328285,Female,$7156.79,HBQJV4099I,0,0,0,0
12120254078,Matilda,Guido,1999-11-21,mguido34@meetup.com,5562620392,Female,$4487.85,NYOPU2314Y,0,0,0,0
12149846222,Hestia,Llewellin,2000-05-03,hllewellin35@theguardian.com,1372534456,Female,$3879.17,KXIXG0879V,0,0,0,0
12188050164,Enid,Tungate,1992-08-05,etungate36@yahoo.com,5926822570,Bigender,$9741.05,CFNIK4006J,0,0,0,0
12137838316,Mellisa,Tomet,1986-11-01,mtomet37@cloudflare.com,2459160094,Female,$6356.12,LJZXJ0489V,0,0,0,0
12112337367,Erinn,Bleibaum,1964-02-12,ebleibaum38@seattletimes.com,8654638484,Female,$3833.09,JHGSM1378A,0,1,0,0
12117685936,Brien,Impy,1979-10-13,bimpy39@flavors.me,8604792796,Male,$7662.77,HVVJA6155N,0,0,0,0
12190047244,Crystal,Cruse,2000-03-28,ccruse3a@nyu.edu,2126572886,Female,$7002.72,VZNHH7692G,0,0,0,0
12171041539,Analise,Kettlestringe,1985-04-30,akettlestringe3b@tripod.com,3437276138,Non-binary,$8276.67,GIBBU0849O,0,0,0,0
12196868026,Benji,McCheyne,1981-03-22,bmccheyne3c@reverbnation.com,4636092134,Male,$3076.20,BWDYE1270I,1,0,0,0
12159710699,Eveleen,Perchard,1991-06-07,eperchard3d@about.me,1166365326,Female,$8200.06,FBXAZ6903D,0,1,0,0
12196961097,Carlin,Heselwood,1978-06-22,cheselwood3e@drupal.org,3399619759,Male,$2880.11,SALBZ1079A,0,0,0,0
12190851835,Sibby,Hunnawill,1985-05-29,shunnawill3f@hp.com,1515755132,Female,$9122.39,FIOGR5280S,1,0,0,1
12155725315,See,Deavin,1971-08-21,sdeavin3g@businesswire.com,9369729323,Male,$2832.12,QPILV2469R,0,0,0,0
12103033384,Moll,Brant,1969-05-29,mbrant3h@ucsd.edu,7535209259,Female,$3285.29,SJRZU4043E,0,0,0,0
12124923473,Evan,Arendsen,1970-07-21,earendsen3i@flavors.me,7234742243,Male,$10465.72,GVFNA1497R,0,1,0,0
12181794432,Caitlin,Guillon,1982-03-28,cguillon3j@google.cn,2558262064,Female,$3446.71,NSYHO2551U,0,0,0,0
12117575425,Nancie,Greenard,1965-01-12,ngreenard3k@nifty.com,2577860446,Female,$3640.50,BRZME0227Y,0,0,0,0
12173333975,Lizzy,Haveline,1973-04-26,lhaveline3l@facebook.com,1154505247,Female,$9914.34,CCCFH7591U,0,0,0,0
12172201154,Lira,Derisley,1991-04-24,lderisley3m@hud.gov,8501913403,Female,$9718.57,IKXCJ7659K,0,0,0,0
12191576339,Cointon,McRobbie,1981-08-03,cmcrobbie3n@technorati.com,4897689722,Male,$6884.51,DPFMQ5961C,0,0,0,0
12190376349,Sibeal,Baldazzi,1999-02-13,sbaldazzi3o@archive.org,6617411482,Female,$8459.49,JJATW1310U,0,0,1,0
12161542643,Kyle,Noen,1973-12-31,knoen3p@sciencedaily.com,9692849890,Male,$5282.53,JPTKP1816Z,0,0,0,0
12120525774,Jacquenetta,Tolumello,1992-05-28,jtolumello3q@auda.org.au,5245926229,Female,$10266.20,WDQWH1779C,1,0,0,0
12139715308,Cristal,Towell,1991-10-13,ctowell3r@chicagotribune.com,1288199147,Female,$4570.76,FDCZR9222Z,1,0,0,0
12133033569,Dolf,Gunby,1986-05-09,dgunby3s@creativecommons.org,4711617260,Male,$7069.48,IQCPW6090T,0,0,0,0
12194338354,Darell,Hurley,1982-10-22,dhurley3t@scientificamerican.com,5297615508,Female,$6305.23,UHDCF1041T,0,0,0,0
12144431749,Jannel,Bosche,1995-11-11,jbosche3u@shareasale.com,8132258830,Female,$7163.41,YHPQI3471C,0,0,0,0
12144875143,Stacee,McLagan,1965-12-11,smclagan3v@ebay.co.uk,3502157401,Male,$5022.17,FDLCR9510C,0,0,0,0
12154200264,Darrell,Begin,1983-10-14,dbegin3w@amazon.de,7539880727,Male,$8338.75,KFWHF0604W,0,0,0,0
12175189157,Hugh,Sebire,1996-12-11,hsebire3x@phoca.cz,8681275285,Male,$8122.45,RHFBH9594D,1,0,0,0
12186788153,Tarrance,Beran,1965-11-12,tberan3y@qq.com,7084630390,Male,$9310.80,KLVXB4749O,1,1,0,0
12113898673,Patrice,Konig,1968-09-17,pkonig3z@webs.com,1863716425,Bigender,$4731.77,BHCJZ5294S,0,0,0,0
12118205554,Brier,Slyvester,1994-12-14,bslyvester40@cargocollective.com,9918145735,Female,$6263.61,JVQFQ1629J,0,0,0,0
12140873246,Morgun,Tassell,1984-07-23,mtassell41@angelfire.com,5386532728,Male,$3720.25,XGGJO3576C,0,1,0,0
12105783576,Hubert,Iannuzzelli,1961-05-21,hiannuzzelli42@jalbum.net,2225415934,Male,$2519.94,KVLXT0944R,0,0,0,0
12127988101,Jaymie,Shearman,1975-12-23,jshearman43@nydailynews.com,1761571009,Male,$4529.35,LMCZW6598S,0,0,1,1
12139412770,Bryanty,Lukes,1973-05-31,blukes44@ted.com,7864858248,Male,$9864.89,BLRNA3000K,1,0,0,0
12132027415,Erik,McAdam,1983-06-10,emcadam45@facebook.com,1376849366,Male,$8266.46,PFOAO6151F,0,1,0,0
12173495683,Frannie,Mort,1996-09-08,fmort46@tinyurl.com,5217409144,Male,$3961.91,RGFVV1724U,0,0,0,0
12102594150,Stern,Seekings,1961-06-23,sseekings47@networksolutions.com,3014251461,Male,$9519.68,FQPHL6188R,1,0,0,0
12197581828,Huntington,Danielsky,1989-02-16,hdanielsky48@samsung.com,6333882412,Male,$6135.43,XUOGC5577U,0,1,0,0
12104333701,Giffard,Nock,1994-02-15,gnock49@earthlink.net,5452516836,Male,$9201.04,EDAOS7901E,0,0,0,0
12142349250,Mariette,Moy,1996-08-15,mmoy4a@wsj.com,7731628794,Female,$3898.32,IGAMM7503X,0,0,0,0
12134005483,Calida,Floweth,1961-08-25,cfloweth4b@wix.com,7714182583,Female,$4905.19,CCESH0885A,0,0,0,0
12118383073,Paxton,Anfossi,1969-03-22,panfossi4c@unc.edu,3005006988,Male,$4817.00,GOVVS8449Z,0,0,0,0
12139892640,Kellen,Exton,1980-05-13,kexton4d@wisc.edu,9374408806,Female,$6656.17,HPJDN1252V,0,0,0,0
12199185054,Eleonore,Locksley,1998-11-14,elocksley4e@bigcartel.com,7672060640,Female,$4406.97,ZZCOG1178I,0,0,0,0
12110347363,Sella,Fairtlough,1977-12-01,sfairtlough4f@sakura.ne.jp,4105174559,Female,$5549.94,DLKOO3027Z,0,0,0,0
12162880249,Brittany,Kaminski,1980-09-09,bkaminski4g@geocities.jp,4392379149,Female,$10480.57,UAWFX2308R,0,0,0,0
12134311590,Philomena,Kinworthy,1997-07-21,pkinworthy4h@quantcast.com,8171056535,Female,$10298.20,DMZDE3119J,0,0,0,0
12125923461,Logan,Keyho,1966-11-02,lkeyho4i@mapy.cz,7001685414,Male,$3902.01,SLZIH9177C,0,0,0,1
12162126827,Holt,Fishley,1965-03-17,hfishley4j@psu.edu,3546293517,Male,$7831.94,YNXSM7089N,0,0,0,0
12197493101,Chrystel,Ewins,1978-02-17,cewins4k@lulu.com,7198382069,Female,$6410.60,IWIHX8687P,0,0,0,0
12165869502,Emalia,Lanchbery,1970-08-07,elanchbery4l@google.nl,2365055283,Female,$5687.73,WRFDW5759B,0,0,0,0
12130496485,Golda,Charley,1983-10-08,gcharley4m@github.com,7671340029,Female,$8384.86,FYWQH5713O,0,0,0,0
12150325220,Ollie,Shropsheir,1979-10-04,oshropsheir4n@nydailynews.com,7208034701,Female,$5853.96,DEYOT6623I,0,0,0,0
12105955522,Ardelis,Quilkin,1980-03-29,aquilkin4o@imageshack.us,2297121688,Genderfluid,$9320.59,FIQMV1012C,0,0,0,0
12118597225,Kaleb,Brewett,1965-12-14,kbrewett4p@huffingtonpost.com,9376780021,Male,$3348.06,QFZBY8456G,1,0,0,0
12175847424,Angil,Renne,1994-04-20,arenne4q@1und1.de,1137920438,Female,$5016.36,TNZIF1109B,0,0,0,0
12189634638,Dannel,Esposi,1964-02-08,desposi4r@bloglines.com,4931110389,Male,$7872.97,LGWEB2946K,0,0,0,0
12138625360,Slade,Ferrers,1997-02-06,sferrers4s@ihg.com,3155594430,Male,$7423.80,IHGWF0830H,0,0,0,0
12194493523,Blake,Denington,1965-01-12,bdenington4t@merriam-webster.com,4646761313,Female,$4458.04,RYCYE4711S,0,0,0,0
12186061428,Colly,Wheldon,1999-11-26,cwheldon4u@usatoday.com,2238339403,Female,$9882.63,LIYMH8174R,1,0,0,0
12193354550,Hobie,Howles,1992-01-03,hhowles4v@ox.ac.uk,5457217816,Male,$3879.33,FBGJJ0540D,1,0,0,0
12154541023,Berton,Tourmell,1981-01-10,btourmell4w@friendfeed.com,6191699678,Male,$6275.79,LWBTI5406M,0,0,0,0
12111413330,Meir,Richold,1992-03-31,mrichold4x@lulu.com,9458951728,Male,$10045.40,QHSPR5573U,0,1,0,0
12158453960,Joey,Haukey,1979-02-09,jhaukey4y@craigslist.org,9464703702,Female,$8047.42,VDJTN2522B,0,0,1,0
12134150227,Darsie,Wimlett,1971-01-22,dwimlett4z@ebay.co.uk,7748378948,Female,$7449.49,YTRUV1645B,0,0,0,0
12107891724,Cristiano,Thamelt,1981-02-28,cthamelt50@google.co.jp,9819092117,Male,$2663.43,NMJFQ3297M,0,0,0,0
12179642727,Pavel,Ferier,1993-10-08,pferier51@cbc.ca,1227843992,Agender,$5300.38,IFPYD9805Q,0,1,0,0
12123684372,Etan,Hathaway,1980-12-26,ehathaway52@so-net.ne.jp,7905560699,Male,$9360.90,LTEZN0702Q,0,0,0,0
12116978721,Zitella,Tunn,1962-09-25,ztunn53@taobao.com,8921638965,Female,$9448.95,QNZPV9681I,1,1,0,0
12123002107,Katie,Gott,1991-07-20,kgott54@paginegialle.it,6904349595,Genderqueer,$6134.70,RBMQY8370P,0,0,0,0
12163069732,Emmott,Trulock,1963-12-09,etrulock55@cpanel.net,1157654524,Male,$7784.88,OKXXR1875S,0,0,0,1
12167914579,Beulah,Bushe,1965-07-05,bbushe56@twitpic.com,5787052439,Female,$7425.28,PEYMH1226G,0,0,0,0
12134311034,Marthe,Tender,1973-10-14,mtender57@google.nl,5662181652,Female,$4586.93,QJBFD8007A,0,0,0,0
12148254616,Laryssa,Yes,1975-07-26,lyes58@deviantart.com,9681560716,Female,$9567.91,PHXZJ4814P,0,0,0,0
12136510665,Woodie,Bonaire,1993-03-18,wbonaire59@bbc.co.uk,2496961828,Male,$6879.91,USZOO5625M,0,0,0,0
12194540967,Minne,Prium,1998-01-01,mprium5a@spotify.com,3001757907,Female,$5928.15,PQZMN2229I,0,0,0,0
12116332361,Madelyn,Lepper,1971-09-06,mlepper5b@nbcnews.com,1137224708,Female,$7618.56,CSSYP2083Q,1,0,0,0
12107870176,Starlin,Rookledge,1994-02-11,srookledge5c@constantcontact.com,7864358178,Female,$6223.93,PPXQX5178T,0,1,0,0
12194609561,Zelda,Thrasher,1968-01-24,zthrasher5d@walmart.com,5613644256,Non-binary,$6424.51,XUJKN0685F,0,0,0,0
12126024753,Rustin,Loiterton,1969-01-07,rloiterton5e@gravatar.com,5079388030,Male,$4490.80,EDGVK2402L,0,0,0,0
12174944517,Dulci,Whitechurch,1982-03-24,dwhitechurch5f@mapy.cz,8077952124,Female,$10020.94,SWPIB8250J,0,0,0,0
12141733096,Michaela,Rhodef,1970-04-08,mrhodef5g@ning.com,7432080136,Female,$7092.22,GHOYX4933X,1,0,0,0
12135235760,Niels,Camellini,1985-01-30,ncamellini5h@typepad.com,2634227706,Male,$10161.51,LICAI2076M,0,0,0,0
12126315125,Merill,Largent,1979-10-05,mlargent5i@redcross.org,1897399890,Male,$8307.94,PFIFF7371O,0,0,0,0
12191928764,Kippar,Troth,1969-05-21,ktroth5j@about.com,8794248908,Male,$8806.10,FFOEH7648C,0,0,0,0
12105678392,Cristabel,Millsom,1971-01-22,cmillsom5k@comcast.net,1678505011,Female,$9062.44,SORHQ1447B,0,0,0,0
12121842930,Monah,Jarred,1999-07-28,mjarred5l@myspace.com,6466082232,Genderqueer,$2819.41,MJYWN3313S,0,0,0,0
12129240814,Jannel,Vidloc,1975-11-18,jvidloc5m@youtube.com,1456661195,Female,$3391.81,UPHPV0228U,0,0,0,0
12135257312,Maureene,McColgan,1982-06-16,mmccolgan5n@uol.com.br,7226618239,Genderfluid,$3773.26,IMBTS6072B,0,0,0,0
12115046117,Bent,McGeachie,1970-04-08,bmcgeachie5o@prweb.com,2809766099,Male,$6876.75,DDACC4926A,0,0,0,0
12176003490,Matt,MacQuaker,1961-10-20,mmacquaker5p@angelfire.com,3615662195,Male,$5534.79,NNIZK7301N,0,0,0,1
12107450852,Bent,Neesam,1998-02-09,bneesam5q@indiatimes.com,6083655857,Male,$9801.68,NNOWF5256C,1,0,0,1
12163186841,Joe,Pavie,1961-03-08,jpavie5r@dmoz.org,3497427571,Male,$10457.76,WAUCQ2026D,0,0,0,0
12107493464,Northrop,Manuaud,1985-08-24,nmanuaud5s@mapquest.com,9202315371,Non-binary,$10244.63,FGKUH6253T,0,0,0,0
12144430944,Blondell,Troctor,1971-09-13,btroctor5t@deliciousdays.com,1515524850,Female,$6919.14,NOGXZ3732B,1,0,0,0
12185924738,Jeffy,Shilleto,1989-11-07,jshilleto5u@123-reg.co.uk,2273833804,Male,$8768.02,ERLLC7114Q,0,1,0,0
12160652814,Albrecht,Clowton,1976-02-05,aclowton5v@marriott.com,7975070093,Male,$10112.19,SPNRY8345P,0,1,0,0
12103980795,Art,Rayson,1988-05-24,arayson5w@amazon.co.uk,5569379502,Male,$6784.16,TGGFI8317G,0,0,0,1
12148439288,Kenny,Mercey,1982-05-04,kmercey5x@va.gov,2571027219,Male,$10001.65,UXEWA9142F,1,1,0,0
12178128468,Steve,Bantock,1974-03-08,sbantock5y@amazon.co.uk,4838500668,Genderfluid,$8530.56,JRQZR4774K,0,0,0,0
12164799017,West,Gauvain,1994-04-06,wgauvain5z@digg.com,6487700414,Male,$4069.39,APUCV5252L,0,0,0,0
12160602227,Diandra,Calbrathe,1977-02-19,dcalbrathe60@zimbio.com,7947430273,Female,$6839.50,RRHGF8504K,0,0,0,0
12139911429,Wilbur,Thorp,1960-08-18,wthorp61@quantcast.com,1225948431,Male,$10474.08,ODBLP6187C,0,0,0,0
12100527282,Gardner,Hebbes,1976-05-25,ghebbes62@mozilla.com,8127942014,Male,$3177.00,OTYDI7935N,0,0,0,0
12138375396,Marilin,Braikenridge,1970-09-15,mbraikenridge63@ibm.com,4381462746,Female,$9075.72,PHUIY5439S,0,0,0,0
12112177126,Anstice,Lovick,1997-04-02,alovick64@microsoft.com,6971889493,Bigender,$8410.26,HUILF1670U,0,0,0,0
12114100025,Jae,Hellikes,1962-06-21,jhellikes65@xrea.com,3809108668,Male,$8857.01,SUJLG6917J,0,0,0,0
12146438193,Wylie,Atteridge,1966-11-30,watteridge66@yellowbook.com,9956518686,Bigender,$5356.90,FNTGV2778U,0,0,0,0
12149581317,Emili,Demangel,1960-02-04,edemangel67@psu.edu,9148872770,Female,$5197.84,DKQVY2573Q,0,0,0,0
12163670436,Orazio,Poynton,1973-07-31,opoynton68@soup.io,1568057417,Agender,$7752.16,SAZMV0256F,0,0,0,0
12192261066,Abraham,Southey,1999-02-28,asouthey69@wikimedia.org,4963011454,Male,$6107.74,MJGJU7379E,0,0,0,0
12184870504,Hallsy,Olivas,1976-10-10,holivas6a@dion.ne.jp,3666948846,Male,$3618.09,SHYTS9613B,1,0,0,1
12190745895,Lucie,Vasyukhnov,1968-11-12,lvasyukhnov6b@noaa.gov,3498189004,Female,$3679.31,XEHUM8186B,0,0,0,0
12103084716,Giselbert,Littledike,1987-03-05,glittledike6c@myspace.com,8314931691,Male,$7418.26,UXITU2467M,0,0,0,0
12166325376,Aland,Hobson,1971-09-12,ahobson6d@netvibes.com,7573182244,Male,$8621.32,IYBBZ9842W,0,0,0,0
12163268857,Faun,Zohrer,1981-10-29,fzohrer6e@shinystat.com,5073846710,Female,$8146.79,ATJZS2712U,0,0,0,0
12107045845,Brennan,Perell,1993-01-14,bperell6f@cisco.com,6458944610,Agender,$8608.73,CKSOR5466T,1,0,0,0
12140334055,Guntar,Learman,1966-05-19,glearman6g@washingtonpost.com,1997278183,Male,$3160.09,KTZHU5200P,0,0,0,0
12190104922,Wilone,Adlington,1964-01-14,wadlington6h@woothemes.com,7797070708,Female,$6084.58,DVTWH8819T,0,1,0,0
12144258120,Florinda,Fossey,1981-06-16,ffossey6i@theglobeandmail.com,5044169218,Female,$10262.16,DXUWY1856F,1,0,0,0
12118761302,Robinet,Samwell,1966-05-09,rsamwell6j@ovh.net,1812357951,Female,$6043.32,MBCLY6437D,0,0,0,0
12153280280,Kristi,Chiverstone,1982-06-19,kchiverstone6k@nasa.gov,2908386215,Female,$6615.05,ANWRL8382M,0,0,0,0
12125982195,Adah,Anstiss,1969-07-05,aanstiss6l@wiley.com,1501367076,Female,$4247.74,LUIIH8487H,0,0,0,0
12177081329,Jodi,Gilardone,1993-04-06,jgilardone6m@usda.gov,8442921758,Male,$4478.68,IRFZG6081J,0,0,0,0
12173560512,Myles,Maciejewski,1988-07-04,mmaciejewski6n@omniture.com,9685905291,Male,$10105.36,TTGIZ9400D,0,0,0,0
12150360943,Anet,Dargie,1962-06-04,adargie6o@msn.com,6138647345,Female,$9840.92,LILQZ7905O,0,0,0,1
12166960510,Cirstoforo,Di Gregorio,1961-04-24,cdigregorio6p@yale.edu,4645572012,Male,$3272.77,JWHBX8381U,0,0,0,1
12197704668,Bryanty,Fraanchyonok,1963-09-17,bfraanchyonok6q@adobe.com,6811481662,Male,$5586.49,ICLGM0592H,0,0,0,0
12150741620,Thea,Bonefant,1972-02-18,tbonefant6r@photobucket.com,3358769958,Female,$5546.38,TFGWA9776T,0,0,0,0
12153399785,Debor,Fothergill,1962-07-08,dfothergill6s@bizjournals.com,8233298906,Female,$5983.44,JSSIP3827N,0,0,0,0
12100475709,Abbott,Sandy,1965-06-25,asandy6t@meetup.com,2927920403,Male,$8970.96,XJQOR6984N,0,0,0,0
12183003281,Avram,Vasser,1976-01-03,avasser6u@google.nl,9362578972,Male,$3010.83,DRAZI8771W,1,0,0,0
12148424996,Fina,Norkett,1983-10-07,fnorkett6v@slate.com,6151000459,Genderfluid,$9790.95,QXALY5098K,0,0,0,0
12191833214,Sallyanne,Manifold,1992-01-02,smanifold6w@google.it,2645061902,Female,$8991.10,TPSVX6813M,0,1,0,0
12102812716,Cherie,Reavell,1971-12-27,creavell6x@gravatar.com,2798280442,Polygender,$10264.97,YMSJF0588M,0,0,0,0
12134150309,Etta,Carling,1996-03-18,ecarling6y@hatena.ne.jp,8186781951,Female,$9921.73,EIUEJ3411U,1,0,0,0
12151509132,Kerrin,Benzies,1998-08-21,kbenzies6z@nbcnews.com,2732768818,Agender,$2822.89,CKRGP5249K,0,0,0,0
12144055917,Camilla,Belding,1993-05-02,cbelding70@xrea.com,6063613798,Female,$10383.11,GZZYB5750J,0,0,0,0
12186788767,Dick,Tyer,1990-06-29,dtyer71@google.ru,9104844877,Male,$6219.26,YHWFH8400P,1,0,0,0
12174756366,Noah,Lackie,1985-06-28,nlackie72@miibeian.gov.cn,9641075657,Male,$4273.90,EUKMZ4349J,0,0,0,0
12198351742,Fowler,Beat,1997-03-16,fbeat73@usgs.gov,3491344282,Male,$4425.23,EYEWQ9431G,0,0,0,0
12170392225,Cheston,Enefer,1979-03-07,cenefer74@un.org,2177576280,Bigender,$10243.04,TZWOG4557U,0,0,0,0
12136000797,Aurea,Gosnoll,1984-09-29,agosnoll75@reverbnation.com,3522478150,Female,$3468.68,NCVLQ0744A,0,0,0,0
12139198020,Susy,Mattingson,1996-06-05,smattingson76@tmall.com,5719786161,Female,$9401.28,WJVZH5861H,0,0,0,0
12127882258,Martguerita,Gogarty,1973-04-29,mgogarty77@wikispaces.com,4648346824,Female,$5908.68,IBTGM4634Z,1,0,0,0
12152310500,Drucie,Hause,1968-05-06,dhause78@vistaprint.com,4144068405,Polygender,$10425.28,AVDLV5678B,1,0,0,0
12120850430,Irma,Niland,1979-03-12,iniland79@wikispaces.com,1619490375,Non-binary,$9534.17,MFPMP8127E,1,0,0,1
12192382935,Freemon,Dinsey,1979-09-17,fdinsey7a@amazonaws.com,1854908313,Bigender,$6712.84,VKTCB8066R,0,0,0,0
12160569577,Benedetto,Havock,1991-08-04,bhavock7b@weebly.com,2319834270,Male,$5736.23,LWDGY1965U,0,0,0,0
12140200081,Tom,Merton,1991-09-26,tmerton7c@unc.edu,8178708496,Male,$10243.01,OHKYD3928Y,0,1,0,0
12152275503,Mae,Illsley,1992-05-21,millsley7d@slideshare.net,7072658550,Female,$4399.61,SOMFO3929F,0,0,0,0
12134848542,Thoma,Garfoot,1964-05-29,tgarfoot7e@sbwire.com,3743707654,Male,$6539.43,MIBCL5041Q,0,0,0,0
12102761570,Sayre,MacNaughton,1972-09-30,smacnaughton7f@tripod.com,5396113271,Female,$6235.88,EAFCT1501U,0,0,0,0
12100429535,Fraze,Loveless,1999-09-11,floveless7g@typepad.com,1866111200,Male,$6040.56,GZPZB1642N,1,0,0,0
12142875418,Bard,Laffan,1970-01-31,blaffan7h@comcast.net,5232569654,Male,$9427.15,LIEJN9286C,0,0,0,0
12133715083,Loy,Floodgate,1991-01-21,lfloodgate7i@4shared.com,6469165578,Male,$9134.66,JGCPC0888R,0,0,0,0
12197647907,Winston,Polding,1982-08-09,wpolding7j@vinaora.com,5709240455,Male,$6485.69,IFEPG5324E,0,0,0,0
12104393650,Tymothy,Petracco,1983-01-21,tpetracco7k@fc2.com,6297447830,Male,$2891.42,XSWRV1066K,0,0,0,0
12189065145,Danit,Montier,1976-01-18,dmontier7l@paginegialle.it,5354635371,Female,$4639.24,NHALD4942E,0,0,0,0
12154807372,Beauregard,Anneslie,1997-07-04,banneslie7m@youtu.be,1991963477,Male,$4712.88,FFXKR5257J,0,0,0,0
12146645745,Chrissie,Ashbolt,1997-08-10,cashbolt7n@dion.ne.jp,9518443844,Male,$2885.24,HYRRO9975M,0,0,0,0
12150748315,Denise,John,1964-05-25,djohn7o@dmoz.org,9865582315,Female,$9516.70,XDHYO5786B,0,0,0,0
12134495877,Emlyn,Gadie,1979-05-02,egadie7p@samsung.com,5008767347,Female,$3367.13,ZMNJI5985O,0,0,0,0
12183699432,Gordy,Hunnicot,1985-10-11,ghunnicot7q@earthlink.net,2268442135,Male,$6158.28,MHTLT2758T,0,0,0,0
12154858412,Israel,Geockle,1978-05-01,igeockle7r@sina.com.cn,8174575580,Male,$7026.89,YYRRN3931Z,1,1,0,0
12126021315,Melonie,Harlow,1975-08-06,mharlow7s@patch.com,5249718496,Female,$7955.88,ANDAD5262Z,1,0,1,0
12156831459,Corette,Casford,1999-05-23,ccasford7t@intel.com,4117158109,Female,$9194.43,XBAQW0592Y,0,0,0,0
12130263935,Berk,Scholard,1986-02-04,bscholard7u@pbs.org,2341581411,Male,$4501.04,HWOZW7702X,0,0,0,0
12195778647,Danella,Kender,1984-03-19,dkender7v@berkeley.edu,7257847213,Female,$8545.16,KGBQP2753H,0,0,0,0
12109531620,Ole,Brahmer,1972-12-26,obrahmer7w@sitemeter.com,8316623343,Agender,$3839.08,HHBYP3793D,0,0,0,0
12128542071,Wally,Liebermann,1966-04-30,wliebermann7x@baidu.com,2421504305,Female,$2929.10,EFVHP4055O,1,0,0,0
12194939537,Selia,Itzkovici,1990-02-09,sitzkovici7y@bandcamp.com,6564729611,Female,$6010.47,HBXBB1684D,0,0,0,0
12105702166,Juliane,Birchill,1971-11-03,jbirchill7z@instagram.com,4604240268,Female,$3806.67,HRJMF6947Z,0,0,0,0
12160239463,Orland,Ely,1972-05-12,oely80@utexas.edu,1482361273,Genderqueer,$2992.24,DYTND1849O,1,0,0,0
12119620674,Murdoch,Figge,1978-06-12,mfigge81@g.co,5044636727,Male,$7878.50,MZQWD7977J,0,0,0,0
12117597829,Fernandina,Mussilli,1988-03-14,fmussilli82@elpais.com,6629996650,Female,$5254.88,AYKKR2660P,0,0,0,0
12167985027,Filmer,Siberry,1967-09-25,fsiberry83@nsw.gov.au,4028342026,Male,$2640.05,DHDNT7089Q,0,0,0,0
12100630772,Isobel,Bubeer,2000-09-15,ibubeer84@163.com,2645076200,Female,$9469.60,WPFXG9995A,0,0,0,1
12148105319,Maureene,Risley,1962-09-20,mrisley85@gov.uk,9391280180,Female,$6165.71,CYWZE8387P,0,0,0,0
12113470579,Celia,Stubbe,2000-06-03,cstubbe86@wunderground.com,2789622672,Female,$6581.38,PTDBF5527K,1,0,0,0
12166288959,Maxie,Champley,1983-05-28,mchampley87@arizona.edu,3482552229,Genderfluid,$4394.54,LICMG2792D,0,0,0,0
12150664952,Reidar,Sabbin,1967-01-27,rsabbin88@nationalgeographic.com,9506998880,Male,$7466.46,NADNR5287Z,0,0,0,0
12186835912,Merla,French,1976-09-24,mfrench89@github.com,4804250299,Agender,$3929.30,QFIRI8597C,0,0,0,0
12172380861,Dionis,Lias,1999-03-09,dlias8a@wix.com,3665213651,Female,$6083.31,XOOJZ3184X,0,0,0,0
12117959320,Dick,Reis,1990-05-07,dreis8b@mlb.com,2722981480,Male,$10211.45,FYSVM4040P,0,0,0,0
12111706543,Leora,Gasgarth,1977-04-23,lgasgarth8c@eepurl.com,2813752287,Female,$5357.64,DCKTV4202U,0,0,0,0
12144392233,Alvie,Welberry,1973-01-03,awelberry8d@is.gd,9956367672,Male,$7224.40,ILOND5076W,0,0,0,0
12110142361,Sancho,Arnholz,1961-03-15,sarnholz8e@nih.gov,8442294586,Male,$4130.70,GZFYY9636C,0,0,1,0
12102151987,Kevina,Dare,1984-04-17,kdare8f@ibm.com,6268147082,Female,$10420.85,YAACB9445H,0,0,0,0
12162156831,Margret,Lehmann,1999-06-04,mlehmann8g@google.nl,9014848783,Female,$4784.29,GXBPB0700S,0,0,0,0
12185288314,Isidoro,Robroe,1983-08-09,irobroe8h@joomla.org,3508561819,Male,$2840.00,MWLCX3707A,0,0,0,0
12129162517,Theobald,Gosby,1995-09-12,tgosby8i@cyberchimps.com,5219100969,Male,$6271.63,GHGPV7096O,0,0,0,0
12189628418,Vivia,Roskruge,1994-11-12,vroskruge8j@ihg.com,7217840739,Female,$6343.90,WWFIT6671Y,0,0,0,0
12127601802,Erma,Lasty,1999-08-19,elasty8k@weather.com,2769919212,Female,$7808.59,GRTIH9944R,0,0,0,0
12154195163,Harmony,Berndtssen,1960-11-08,hberndtssen8l@nationalgeographic.com,8572575180,Female,$6474.52,ZFVWJ4844O,1,0,0,0
12116771053,Puff,Hetterich,1961-07-28,phetterich8m@aol.com,4817803137,Male,$9930.25,ACSVH8488Y,0,0,0,0
12187710608,Urson,Feeney,1995-01-28,ufeeney8n@prweb.com,5542508315,Male,$5994.86,VXUBB4274F,0,0,0,0
12191503415,Oby,Corneck,1993-07-10,ocorneck8o@blinklist.com,4854289753,Male,$2954.75,KXXPV3405S,0,0,1,0
12154608965,Sela,Benson,1973-02-19,sbenson8p@pcworld.com,7091963230,Female,$8566.46,LIHEI2757Y,0,0,0,0
12187543683,Wylma,MacCracken,1979-06-30,wmaccracken8q@furl.net,5836334084,Agender,$6988.68,LOENJ8428V,0,0,0,0
12154676733,Kally,Yerrall,1984-08-22,kyerrall8r@free.fr,7102771147,Genderqueer,$5391.61,XIJJH0778G,0,0,0,0
12146376220,Ban,Ounsworth,1963-07-28,bounsworth8s@wikispaces.com,3338091845,Male,$9329.02,QBICE5821F,1,0,0,0
12155361750,Giselle,Stairmond,1995-08-23,gstairmond8t@weibo.com,3291769246,Genderfluid,$3724.71,FHIOD3344T,0,0,0,0
12142684391,Luigi,Giacaponi,1995-09-06,lgiacaponi8u@howstuffworks.com,1164259468,Male,$6911.12,BRDFW7000K,0,0,0,0
12168724002,Si,Knoble,1976-11-02,sknoble8v@businesswire.com,8544154852,Non-binary,$8240.16,SBTST7123U,0,0,0,0
12137832350,Binky,Barts,1988-01-28,bbarts8w@cargocollective.com,7185412080,Male,$9589.47,PAJDI4787S,0,0,0,0
12160893921,Petra,Sprankling,1995-04-23,psprankling8x@aboutads.info,6593780162,Female,$3186.94,LAOMK3987R,0,0,0,0
12121355652,Lennard,Voaden,1993-06-05,lvoaden8y@netvibes.com,3126187194,Male,$10148.01,FAEIC0712Q,0,0,0,1
12184650983,Feliks,Pulbrook,1982-03-13,fpulbrook8z@yahoo.com,5007651886,Genderqueer,$10392.22,HMVFG6862E,0,0,0,0
12100663407,Pryce,Huffer,1970-02-22,phuffer90@joomla.org,2121142710,Male,$10323.45,MVJWX7613X,0,0,1,0
12149184867,Glynis,Tithecott,1969-08-12,gtithecott91@dropbox.com,7439283862,Female,$10156.09,NARHO7678K,0,0,0,0
12153742391,Noemi,Cumine,1991-07-09,ncumine92@springer.com,1434706303,Female,$6969.11,NYAVT5163B,0,0,0,0
12148127975,Jedediah,Stork,1967-12-09,jstork93@stanford.edu,2585915240,Male,$9864.59,LMBNF2841R,0,1,1,0
12171558827,Damara,Daens,1978-03-19,ddaens94@prnewswire.com,9233355485,Female,$3957.82,DLKFF6008V,0,0,0,0
12156580046,Gweneth,MacMarcuis,1992-07-26,gmacmarcuis95@google.it,4582230310,Female,$6308.78,WMGKB6053Z,0,1,0,0
12114013481,Aldus,Dewicke,1991-10-17,adewicke96@jiathis.com,5387156001,Male,$2617.16,WUTSD1714Z,0,0,0,0
12199713407,Patin,Laity,1984-07-27,plaity97@csmonitor.com,4815684020,Male,$9446.36,CRYXW3551C,1,0,0,0
12138757385,Cristobal,Blackney,1983-06-17,cblackney98@1688.com,7663784929,Male,$10360.64,CGDMT0077F,1,0,0,0
12183560574,May,Halms,1977-06-22,mhalms99@google.es,3937281090,Female,$4901.70,TBKQS5567N,0,0,0,0
12177729568,Ginger,Towhey,1994-09-03,gtowhey9a@163.com,7269371760,Male,$9400.23,WEYFG9815X,1,0,0,0
12155595443,Charlene,Arnecke,1987-10-15,carnecke9b@t-online.de,2724458223,Female,$7542.79,KLIZQ1913X,0,0,0,0
12132708376,Cate,Ewins,1962-07-30,cewins9c@wikipedia.org,2836333717,Female,$5837.98,LBBKP8354I,0,0,0,0
12106377353,Lauraine,Lissandrini,1985-09-14,llissandrini9d@nifty.com,1647683042,Female,$10433.87,NUGUC8540M,1,0,0,0
12156164352,Tye,Sloan,1990-07-02,tsloan9e@nbcnews.com,9819709770,Male,$3677.38,OLEEH2324W,0,0,0,0
12193614624,Chet,Greenstock,2000-07-29,cgreenstock9f@google.ru,1267083871,Male,$4280.82,XQEXD8445O,0,0,0,0
12175486637,Margalit,Stutt,1972-01-02,mstutt9g@storify.com,3101996650,Female,$4676.25,EFXAI1718N,0,0,0,0
12156398796,Madlen,Claremont,1979-07-27,mclaremont9h@etsy.com,9137447104,Female,$7531.99,UZWOQ9221I,0,0,0,0
12187742613,Byrom,Pugh,1971-03-29,bpugh9i@chronoengine.com,7377638862,Male,$4292.50,RPIRU4987K,0,0,0,0
12180459309,Kelcey,Fayer,1965-10-25,kfayer9j@jigsy.com,4685298559,Female,$9934.93,VQQCX7233L,0,0,0,0
12107842345,Rodie,Hidderley,1988-09-11,rhidderley9k@wired.com,7781381312,Female,$6853.90,BNNSQ7038O,0,0,0,0
12110414913,Gibb,Matthisson,1976-04-18,gmatthisson9l@themeforest.net,5445483435,Male,$3211.83,QTWNQ5382G,0,0,0,0
12174399182,Alexandr,Harwell,1986-05-11,aharwell9m@cocolog-nifty.com,3046250490,Male,$8782.59,XSFIQ4815Z,0,0,1,1
12114671134,Winfield,Ramel,1966-02-27,wramel9n@ucoz.com,9866670818,Male,$3437.10,BCYDB1072P,0,0,0,0
12112257226,Mel,Willacot,1965-10-23,mwillacot9o@hhs.gov,6099040229,Female,$9172.74,QYGDH0564L,0,0,0,0
12181601249,Ely,Seabourne,1966-01-21,eseabourne9p@eepurl.com,4554570235,Male,$3828.17,ZNQQC0884O,0,1,0,0
12140631790,Orella,Core,1978-05-09,ocore9q@dagondesign.com,1048202466,Female,$8745.37,ANZJT7463Y,0,0,0,0
12168868228,Ambrosi,Woolway,1974-06-02,awoolway9r@goo.gl,5728860913,Bigender,$8553.06,JTHAW4730B,0,0,0,1
12173698621,Daffie,Govier,1968-12-21,dgovier9s@craigslist.org,7797343896,Female,$8397.73,YCVOP2106I,1,0,0,0
12149812371,Kenny,Lanigan,1977-03-18,klanigan9t@so-net.ne.jp,8804088932,Male,$2946.81,NYGHY6040I,0,0,0,0
12152216528,Jaine,Jagson,1962-08-06,jjagson9u@digg.com,4088433290,Female,$7649.09,ODPTZ7591E,1,0,0,0
12135683723,Marcie,Kilduff,1963-06-30,mkilduff9v@sina.com.cn,7086161557,Female,$6286.28,DJPSP8145P,0,0,1,0
12173193531,Claribel,Holworth,1974-08-04,cholworth9w@usa.gov,1956237395,Female,$9739.73,TGGJQ6809G,0,0,0,0
12175873738,Marika,Challes,1991-12-15,mchalles9x@wikia.com,4119142451,Female,$7855.75,WRTJZ2493W,0,0,0,0
12199568707,Papageno,Sabates,1985-04-09,psabates9y@amazon.co.uk,8382323467,Agender,$6928.99,KZBYP2841K,0,0,0,0
12167206449,Cornell,Kilvington,1982-03-16,ckilvington9z@jimdo.com,7966683166,Male,$3397.47,YMWKE3082O,0,0,0,0
12179809333,Eryn,Colwell,1974-12-28,ecolwella0@hubpages.com,8907130592,Female,$4903.27,AZNQJ2153D,0,0,0,0
12113915568,Dannie,Father,1978-06-19,dfathera1@geocities.jp,1065500177,Male,$5815.68,PLCDG3965M,1,0,0,0
12197516568,Tybi,Banbrigge,1995-12-02,tbanbriggea2@ucsd.edu,7053321147,Female,$8109.26,ZMSKH4594T,0,0,0,0
12148089970,Fernando,Troillet,1975-06-26,ftroilleta3@4shared.com,1345609085,Non-binary,$8832.51,HSIPS5314M,0,0,1,0
12192435203,Jorry,Rigeby,1998-09-20,jrigebya4@upenn.edu,4083155420,Female,$9429.38,QRIMI9921K,0,0,0,0
12160897802,Hedy,Cathel,1977-05-25,hcathela5@dion.ne.jp,7188360259,Polygender,$9899.05,IHHEK9442R,0,0,0,0
12150070497,Barbra,Bark,1997-02-19,bbarka6@themeforest.net,5567859436,Female,$10132.23,ZJKMY0070L,0,0,0,1
12179624248,Coop,Aykroyd,1987-04-12,caykroyda7@studiopress.com,5751263953,Male,$5069.73,MZDSJ4055M,0,0,0,0
12194141828,Darsey,Broader,1996-11-21,dbroadera8@ibm.com,5099453181,Female,$2516.70,PXUFB5477G,0,0,0,0
12197424989,Darnell,Lundbeck,1994-07-05,dlundbecka9@ihg.com,5472467053,Male,$9751.74,LRDQU9266G,0,0,0,0
12100253600,Bendite,Rosendahl,1977-09-05,brosendahlaa@friendfeed.com,1786714780,Female,$9002.77,PYUKD4889T,0,0,0,0
12151269478,Melody,Wigfield,1999-11-05,mwigfieldab@pinterest.com,5827881287,Female,$5996.77,MGXIT4814S,0,0,0,0
12142996448,Marty,Yosevitz,1970-03-31,myosevitzac@google.de,7599925251,Female,$9174.31,JGKXR9205Z,0,0,0,0
12125946479,Sheffie,Wadham,1972-12-02,swadhamad@springer.com,2212567670,Polygender,$9549.11,FYIGE8391P,0,0,0,1
12143431943,Minor,Ludlamme,1984-12-21,mludlammeae@instagram.com,6434009936,Genderfluid,$9569.24,CIZEG1978K,0,0,0,0
12146711753,Dulcinea,Bellie,1984-09-05,dbellieaf@google.ca,9715305810,Female,$7224.45,PUNXM1881G,0,0,0,0
12163840974,Burl,Davidovics,1984-04-02,bdavidovicsag@ebay.co.uk,7325799738,Male,$10261.48,CLFBF9056W,0,0,0,1
12165340959,Dennie,Caldera,1971-01-30,dcalderaah@spiegel.de,3459339987,Male,$5467.38,QLMLU3773A,1,0,0,1
12159940437,Bobby,McNea,1961-07-14,bmcneaai@prnewswire.com,8936220213,Female,$3732.26,URSOS4458S,0,0,0,0
12188846265,Lucius,Doles,1961-10-22,ldolesaj@npr.org,4197558266,Male,$6331.26,TDZYQ6266Y,0,0,0,1
12130064593,Freeman,Potteridge,1996-10-20,fpotteridgeak@mysql.com,5461438824,Male,$2679.24,BGOFS1355U,1,0,0,1
12170265449,Abner,Sturgeon,1969-10-10,asturgeonal@unesco.org,8417810683,Male,$6512.30,NJYHQ9145B,0,1,0,0
12115343640,Ingelbert,Czaple,1988-01-07,iczapleam@harvard.edu,4888422421,Male,$6154.68,AEJVC6802J,0,1,0,0
12181365316,Patty,Duly,1977-09-27,pdulyan@cdc.gov,9485847502,Male,$4367.43,FNBUF5159R,0,0,0,0
12193802996,Rockey,Joselin,1968-04-20,rjoselinao@berkeley.edu,3723281352,Male,$2909.95,LZBUC4724X,0,0,0,0
12104118732,Di,Dziwisz,1987-07-14,ddziwiszap@webnode.com,9945815759,Female,$3244.48,ICLGB9454C,0,0,0,0
12170954833,Allie,Kingzet,1975-03-24,akingzetaq@dyndns.org,9326474879,Male,$3170.27,WPVWU1688A,0,0,0,0
12163709102,Ase,Theml,1965-04-29,athemlar@people.com.cn,7733678897,Non-binary,$4344.35,SYRCZ9867D,0,0,0,0
12163725453,Adelheid,Sammut,1985-07-11,asammutas@sina.com.cn,4155500941,Female,$5301.08,RIYXJ4686S,0,0,0,0
12118116605,Elise,Fitton,1999-10-31,efittonat@hexun.com,2985929463,Female,$4166.16,CMRIH3543X,0,0,0,0
12128126970,Salvidor,Bohlje,1991-12-22,sbohljeau@histats.com,2007551173,Male,$10203.46,YRDOC1069J,0,0,0,1
12108945222,Skell,Skitt,1988-10-10,sskittav@google.de,4072602746,Male,$3624.77,RUFXL4451Q,0,0,0,0
12103835313,Nettle,Dossetter,1991-04-26,ndossetteraw@goo.ne.jp,1459151637,Polygender,$3391.16,ADWEM4478E,0,0,1,0
12193383675,Harmony,McGlade,1966-08-17,hmcgladeax@bloglovin.com,8402295579,Female,$7365.81,SERQQ9235Z,0,0,0,0
12103047665,Estel,Grahamslaw,1966-07-16,egrahamslaway@imageshack.us,1413253997,Female,$8496.33,FDKJP8829O,0,1,0,0
12151665962,Mikaela,Domel,2000-01-30,mdomelaz@businessweek.com,8489065873,Female,$8202.07,FAKJX6607U,1,0,0,0
12175019349,Haven,Luscombe,1983-11-01,hluscombeb0@businesswire.com,4118622540,Male,$3526.57,YIEDX6077T,0,0,0,1
12169807616,Fran,Barlee,1975-04-15,fbarleeb1@nbcnews.com,8676880479,Male,$8379.51,EHOAG4382N,0,0,0,0
12174139254,Laverne,Freen,1968-04-24,lfreenb2@foxnews.com,5511507794,Female,$9960.95,DFMJU9321I,1,1,0,0
12118324874,Benny,Duly,1975-02-10,bdulyb3@baidu.com,7484972299,Male,$7354.77,VIUQB5729P,0,0,0,0
12111876922,Kaylee,Mowatt,1972-11-17,kmowattb4@51.la,1057260801,Female,$9078.80,EIYSM6463K,1,0,0,0
12169038921,Terra,Edwins,1991-07-25,tedwinsb5@amazon.co.uk,5765327508,Female,$6247.05,YXCQK8916D,0,1,0,0
12195008492,Alanson,Mallock,1965-02-11,amallockb6@fastcompany.com,7958692850,Male,$6051.16,KRPTO6159U,0,1,1,0
12139022552,Dimitry,De Luna,2000-02-15,ddelunab7@technorati.com,3988696754,Bigender,$6812.52,PUJDM2210D,0,0,0,0
12139446574,Rory,Rhead,1968-12-23,rrheadb8@parallels.com,4689730564,Male,$6151.64,EPGWI5571U,0,0,0,0
12197224691,Rab,Ortner,1985-04-06,rortnerb9@google.com.br,5449728643,Male,$10189.59,VVSCE8696K,0,0,0,0
12107142593,Rodd,Marjoribanks,1997-02-05,rmarjoribanksba@wsj.com,3388909343,Male,$2845.32,DOMNV3738W,0,0,0,0
12165173884,Khalil,Phipson,1971-10-16,kphipsonbb@squarespace.com,6796200112,Male,$9965.88,UJWYN6431U,0,0,0,0
12189130320,Kyle,Connue,1977-09-07,kconnuebc@com.com,5491446489,Female,$9403.82,YVTFN0030H,0,0,0,0
12122951305,Claudell,Swinbourne,1982-06-04,cswinbournebd@barnesandnoble.com,4766842510,Male,$10140.31,SEBMX8784Y,0,0,0,0
12138014455,Hortense,Birtchnell,1988-02-20,hbirtchnellbe@smugmug.com,3942501723,Female,$8315.78,REWRZ0203Y,1,0,0,0
12165160452,Welsh,Blackburne,1990-07-05,wblackburnebf@sfgate.com,5569644531,Male,$7124.89,MAMVH3504I,0,1,0,0
12136767770,Murdoch,Ahmed,1983-03-29,mahmedbg@harvard.edu,5626650310,Male,$9729.52,SBUNN3079E,0,0,0,0
12139008218,Katinka,Burrett,1988-08-03,kburrettbh@geocities.jp,5363475640,Female,$4958.70,VCPEA6865C,0,0,1,0
12146158964,Carrissa,Iannitti,1997-09-27,ciannittibi@xinhuanet.com,1537384985,Female,$6438.97,BAZSJ2726D,0,0,0,0
12118564487,Aldis,Crevy,1969-07-12,acrevybj@cnbc.com,3681028584,Agender,$10370.94,RSJRT5013Q,0,0,1,0
12113738643,Anny,Joe,1985-12-02,ajoebk@accuweather.com,9987631454,Genderqueer,$6495.62,UAFIR5399J,0,0,1,0
12134641666,Ransom,Sends,1999-01-25,rsendsbl@go.com,8324379213,Male,$9153.85,DAEEF1637E,0,0,0,0
12131064707,Osgood,Fratson,1987-05-30,ofratsonbm@simplemachines.org,7673818417,Male,$2637.76,PBXFK1347R,0,0,0,0
12169879633,Melloney,Norvell,1969-04-10,mnorvellbn@blogger.com,3655771498,Female,$4498.21,IPWPJ3762T,0,0,0,0
12143910933,Kelci,Mc Gaughey,1990-03-12,kmcgaugheybo@eventbrite.com,8351401820,Female,$4249.92,EKJTG9461N,0,0,0,0
12124868719,Dottie,Normanville,1965-06-25,dnormanvillebp@java.com,6905125254,Female,$4243.09,YTYUS3339W,0,0,0,1
12138796309,Shelton,Grantham,1970-01-26,sgranthambq@redcross.org,2435022802,Male,$5779.56,AYFDZ6275J,0,0,0,0
12133360453,Shelagh,Ledley,1995-10-17,sledleybr@dell.com,2799238309,Female,$6939.62,KQZHZ3184S,0,0,0,0
12138571949,Geneva,Tessier,1979-01-25,gtessierbs@ebay.co.uk,4297595206,Female,$10443.96,EGODN8316O,0,0,0,0
12169834038,Prissie,McCullum,1991-10-21,pmccullumbt@ox.ac.uk,4241324109,Female,$10131.53,MHQAS1372O,0,0,0,0
12113591496,Irene,Willman,1981-03-20,iwillmanbu@edublogs.org,6542738667,Female,$6806.51,LQGPR0769L,1,0,0,0
12167421164,Khalil,Stilgo,1999-03-11,kstilgobv@youtu.be,2625578271,Male,$2675.07,MUXRD2892W,0,0,0,0
12159579164,Ebenezer,Burchett,1966-03-20,eburchettbw@taobao.com,9546194967,Male,$5852.54,UBZAR0424E,0,0,0,0
12160617503,Benetta,Lowmass,1988-01-16,blowmassbx@ucla.edu,2866460872,Female,$6811.37,ONRLK4143Y,0,0,0,0
12152437678,Lorie,Downgate,2000-05-18,ldowngateby@purevolume.com,6586628717,Female,$6620.09,JLSUT1292R,0,0,0,0
12135876257,Nona,Nortcliffe,1993-11-19,nnortcliffebz@si.edu,5528180573,Female,$6884.88,NTYMP5659J,0,0,0,0
12108763657,Alwyn,Alldridge,1963-11-16,aalldridgec0@yelp.com,6234882210,Male,$7705.45,PBIUR8994Z,0,0,0,0
12181624872,Gabriela,Theakston,1997-10-29,gtheakstonc1@topsy.com,8059717971,Genderqueer,$10024.82,GDRFZ8650Y,1,0,0,0
12127266813,Elnora,Merlin,1989-04-15,emerlinc2@cbslocal.com,5596107399,Female,$3308.48,RBIKM0337O,0,0,0,1
12133348878,Aigneis,Sabatier,1987-10-25,asabatierc3@addtoany.com,5617714430,Female,$6179.24,QPPLY8639Q,0,0,0,0
12199490015,Adelind,Murrell,1999-09-12,amurrellc4@last.fm,3518083985,Female,$6720.49,FPRBX7612Q,1,0,0,0
12123276841,Hattie,Frugier,1987-11-26,hfrugierc5@parallels.com,1293951050,Female,$9045.40,TAFWZ7052Q,0,0,0,0
12147420912,Lilllie,Klimpt,1966-05-13,lklimptc6@yahoo.com,7656418278,Female,$3283.46,DJOVK9783V,0,0,0,0
12131611496,Melly,Raphael,1983-10-26,mraphaelc7@edublogs.org,1862389253,Female,$10293.62,GKJNS8417K,0,0,0,1
12143392801,Roshelle,Iskower,1994-07-01,riskowerc8@scientificamerican.com,2358636552,Female,$4040.84,ZJJUA4992J,0,0,0,0
12194103609,Jorrie,Najafian,1977-12-03,jnajafianc9@vinaora.com,7847585296,Female,$8595.30,ACWYO5105G,1,0,0,0
12149483083,Chryste,Achromov,1971-06-07,cachromovca@cocolog-nifty.com,8802208003,Female,$4442.77,TTHVZ7198M,0,0,0,0
12131818571,Dreddy,Trask,1969-03-12,dtraskcb@tumblr.com,6172737655,Female,$5249.79,CCBUL4233Z,1,1,0,1
12116094361,Karia,Akid,1993-07-29,kakidcc@altervista.org,7172901024,Female,$8800.64,EVDGG5405B,0,1,0,0
12189509222,Langsdon,Robottham,1976-05-24,lrobotthamcd@mozilla.org,5385306944,Male,$5812.91,UEXSV9284T,0,0,0,0
12194716527,Alis,Rapport,1970-07-19,arapportce@hubpages.com,4577361788,Female,$3153.22,KFOTV0330B,1,0,0,0
12112417776,Jinny,Balaizot,1980-06-05,jbalaizotcf@usda.gov,4049572960,Female,$5298.17,FNYEA2615X,0,0,0,1
12105689690,Ketty,Morgans,1977-11-19,kmorganscg@ft.com,6507151330,Bigender,$8770.27,RDZGR6044O,0,0,0,0
12143300017,Vasilis,O'Bruen,1970-05-06,vobruench@uiuc.edu,3404282891,Male,$8626.98,OQPOH6007K,0,0,0,0
12119012454,Joye,Coop,1975-07-12,jcoopci@sciencedaily.com,3395136799,Polygender,$3115.34,DTXUS9608T,0,0,0,0
12188747360,Hieronymus,Boodell,1965-02-01,hboodellcj@123-reg.co.uk,9021517909,Male,$8330.62,GDYYA4981L,0,0,0,0
12174628953,Kirbee,Blagdon,1992-02-16,kblagdonck@zimbio.com,4924485373,Female,$6768.40,BQMJV6861U,0,0,0,0
12193161367,Susi,Naisey,1997-06-17,snaiseycl@cocolog-nifty.com,7102728653,Female,$2669.13,GKMND9323N,0,0,0,0
12198860208,Deb,Stert,1996-12-26,dstertcm@t-online.de,5916430834,Female,$2704.99,FDQSR2736B,0,0,0,0
12140427691,Halie,Beadell,1977-09-29,hbeadellcn@nba.com,1418221366,Female,$7028.21,UZOBU0694G,0,0,0,0
12130930529,Brigitta,Pendrick,1987-08-31,bpendrickco@prnewswire.com,2071486871,Female,$8782.74,BOLOC7506Q,0,0,0,0
12157993693,Milicent,Knightly,1968-08-13,mknightlycp@sciencedirect.com,4331708445,Female,$6737.65,QUFUI3667Z,0,0,0,0
12127673235,Kent,Garm,1975-03-25,kgarmcq@sourceforge.net,4032339258,Non-binary,$9035.39,PGUPL2194U,0,0,0,0
12112867261,Danella,Aiskovitch,1990-08-03,daiskovitchcr@opensource.org,7424728981,Female,$9554.73,OCFWN7787M,0,0,0,0
12133899741,Winne,Prandi,1994-07-01,wprandics@state.gov,3872704086,Polygender,$8124.79,VQUAL7110Q,0,0,0,0
12196219107,Hunfredo,Oxherd,1989-05-26,hoxherdct@booking.com,7008525171,Male,$7516.29,SLHAU8318K,0,1,0,0
12136793305,Cathie,Obington,1968-10-04,cobingtoncu@telegraph.co.uk,4087019204,Female,$7585.49,CAUIR6281F,0,0,0,1
12185926062,Becki,Linstead,1998-09-11,blinsteadcv@cloudflare.com,2455847950,Bigender,$10448.80,TIWJW0713M,0,1,1,0
12154838521,Lukas,Vaissiere,1962-03-30,lvaissierecw@telegraph.co.uk,7254923907,Male,$5576.94,MNRVD8814L,0,0,0,0
12157795669,Tobin,Ruste,1966-08-25,trustecx@flavors.me,1409675502,Polygender,$6847.71,XAYFQ8368X,0,0,0,0
12182722486,Ariadne,Sokill,1970-05-25,asokillcy@wsj.com,5158003395,Female,$2532.31,BJOHH2216K,0,0,0,0
12119458574,Diahann,Fendlow,1961-03-11,dfendlowcz@unesco.org,5802726889,Female,$7193.69,CUVPR6748R,1,0,1,0
12143530757,Emmet,MacCarter,1992-02-23,emaccarterd0@loc.gov,1244394160,Male,$7643.68,FUYOD9704X,0,0,0,0
12173726097,Jane,Cuffley,1978-10-10,jcuffleyd1@jugem.jp,9028081342,Female,$2523.59,MJXJH3277I,0,0,0,0
12173561512,Willabella,Risebrow,1996-07-25,wrisebrowd2@mac.com,1817062419,Female,$5039.77,PZKRF7329Y,1,0,0,0
12116744925,Aeriell,Ference,1999-08-11,aferenced3@wikipedia.org,8713462678,Female,$4989.25,QLOVE4555Y,0,0,0,0
12175923603,Valerye,Phittiplace,1984-04-12,vphittiplaced4@parallels.com,6774213606,Female,$4690.80,OQDWC5558V,0,0,0,0
12183396176,Geno,Eytel,1999-06-29,geyteld5@home.pl,8279415800,Male,$3232.35,QHNYH8673C,0,1,0,0
12147098452,Sher,Foxcroft,1975-04-11,sfoxcroftd6@nationalgeographic.com,9703254406,Non-binary,$9770.99,YXRAF4039G,0,0,0,0
12131713892,Roberto,Spellworth,1998-01-10,rspellworthd7@deliciousdays.com,2087024561,Male,$8524.41,YHFYM5676S,0,0,0,0
12163827421,Harland,Strangeways,1972-12-23,hstrangewaysd8@sourceforge.net,4569697312,Male,$7920.57,NWBPO6016Z,1,0,0,0
12168024078,Syd,Lattie,2000-03-21,slattied9@elegantthemes.com,4317619749,Male,$8936.19,ILXQY8818U,0,0,0,0
12156687562,Lindy,Matteoni,1999-04-10,lmatteonida@tinyurl.com,8778791310,Male,$7749.76,OLUGH6802X,0,0,0,0
12169876834,Twila,Loraine,1989-03-20,tlorainedb@gmpg.org,7321177395,Female,$10442.05,XZIQR9226K,0,0,0,0
12133104172,Gena,Bernhardsson,1968-11-27,gbernhardssondc@freewebs.com,5536100378,Female,$7271.35,JAMTZ6068B,0,0,0,0
12101409585,Susanna,Limeburner,1979-01-12,slimeburnerdd@yolasite.com,6484319111,Female,$7455.92,QSQMI2072Q,0,0,0,0
12173427173,Thomasin,Rushworth,1989-02-16,trushworthde@un.org,1191859824,Female,$9995.30,WNEMK4587A,0,0,0,0
12199514675,Addison,Timoney,1989-10-27,atimoneydf@google.co.jp,9801048170,Male,$7941.61,ZREMJ8670H,0,0,0,0
12115457123,Darcee,Santon,1999-07-15,dsantondg@digg.com,2949044003,Female,$7823.48,YUTTW5842T,0,0,0,0
12137186653,Ruddy,Potkins,1988-08-02,rpotkinsdh@digg.com,7461511545,Male,$8867.91,SFILG9056A,1,0,0,0
12194903745,Alwin,Storrs,1962-04-02,astorrsdi@hugedomains.com,5812736697,Male,$8600.05,RTOBA9479B,1,0,0,0
12163620118,Dodi,Fiddian,1993-02-18,dfiddiandj@yelp.com,7755413621,Female,$9414.50,SASPJ5756T,0,1,1,0
12167571690,Berkeley,Penwell,1996-11-29,bpenwelldk@is.gd,3707708800,Male,$5083.41,LQWWL2454M,0,0,0,1
12137592258,Celene,Fronczak,2000-03-28,cfronczakdl@live.com,3672018173,Female,$6533.93,HLKGK5817G,1,0,0,0
12177190920,Marney,Burd,1961-09-22,mburddm@tmall.com,7323472111,Bigender,$6307.15,GCVED3884G,1,0,0,0
12127298344,Fredrick,Vondruska,1995-01-06,fvondruskadn@amazon.de,8558987783,Male,$7790.53,NQXIK2088R,0,0,0,0
12126802501,Sofia,Thompson,1995-10-31,sthompsondo@1688.com,9748134389,Female,$5773.39,VZELP0645B,0,0,0,0
12166355150,Cort,Leverette,1970-11-24,cleverettedp@yellowpages.com,7941483881,Male,$7917.92,PVBZP9879R,0,1,0,0
12157955714,Arlinda,Giacoboni,1968-05-07,agiacobonidq@ocn.ne.jp,5212752944,Female,$4939.58,MNIHX9172W,0,0,0,0
12133411554,Fredrika,Meale,1979-07-15,fmealedr@technorati.com,6331965848,Female,$6378.78,UXXDM4902R,0,0,0,0
12177496628,Pietra,Gainsburgh,1960-10-06,pgainsburghds@dot.gov,4763271213,Female,$9074.72,LFPFG3709A,0,0,0,0
12140493941,Avie,Lintin,1964-02-19,alintindt@macromedia.com,9868307637,Female,$10238.32,VVALE3765U,0,0,0,0
12161871074,Smith,Caldera,1985-12-28,scalderadu@paginegialle.it,4499787869,Male,$9779.83,BPLOM5541K,0,0,0,0
12106514612,Brewer,Issard,1998-04-23,bissarddv@china.com.cn,2773856833,Male,$10223.63,LQXMY7711O,0,0,0,0
