CIF Id,first_name,last_name,DOB,email,Mobile No,gender,Salary,PAN,Credit Card,Home Loan,Car Loan,Insurance
12353432859,Clemmie,Brachell,1975-02-10,cbrachell0@ebay.com,2483513613,Female,$3264.06,DJLFG2792K,0,0,0,0
12384307563,Noni,Menego,1970-08-30,nmenego1@youku.com,6019770761,Female,$3079.06,FACRL6942I,0,0,0,0
12368218121,Christian,Giddins,1988-09-19,cgiddins2@mapquest.com,2946946992,Male,$7628.09,RNTZC4956S,0,0,0,0
12381906282,Giffie,Cochern,2000-05-26,gcochern3@example.com,9329170481,Male,$4972.51,YDFWV4378W,0,0,0,0
12377656730,Nicolle,Toller,1996-03-05,ntoller4@pbs.org,9187440076,Agender,$7879.60,JESVT7231D,0,0,0,0
12349002769,Thomasin,Willshire,1988-07-08,twillshire5@imdb.com,6448578477,Female,$3275.79,SKUTT7813T,0,0,0,0
12327236063,Faith,Doerling,1975-11-23,fdoerling6@surveymonkey.com,6728344160,Female,$9561.42,IAKWI1911H,0,0,0,0
12371422909,Elena,Kayes,1965-06-13,ekayes7@imgur.com,2825647834,Female,$8945.95,HCEGN8683E,0,0,0,0
12389078297,Fidelity,Vernall,1977-05-10,fvernall8@delicious.com,2422952324,Female,$3313.05,PRPHS7318D,0,1,0,0
12300798501,Cody,Gwynne,1985-05-14,cgwynne9@cnbc.com,3889685064,Female,$4499.91,HGGOS2675O,1,0,0,0
12349901495,Reiko,Twamley,1982-05-06,rtwamleya@hc360.com,2331441237,Genderqueer,$4629.40,SWPRD9328I,0,0,0,0
12323276588,David,Keeling,1989-01-12,dkeelingb@nymag.com,4284268386,Male,$5963.98,UYIYN3107O,0,0,0,0
12399884582,Sayres,Pate,1983-05-10,spatec@nhs.uk,8603238165,Male,$8717.61,CBDDW4462M,0,0,0,0
12359367438,Cheryl,Brimley,1960-04-30,cbrimleyd@dropbox.com,7942843338,Female,$7141.13,MSEQA6417M,0,0,0,1
12344339775,Darrick,Porcher,1978-03-28,dporchere@blogs.com,5015931848,Male,$7233.35,VLSXK2161A,0,1,0,0
12394054974,Ricky,Cauldfield,1982-02-03,rcauldfieldf@ft.com,8556195866,Male,$3129.42,KGWUQ2107T,0,0,0,0
12314248026,Edith,Pilfold,1979-03-10,epilfoldg@ezinearticles.com,2289802749,Female,$7859.85,NGPEK7673G,1,0,0,0
12368439746,Cal,Waistell,1970-05-23,cwaistellh@samsung.com,7304506412,Female,$8971.06,BOJKW0894O,0,0,0,0
12323572606,Nicolina,Prettyman,1992-05-07,nprettymani@geocities.com,2123035903,Female,$2775.71,CIPHV5358X,0,0,0,0
12389968202,Richmond,Gildea,1986-08-17,rgildeaj@nsw.gov.au,9056297265,Male,$4993.39,XPGZB1698J,0,0,0,0
12316737891,Emogene,Dickerline,1964-08-18,edickerlinek@netvibes.com,6201557540,Bigender,$5082.04,HXCXP5796V,0,0,0,0
12374224910,Kevina,Copeman,1981-10-20,kcopemanl@smugmug.com,8919099157,Female,$7863.45,HCZVH6481Y,0,0,0,0
12300181039,Shell,Woodeson,1965-06-19,swoodesonm@theglobeandmail.com,8766594393,Male,$8410.52,BVWEO4413T,0,0,0,0
12385690315,Bevin,Matfin,1969-04-07,bmatfinn@soup.io,9413572441,Male,$6580.46,CBNCW7692W,0,0,0,0
12387540597,Devonna,Burles,1994-10-12,dburleso@fda.gov,6403560075,Female,$2565.37,VSFUS6150B,0,1,0,0
12306030665,Conn,Hagergham,1966-08-24,chagerghamp@simplemachines.org,4638487511,Male,$5805.42,AJYFS8262H,1,0,0,0
12399868885,Rozelle,Tynemouth,2000-03-02,rtynemouthq@godaddy.com,9186792881,Female,$2894.52,WCSMY2213H,1,0,0,0
12351659142,Orv,Jikovsky,1962-02-26,ojikovskyr@pcworld.com,4192287450,Male,$5637.65,OVCHH3949M,0,0,0,0
12371280490,Erastus,Adams,1965-10-20,eadamss@wsj.com,6819651346,Male,$10133.19,VOPQN5431Z,0,1,0,0
12367230857,Denys,Stenton,1975-07-17,dstentont@reuters.com,3359427188,Female,$3754.99,SYHOC3727Y,1,0,0,0
12328043859,Mozes,O'Scollee,1996-03-27,moscolleeu@sitemeter.com,6657869107,Male,$2526.40,OZBSW6777O,0,0,0,0
12312699311,Jess,Pill,1961-03-27,jpillv@cbsnews.com,1379882979,Non-binary,$7781.26,ZDKKF7088F,0,0,0,0
12396744866,Emlyn,Hitter,1967-06-13,ehitterw@toplist.cz,3269643018,Male,$5509.74,CVLSW6198L,0,0,0,0
12331022172,Kerry,Cosh,1990-08-18,kcoshx@hatena.ne.jp,3038532949,Female,$6246.12,MCOHO2995A,0,0,1,0
12330478832,Emmy,Brigge,1965-02-28,ebriggey@qq.com,7535906145,Female,$5495.93,WOYNG7994S,0,0,0,0
12384969307,Lauritz,Hyam,1967-02-10,lhyamz@drupal.org,6922059763,Male,$6963.52,PPFAJ0610O,0,0,0,0
12365567534,Agnese,Kittles,1977-06-17,akittles10@fastcompany.com,4084343650,Female,$6171.96,YPHVU9640L,0,0,0,0
12360780749,Lara,Milmith,1965-03-29,lmilmith11@skype.com,2455918202,Female,$9956.26,NVNWN3227B,0,0,0,0
12347183314,Guinna,Riddeough,1978-01-09,griddeough12@jimdo.com,4791283667,Female,$6808.29,DPLBE5861X,1,0,0,0
12305468449,Sumner,Sidlow,1997-05-23,ssidlow13@cyberchimps.com,7456808339,Male,$8332.43,IAQFL6995O,0,0,0,0
12393590969,Lynnet,Game,1990-08-04,lgame14@apple.com,1732769179,Female,$9082.65,YKQZI7501F,0,1,0,0
12355928294,Chrissie,Maiden,1964-11-03,cmaiden15@ycombinator.com,2288239879,Male,$4903.75,WJWSS6854M,0,0,0,0
12369276619,Jimmie,Chown,1961-10-09,jchown16@surveymonkey.com,8315722103,Male,$4998.80,MPWNI4438P,0,0,0,0
12340788982,Andrus,Coughtrey,1981-08-13,acoughtrey17@bbb.org,6536177922,Male,$3569.25,YSMBE2151I,1,0,0,0
12368880363,Giovanni,Mearns,1979-07-25,gmearns18@fda.gov,7616177329,Male,$5471.17,KIAZZ0728U,1,0,0,0
12366685070,Christoper,Mariet,1972-01-06,cmariet19@cisco.com,3327431668,Male,$5966.57,SZYAD8095M,0,0,0,0
12370058963,Pietrek,Humblestone,1960-03-19,phumblestone1a@usgs.gov,3286972349,Male,$3579.07,IQSND4169Z,0,0,0,0
12306331279,Madelyn,Orsman,1983-05-15,morsman1b@umich.edu,9938300819,Female,$9764.33,OVZIP0111L,0,0,0,0
12392530933,Maximo,Harwood,1981-04-29,mharwood1c@gnu.org,5693162728,Male,$7190.75,GJDPP3670D,0,0,0,0
12327307062,Rosa,Ranscome,1999-08-15,rranscome1d@cyberchimps.com,7971280514,Non-binary,$9654.52,YKIGB8219Q,0,0,0,0
12323950606,Mikey,Vedenichev,1968-08-26,mvedenichev1e@wiley.com,8876629222,Male,$3870.27,CXVOW2287R,0,0,0,0
12381086014,Jorgan,McCrachen,1973-02-07,jmccrachen1f@salon.com,4743988473,Male,$6083.62,DOTRA9611R,0,0,0,0
12333322484,Carr,Marks,1989-06-23,cmarks1g@ucoz.com,3578502340,Male,$2645.60,BPMHQ1177D,0,0,0,0
12367255312,Alexandra,Fackrell,1974-05-26,afackrell1h@admin.ch,1251395126,Female,$8849.07,HEUNT7605R,0,0,0,0
12346586111,Rosella,Binton,1986-08-24,rbinton1i@histats.com,1659118402,Female,$5218.73,AFHAK2290D,0,1,0,0
12373402260,Maggy,Bento,1990-04-25,mbento1j@goo.ne.jp,9255639174,Female,$5980.64,JTQKH5648R,0,0,0,0
12397447728,Joseph,Spriggen,1996-07-22,jspriggen1k@zdnet.com,1882720932,Male,$8094.83,ONUZL1713X,0,0,0,0
12354193116,Willy,Swatten,1965-01-25,wswatten1l@csmonitor.com,7531003207,Agender,$7423.32,LLJML1085A,0,0,0,0
12395347907,Nicoline,Madeley,1962-08-30,nmadeley1m@newyorker.com,3043669483,Female,$9284.73,UEGTV9657D,0,0,0,0
12368122056,Suellen,Scase,1976-11-18,sscase1n@businessinsider.com,2305815658,Female,$3354.96,KYRIJ8495O,1,0,0,0
12332557565,Gaultiero,Dorward,1980-11-25,gdorward1o@ow.ly,9985227175,Male,$2607.74,LPJVZ6234U,0,1,0,0
12317009225,Germaine,Perin,1990-01-13,gperin1p@sitemeter.com,7529140333,Male,$6419.72,YKZJV6527P,0,0,0,0
12305420331,Margit,McGraw,1984-06-24,mmcgraw1q@nasa.gov,4196248034,Female,$2855.95,LPUDC7603X,0,0,0,0
12307408242,Joly,Blest,1994-06-24,jblest1r@mail.ru,5851060795,Female,$2914.15,PREPS3573P,0,0,0,0
12347763293,Katheryn,Payfoot,1960-01-24,kpayfoot1s@drupal.org,7786057064,Female,$9137.62,GNCMS3673I,0,1,1,1
12317082589,Tabbie,Limbrick,1990-07-26,tlimbrick1t@patch.com,7307781692,Male,$3261.63,YKYQY8627Z,0,0,0,0
12320121167,Gladys,Laurant,2000-08-24,glaurant1u@t-online.de,6283453989,Female,$3047.32,KUWTD2378Z,1,0,0,0
12304437379,Jackie,Barwise,1970-12-02,jbarwise1v@php.net,8417001576,Female,$8183.01,DWJPF8100V,0,0,0,0
12332604666,Betta,Couth,1981-12-17,bcouth1w@smugmug.com,3712983944,Female,$3050.75,TNCMC2386Z,0,0,0,0
12301027474,Charlton,Byron,1985-05-25,cbyron1x@time.com,9196629646,Male,$3401.28,GVYOY0776H,0,0,0,0
12391901912,Free,Planque,1961-06-30,fplanque1y@php.net,5743962355,Bigender,$4876.46,RRGTE7858I,0,0,0,0
12356126649,Joseito,Schops,1993-11-16,jschops1z@a8.net,2614117989,Male,$4949.07,ZSHPP4537Y,0,0,0,0
12302052374,Ward,Cullen,1991-10-19,wcullen20@taobao.com,3447729619,Male,$7176.39,FHIOK4050K,0,0,0,0
12382152237,Avrom,Galliard,1981-09-10,agalliard21@shinystat.com,9578175571,Male,$10067.10,SAPPW1065G,1,0,0,0
12323943720,Kynthia,Kilty,1982-10-06,kkilty22@independent.co.uk,9438722119,Female,$9173.23,AAWKK5535J,1,0,0,0
12358307039,Worth,Strangeway,1965-02-01,wstrangeway23@usda.gov,9759936508,Male,$9787.51,OYUKE0737R,1,0,0,0
12379751854,Dennie,Blaxeland,1980-03-04,dblaxeland24@spotify.com,4518473781,Female,$5070.12,CDHII9332V,0,0,0,0
12319797963,Armin,Durker,1974-08-18,adurker25@twitpic.com,5792912819,Male,$4460.65,LJWSO3644V,1,0,0,0
12388390403,Fanchon,Saunderson,1978-11-22,fsaunderson26@bbb.org,1267275740,Female,$9536.34,YRWBA8910V,0,0,0,0
12324878630,Bartolomeo,Baldrick,1975-03-25,bbaldrick27@google.ca,2138060459,Male,$8417.64,GBSBS8421P,0,0,1,0
12344620052,Ilise,Davy,1982-06-01,idavy28@opera.com,6798622582,Female,$5419.52,HNDBI6542U,1,0,0,1
12341343772,Mercy,Lanigan,1977-05-28,mlanigan29@mit.edu,6311715167,Non-binary,$7385.74,TLZYX1806D,0,0,0,0
12381124165,Evin,Oleszczak,1964-05-19,eoleszczak2a@blog.com,3066012998,Male,$7973.69,SGJCV3340Z,0,0,0,0
12393949811,Whitney,Santen,1969-01-13,wsanten2b@eepurl.com,2349221957,Female,$8422.57,VPNSL5394B,0,0,0,0
12302846888,Shelley,Piola,1975-02-01,spiola2c@canalblog.com,9809719128,Male,$9288.37,TQBGA0856N,0,0,0,0
12355545487,Ingmar,Edgecombe,1964-03-13,iedgecombe2d@wired.com,3258274596,Male,$3890.31,KRCJQ1221H,0,0,0,0
12373517773,Kandace,Hewson,1991-03-27,khewson2e@blogs.com,2813996551,Female,$4548.15,AMUEQ1291G,0,1,0,0
12328420744,Rab,Nealon,1969-02-09,rnealon2f@nba.com,8766446784,Male,$4135.91,PXXYF2876N,0,0,0,0
12368376249,Farah,Espadero,1961-03-08,fespadero2g@diigo.com,2127358867,Female,$5668.12,DIQWV5681L,0,0,0,0
12381783627,Franz,Roubert,1960-09-03,froubert2h@washington.edu,8693394331,Male,$5122.34,RYVFL1037A,0,0,0,0
12338845359,Elia,Ummfrey,1997-10-07,eummfrey2i@newyorker.com,2746218616,Male,$7426.27,KDOTX7694M,0,1,0,0
12319506373,Koren,Jakeway,1961-08-08,kjakeway2j@google.pl,7907270701,Female,$6174.92,VXXBD5349G,0,0,0,0
12319830673,Modestine,Edgecumbe,1999-06-04,medgecumbe2k@infoseek.co.jp,6198400970,Female,$8778.63,ZDLOB0455B,0,0,0,0
12383655904,Garrard,Lamonby,1964-08-23,glamonby2l@flavors.me,2979665990,Male,$7098.87,HECTH2845X,0,0,0,0
12313779193,Anestassia,Shubotham,1960-07-11,ashubotham2m@twitter.com,9805309131,Polygender,$9859.65,CLEBU4685E,1,0,0,0
12347478379,Damaris,Mariolle,1973-02-25,dmariolle2n@pinterest.com,5731580406,Female,$5307.55,FDGOL2756L,0,0,0,0
12390773302,Gail,Desesquelle,1975-09-06,gdesesquelle2o@shinystat.com,8512180570,Female,$4217.88,VKJJW2185R,1,0,0,0
12358591023,Gay,Bickerdike,1986-04-20,gbickerdike2p@slideshare.net,8319579339,Male,$9971.21,GCDDN8431O,0,0,0,0
12374540025,Svend,Dineges,1996-11-06,sdineges2q@mediafire.com,9206596109,Male,$9134.78,ZZPRR1430J,0,0,0,0
12390185186,Corbet,Danes,1996-01-28,cdanes2r@edublogs.org,8982137546,Male,$9969.15,MXCRN1119B,0,0,0,0
12346388118,Barnard,Yablsley,1975-08-30,byablsley2s@creativecommons.org,2577855025,Male,$8915.42,BTXUV3455H,0,0,0,0
12330357233,Hobie,Kleewein,1992-10-10,hkleewein2t@tripadvisor.com,8899076562,Genderfluid,$3319.51,YNZQE4711S,0,1,0,1
12348504867,Honor,Todaro,1971-12-01,htodaro2u@army.mil,7892366182,Female,$5979.43,RBCJI7880X,1,0,0,0
12382717448,Halsy,Barosch,1986-02-20,hbarosch2v@youtu.be,9695362197,Male,$6380.54,ESFZY0161L,0,0,0,0
12300702736,Lane,Killick,1973-04-02,lkillick2w@reverbnation.com,4689552868,Male,$4884.81,LEXHA9527C,0,1,0,0
12367277596,Andreas,Tonner,1968-03-22,atonner2x@printfriendly.com,1794967162,Male,$4710.50,QMLBI5036A,0,0,0,0
12360315835,Barbabas,Guare,1988-02-28,bguare2y@privacy.gov.au,7176584791,Male,$6371.47,DHGPD3601Y,0,0,0,1
12312199474,Hewett,Bootyman,1971-11-02,hbootyman2z@i2i.jp,8992814135,Male,$4342.11,FAQGW7768F,0,0,0,1
12314469381,Shell,Calvert,1991-08-19,scalvert30@eepurl.com,6891103574,Female,$8924.00,ONUJA6943N,0,0,0,0
12349452134,Sanderson,Swait,1981-02-16,sswait31@altervista.org,4713217619,Male,$8888.74,CSGFK8475Y,0,0,0,0
12332173685,Freda,Webburn,1972-09-16,fwebburn32@creativecommons.org,3067054977,Bigender,$6976.93,TUIJF8606H,0,0,0,0
12392030774,Fannie,Tees,1986-03-13,ftees33@nyu.edu,2836913326,Female,$8082.83,LIDBQ7480T,0,1,0,1
12306851379,Lucienne,Hutley,1999-08-06,lhutley34@indiatimes.com,8367396414,Female,$3614.92,KJMXC3003C,0,0,0,0
12352137655,Drud,Ivashnyov,1966-10-05,divashnyov35@imgur.com,8382177608,Male,$3154.03,ODXHZ5220E,0,0,0,0
12339191481,Claire,Glendinning,1984-03-26,cglendinning36@comsenz.com,7792551565,Female,$2827.61,CDRZV6421G,0,0,0,0
12383970181,Stirling,Boyack,1964-11-26,sboyack37@dion.ne.jp,2119316375,Male,$3957.96,DKJDR4743O,0,0,0,0
12373421979,Hallie,Malcher,1976-01-14,hmalcher38@wikimedia.org,4091418770,Female,$9785.66,RAJDU7398C,1,0,0,0
12347057442,Cherlyn,Derr,1960-08-09,cderr39@google.co.uk,3697175277,Female,$4219.71,UVTWR5165M,0,0,0,0
12375176545,Arther,Craythorne,1962-02-04,acraythorne3a@amazon.com,9744154791,Male,$9401.87,QHAMB3278P,0,0,0,0
12356048534,Glory,Abreheart,1971-10-20,gabreheart3b@freewebs.com,3802364676,Female,$9578.63,JFOBE3636Y,0,0,0,0
12311361253,Charla,McHan,1978-05-24,cmchan3c@cbc.ca,5961201257,Genderqueer,$5747.60,IPERP3241Q,0,0,0,0
12380915725,Sophi,Danick,1971-01-08,sdanick3d@psu.edu,4021804475,Female,$9867.84,GDRTI3114T,0,0,0,0
12337073151,Stacey,DelaField,1966-09-19,sdelafield3e@cbsnews.com,8944596529,Female,$7205.93,DEDVX2194R,0,1,0,0
12356916485,Albertine,Edgeller,1983-03-29,aedgeller3f@wisc.edu,6277025939,Female,$9888.16,WDCFN4704O,0,0,0,0
12333403988,Corissa,Edling,1966-12-17,cedling3g@wp.com,9798757391,Female,$10013.17,PSOTP4219G,0,0,0,0
12350015913,Nathanial,Antonoyev,1983-04-13,nantonoyev3h@cbslocal.com,2446314389,Male,$3139.97,LIAYZ5964G,0,0,0,0
12300264584,Fleur,Frayne,1969-05-19,ffrayne3i@fc2.com,3071191494,Female,$7345.33,DXBYD8627Y,0,0,0,0
12304624917,Billy,Duchateau,1966-08-01,bduchateau3j@pen.io,7724746636,Male,$4177.11,CVLNX0590F,0,0,0,0
12371817563,Tim,Whewill,1979-09-11,twhewill3k@harvard.edu,3729843693,Male,$5175.78,GHMWV5288C,0,0,0,0
12383770471,Vanny,Arlet,1999-08-16,varlet3l@stanford.edu,6487803272,Female,$3352.22,BCYGE0665I,0,1,0,0
12340094738,Javier,Fuentes,1972-01-21,jfuentes3m@nba.com,1632346127,Male,$5142.55,YYNLY5868P,1,0,0,0
12326978895,Ali,Woolstenholmes,1962-01-03,awoolstenholmes3n@aboutads.info,5018649863,Male,$8886.31,SALZR7515E,0,0,0,0
12386772485,Gerrard,Plews,1969-10-12,gplews3o@scribd.com,2956382670,Male,$4648.82,JDMCM6460L,0,0,0,0
12323246912,Jandy,Toor,1962-10-14,jtoor3p@wsj.com,6103615355,Female,$9384.46,DIFJZ2914H,0,0,0,0
12353640790,Fremont,Caban,1980-01-13,fcaban3q@twitpic.com,3687797434,Male,$7896.91,EXFVW8755O,0,0,0,0
12324997910,Rey,Yitzovitz,1992-10-27,ryitzovitz3r@yale.edu,2026544841,Male,$6686.37,MJJES2997J,1,1,0,0
12328540713,Wandie,Yeates,1993-11-08,wyeates3s@liveinternet.ru,8648851406,Female,$10213.17,FFGXK0734H,0,0,0,0
12307460215,Chancey,Merriott,1996-06-08,cmerriott3t@alexa.com,2821575318,Bigender,$8974.17,ECNAO0112X,0,0,0,0
12379645988,Myrlene,Egel,1981-11-15,megel3u@tuttocitta.it,1996867472,Female,$2832.78,UTVHX7492Q,0,0,0,0
12375259440,Cloris,Walls,1971-12-04,cwalls3v@sphinn.com,4408592052,Female,$9487.34,BZIDE1206O,0,0,0,0
12371960972,Gusella,Houlton,1973-11-17,ghoulton3w@army.mil,6386927466,Female,$5112.40,TDQFP3110W,0,0,0,0
12309926357,Xylia,Brittain,1972-11-18,xbrittain3x@dailymotion.com,9837167898,Female,$6716.28,FQVLJ0565W,0,0,0,1
12362780652,Stanfield,Mustoo,1974-08-15,smustoo3y@springer.com,4649705454,Genderfluid,$3549.35,VGYYE6297U,0,1,1,0
12369142441,Joanne,Gawen,1985-01-27,jgawen3z@free.fr,6897456835,Female,$5079.15,VDKCW4716L,0,0,0,0
12380857786,Nicola,Acreman,1975-07-12,nacreman40@un.org,9308819482,Female,$5860.75,RDDNU0282R,0,0,0,0
12364607434,Brianna,Waddam,1997-06-10,bwaddam41@nbcnews.com,7166968571,Female,$2997.02,JRGIR7839X,0,1,0,0
12307279759,Kaleb,Worton,1961-06-28,kworton42@home.pl,5265457238,Male,$8842.98,TQUVX7917K,0,0,0,0
12362945290,Averil,Wick,1973-03-10,awick43@mysql.com,8846296270,Male,$6242.40,DFNYI7761T,0,0,0,1
12342596738,Pepillo,O'Moylan,1966-01-14,pomoylan44@ox.ac.uk,1754050456,Male,$9751.42,KDDVL9384X,0,0,0,0
12368515437,Nessie,Colls,1964-10-27,ncolls45@google.com.hk,6715197340,Female,$7940.29,ZXLCN1996Q,0,0,0,0
12302315058,Corilla,Dumphy,1985-03-13,cdumphy46@quantcast.com,5499788452,Female,$5290.99,GVTNT3030Y,0,0,0,0
12372161298,Giralda,McGeechan,1993-03-05,gmcgeechan47@blinklist.com,1787585841,Female,$3673.22,GMQKE6163D,0,0,0,0
12345808807,Milty,Oret,1988-01-23,moret48@cpanel.net,1344773454,Male,$3185.09,XBXFH1139K,0,0,0,0
12322200230,Alexandrina,Middup,1969-04-08,amiddup49@tuttocitta.it,9966609545,Female,$8499.06,GEAQI0903W,0,0,0,0
12350129868,Blondelle,Agney,1996-04-08,bagney4a@auda.org.au,5695924071,Female,$7338.40,TZBDH5689J,0,0,0,0
12313993424,Angelia,MacDuffie,1977-07-02,amacduffie4b@dell.com,4237706656,Female,$7059.16,RJUDP8674L,0,0,0,0
12388583450,Rosalinda,Smullin,1999-03-14,rsmullin4c@wikipedia.org,1852266919,Female,$9387.65,LHJUV0298W,0,1,1,0
12348636635,Katinka,Kunrad,1979-09-11,kkunrad4d@eepurl.com,2301676102,Female,$7997.85,FYMMR5026M,0,0,0,0
12330307442,Teddy,McGlone,1988-02-29,tmcglone4e@google.es,5086475077,Female,$4458.63,FTJFM8070I,0,0,0,0
12362325606,Tania,Espada,1975-06-20,tespada4f@ocn.ne.jp,9458848907,Female,$6264.22,YEYQU7147J,0,0,0,0
12327640864,Debi,Dyble,1977-02-04,ddyble4g@cargocollective.com,5308055666,Female,$5318.02,MXZRE4641L,1,1,0,0
12371882257,Jean,Bysaker,1997-11-23,jbysaker4h@ucla.edu,3479804663,Female,$8309.32,VUFFQ6573X,0,1,0,0
12342691423,Ceciley,Attack,1972-04-06,cattack4i@a8.net,6246443170,Female,$9776.26,FGCHF8794V,0,0,0,0
12365029816,Nicolina,Wiles,1968-01-11,nwiles4j@e-recht24.de,7617007303,Female,$8492.76,YOIKR8370L,0,1,0,0
12335914980,Ariella,Evason,1963-08-11,aevason4k@yellowpages.com,5369749869,Female,$3511.64,NTXVE2800Z,0,0,0,0
12346521641,Olive,Briscam,1983-06-08,obriscam4l@google.fr,9373158805,Female,$6282.62,JMWVQ6368V,0,0,0,0
12380912503,Irving,Dansie,1980-03-08,idansie4m@cdbaby.com,2316020353,Male,$6442.84,PCXUT5165V,0,0,0,0
12380997556,Alikee,Leate,1965-09-07,aleate4n@nymag.com,5859677816,Female,$4486.59,WTJQP2289H,0,0,0,0
12355072927,Gwendolyn,Kuhnwald,1973-09-15,gkuhnwald4o@hostgator.com,5375637349,Female,$8162.20,LKSNJ8408E,0,0,0,0
12341497948,Maude,Brookesbie,1978-02-27,mbrookesbie4p@wikipedia.org,4614257293,Female,$6363.14,SNRKX6563I,0,1,0,0
12374647390,Ritchie,Cullon,1967-06-30,rcullon4q@mlb.com,1426313886,Male,$9247.62,QFMNS9510R,0,0,0,0
12328335725,Brigitta,Devenport,1971-01-19,bdevenport4r@webnode.com,2855863445,Female,$5420.05,ILNPJ2858V,0,0,0,0
12384631014,Seymour,Britt,1975-02-20,sbritt4s@arstechnica.com,4747854850,Male,$6476.78,YZSOX6260O,0,0,0,0
12394630172,Lester,Flaverty,1989-02-08,lflaverty4t@slashdot.org,8533265693,Male,$8384.95,DDILR9067L,0,0,0,0
12376907332,Mil,Rosenbush,1966-12-03,mrosenbush4u@ebay.com,5743605179,Female,$5524.07,QYNMC4529U,0,0,0,0
12373279442,Norri,Lembcke,1990-11-29,nlembcke4v@parallels.com,9221232520,Polygender,$5487.28,SRVFO1628U,0,0,0,0
12392423133,Breena,Quantrell,1988-01-15,bquantrell4w@ebay.com,3892748824,Female,$3090.79,VKPRF5123U,0,0,0,0
12312825263,Francis,Simco,1974-03-23,fsimco4x@163.com,2718520592,Non-binary,$6232.64,HWVKT6047I,1,0,0,0
12336323230,Moses,Skoof,1994-08-24,mskoof4y@tmall.com,9643762547,Genderqueer,$8367.49,DUDNR5421A,0,0,0,0
12318163651,Kiley,Climar,1985-12-20,kclimar4z@taobao.com,7596756173,Male,$3192.70,REZFV4051T,0,0,0,0
12374778957,Bren,Drewry,1977-03-01,bdrewry50@google.com.br,9209306903,Male,$2998.70,RLGMQ0479P,0,0,0,0
12304314445,Nickie,McGirl,2000-12-22,nmcgirl51@mac.com,1562028656,Female,$7669.58,ZAAMB0245N,1,0,0,0
12365941466,Carey,Andrick,1996-09-09,candrick52@howstuffworks.com,7694859139,Female,$4052.34,TZOUM9667A,0,0,0,0
12351333918,Peyton,Northover,1981-05-31,pnorthover53@arizona.edu,2335918027,Male,$4987.32,OIGZX1591T,0,0,0,0
12359670446,Germayne,Skin,1992-06-16,gskin54@mashable.com,4382350977,Male,$9318.53,SMGGB9453Q,0,0,0,0
12333758045,Abran,Papes,1973-11-07,apapes55@mayoclinic.com,8451635535,Male,$5624.11,ABMNM0176W,0,0,0,0
12324775138,Alexi,Lesslie,1996-02-25,alesslie56@histats.com,7956164199,Female,$5864.70,UAYHU2865O,0,0,0,0
12399270186,Sandie,Circuitt,1974-08-10,scircuitt57@sfgate.com,3698515546,Female,$9782.50,WZELB7139X,0,0,0,1
12366351851,Reggy,Brickstock,1981-01-07,rbrickstock58@amazon.co.jp,6643720196,Male,$6858.48,HIJSO7173T,0,0,0,0
12394474681,Jerrie,Findon,1963-08-13,jfindon59@nifty.com,6457273736,Male,$6692.17,NDZFI7914Y,0,0,0,1
12305068439,Sheridan,Wallenger,1960-12-25,swallenger5a@ibm.com,3436426592,Male,$2664.76,NQCTA2477M,0,0,0,0
12331417026,Adriaens,Bendon,1988-08-03,abendon5b@quantcast.com,6434212819,Female,$5792.21,DZBPZ6436N,0,0,0,0
12347378624,Barnett,Lorraway,1990-06-14,blorraway5c@ibm.com,9855568492,Male,$9653.53,VZULT3247B,0,0,0,1
12348905458,Anestassia,Joiris,1996-12-25,ajoiris5d@oaic.gov.au,5308702680,Female,$6170.15,WXYHM7834Z,1,0,0,1
12346866255,Muffin,Heisham,1977-04-24,mheisham5e@cocolog-nifty.com,4312356331,Male,$9764.72,MESYX0713Q,0,0,0,0
12351988706,Inez,Eade,1970-11-25,ieade5f@unc.edu,8614283299,Agender,$5560.03,KLNFK8484M,0,1,0,0
12392540474,Kelsey,Joontjes,1988-02-20,kjoontjes5g@msn.com,9785143303,Male,$9865.61,HWXLW6731S,1,0,0,0
12306199249,Darren,Orlton,1974-05-12,dorlton5h@ed.gov,6155368119,Male,$10346.55,YOUJZ9075R,0,0,0,0
12334189057,Phillis,A'field,1968-12-12,pafield5i@yahoo.co.jp,5767081346,Female,$7814.79,EEAWR5982S,0,0,0,0
12326710736,Ninnette,Illes,1967-12-20,nilles5j@so-net.ne.jp,9217169243,Female,$8591.09,ACVHE4256N,0,0,0,1
12325211279,Danna,Edinboro,1994-06-10,dedinboro5k@cnet.com,9133283691,Female,$8595.27,VTXSW1978L,0,0,0,0
12315387779,Sapphire,Allatt,1984-01-25,sallatt5l@ftc.gov,1002635320,Female,$9930.33,GIJMQ5778D,0,0,0,0
12363850411,Chaddie,McKnish,1975-09-23,cmcknish5m@t-online.de,1938727962,Male,$9529.10,JMGUM0001C,0,0,0,0
12320818003,Shurwood,Dodshon,1995-03-17,sdodshon5n@qq.com,7782020396,Male,$5252.17,WDHUT1078B,0,0,0,0
12369317108,Ardene,Giovannini,1995-12-31,agiovannini5o@yandex.ru,6497810145,Female,$4825.01,TXOQY3514B,1,0,1,0
12354084460,Rob,Hamilton,1995-12-18,rhamilton5p@cisco.com,6697345414,Male,$7198.46,GYBLE3078O,0,0,0,0
12351112495,Colin,Henlon,1984-01-18,chenlon5q@ifeng.com,7883374166,Male,$8768.20,AKHLX5197P,0,0,0,0
12337130817,Laurella,Costell,1997-10-02,lcostell5r@google.com.br,9534472647,Female,$7459.81,ZZSDZ0425I,0,0,0,0
12352669892,Lizbeth,Ferreo,1964-06-06,lferreo5s@nymag.com,2791835587,Female,$4497.32,RAJYP6250O,1,0,0,0
12331934461,Gilburt,Malser,1999-07-20,gmalser5t@hao123.com,3003810830,Male,$5651.75,RPUVD3063V,0,0,0,0
12384270175,Bianca,Hacard,1975-07-18,bhacard5u@time.com,1051433676,Female,$7304.10,UNFXI6430D,0,0,0,0
12360357727,Saunderson,Carden,1990-08-04,scarden5v@webmd.com,2935372951,Male,$4801.21,GHDNA5952C,0,0,0,0
12331731861,Rockey,Huton,1993-10-03,rhuton5w@ehow.com,9704607639,Male,$7250.81,UZSDF6617T,0,0,0,0
12332508304,Merralee,Winscomb,1964-10-28,mwinscomb5x@cyberchimps.com,5473658310,Female,$3491.04,EYPXQ9733D,1,1,0,0
12309085152,Adelle,Glascott,1991-12-15,aglascott5y@google.ca,9948258571,Female,$2660.17,HVGCT0951R,0,0,0,0
12309919728,Morgun,Riddock,1979-11-16,mriddock5z@tuttocitta.it,7151872727,Male,$8180.54,JNORZ9968L,0,0,0,0
12396434421,Shalna,Aynold,1984-03-08,saynold60@examiner.com,5881916524,Female,$4828.62,GNHAW4279P,1,0,0,0
12329379150,Clarabelle,Colleymore,1988-09-16,ccolleymore61@redcross.org,5757324660,Female,$3741.60,KVIBT4634T,0,0,0,0
12363208751,Titos,Atte-Stone,1967-12-07,tattestone62@reddit.com,8541340176,Male,$4319.64,AJIXX1920Z,0,0,0,0
12307259022,Clayborne,Merali,1995-01-11,cmerali63@amazon.com,3492672628,Male,$9547.51,XIGCX0471G,0,0,0,0
12339302220,Jo,Sarson,1977-08-27,jsarson64@scientificamerican.com,1912346733,Male,$5581.95,LHAMP3144Q,0,0,0,0
12358344090,Illa,Camili,1993-09-08,icamili65@geocities.com,9131314702,Female,$10228.05,RWOWN6310I,0,0,0,0
12392518560,Ethyl,Richin,1971-02-25,erichin66@redcross.org,8287561250,Female,$6366.56,ENMKF6797W,0,0,0,0
12304808772,Shep,Trazzi,1962-05-31,strazzi67@nifty.com,8933715938,Male,$9043.39,JBDYD6744Y,1,0,0,0
12363909274,Tod,Maybery,1978-04-12,tmaybery68@nsw.gov.au,4151339907,Male,$8504.28,LUYFK4585Y,0,0,0,0
12310615893,Merrile,Doby,1988-12-30,mdoby69@posterous.com,6568745023,Agender,$9273.54,OUMNG6853F,0,1,0,0
12357284226,Audre,Trimbey,1969-07-14,atrimbey6a@friendfeed.com,4497414787,Female,$10267.16,XPTXQ3166P,0,1,0,0
12391363612,Chan,Joplin,1997-04-29,cjoplin6b@ocn.ne.jp,9621147520,Male,$4720.03,SZEQJ9582B,0,1,0,0
12366970434,Melisenda,Croxley,1960-12-10,mcroxley6c@soup.io,1549472861,Female,$9515.08,SXBAU8359O,0,0,0,1
12381598252,Jeni,Mazdon,1968-10-18,jmazdon6d@shareasale.com,4462483308,Female,$7281.46,PFWZQ1217J,0,0,0,0
12374084062,Alexi,Peckham,1986-06-13,apeckham6e@nhs.uk,3861661544,Female,$4625.96,YPRIZ8192I,1,0,0,0
12353393749,Marni,Greder,1991-04-12,mgreder6f@google.ru,4682432044,Female,$5743.22,PHYJS8087M,1,0,0,0
12353835029,Wren,Muncie,1969-06-17,wmuncie6g@naver.com,2265312344,Female,$6283.65,MHUQM8608T,0,0,0,0
12344413587,Sosanna,Waszczyk,1983-11-01,swaszczyk6h@shutterfly.com,3019413036,Female,$8756.37,YLXHS7775P,1,0,1,0
12304656009,Raimondo,Malan,1971-10-21,rmalan6i@gov.uk,7201732642,Male,$6759.62,SWNUB4808O,0,0,0,0
12325412139,Winston,Cottam,1981-10-01,wcottam6j@tamu.edu,4895794268,Male,$8690.89,SQMAA4991X,0,1,0,0
12396568231,Talbot,Le land,1999-05-25,tleland6k@sbwire.com,2296617452,Bigender,$2961.44,TSUPJ2711Z,1,0,0,0
12330108332,Carena,Kindleysides,1986-03-02,ckindleysides6l@github.com,8975329582,Female,$9248.65,XRSKA4475W,0,0,0,0
12323261298,Blakelee,Adderley,1997-04-05,badderley6m@guardian.co.uk,7373094358,Female,$5006.86,HATRY9092W,0,0,0,1
12393821462,Eran,Verbeke,1982-05-26,everbeke6n@php.net,6748126522,Female,$8162.22,UIYNV4199I,0,0,0,0
12344977004,Marybelle,Gailor,1983-12-01,mgailor6o@symantec.com,3494115869,Female,$8062.52,GCVDA2676F,0,0,0,0
12386632021,Lian,Hackforth,1975-07-07,lhackforth6p@imgur.com,7182550155,Female,$5071.15,PDTWF4952R,1,0,0,0
12390140320,Edik,Birdsall,1969-10-31,ebirdsall6q@i2i.jp,1027208916,Bigender,$6956.36,OWCMR1566Y,0,0,0,0
12352609539,Arthur,Spradbrow,1975-02-02,aspradbrow6r@canalblog.com,8599959588,Male,$7513.17,UCWNB8909N,0,0,0,0
12395871587,Anatollo,Whiteman,1960-07-05,awhiteman6s@amazonaws.com,5373031162,Male,$7246.45,PTZJO8441D,0,0,1,0
12327443254,Jay,Bellanger,1990-08-28,jbellanger6t@sun.com,2981199766,Male,$10088.40,TWOQX9291D,1,0,0,0
12340819016,Cobb,Wholesworth,1995-08-25,cwholesworth6u@cam.ac.uk,4437323790,Male,$8996.36,PJVZJ5389D,1,0,0,0
12303985521,Lian,Clew,1968-03-18,lclew6v@adobe.com,8593066312,Female,$7564.01,WLLBB6432Z,0,0,0,0
12308311725,Morten,Grimsley,1979-07-16,mgrimsley6w@smugmug.com,9995293737,Male,$9030.66,CEOGQ2649K,0,0,1,0
12368508484,Courtney,Billett,1972-10-07,cbillett6x@walmart.com,3888608769,Female,$4764.30,XMJJZ5089Y,0,0,0,0
12380026937,Forester,McMichan,1974-07-01,fmcmichan6y@newyorker.com,3287948384,Male,$2954.02,YSQFW2629L,0,0,0,0
12302394778,Kaitlyn,Brayne,1976-03-09,kbrayne6z@un.org,4798491869,Female,$9422.09,WNDDC2684N,0,1,1,0
12383569084,Rachael,Britten,1969-02-19,rbritten70@uol.com.br,5444157486,Female,$3018.54,WXWWH2730I,0,0,0,0
12340600110,Gib,Margaritelli,1994-11-14,gmargaritelli71@economist.com,4439966480,Male,$4852.09,TUKIH8696U,0,1,0,0
12348634640,Sheffield,Grishkov,1961-05-13,sgrishkov72@webnode.com,5374082063,Male,$2724.39,FPOOM0407N,0,0,0,0
12366173936,Lissie,Aslet,1981-03-08,laslet73@google.com.au,1523777881,Female,$5006.69,IAUVF9363O,0,0,0,0
12365243157,Daren,Siggee,1989-07-27,dsiggee74@is.gd,1593221252,Male,$9417.99,PTSNH2992F,0,0,0,0
12388494050,Sheridan,Purchase,1997-01-14,spurchase75@hibu.com,5537444409,Male,$7172.12,UUUQW4473O,0,0,0,0
12384435826,Torey,Duggary,1969-08-01,tduggary76@washington.edu,9323792543,Male,$6830.99,JXNQH7590A,0,0,0,0
12365139161,Sterling,Heibl,1996-01-11,sheibl77@bloglines.com,7828168499,Male,$9267.67,UUNYY5042L,1,0,1,1
12395987457,Dani,Dederich,1975-02-20,ddederich78@hud.gov,9403836645,Female,$10022.94,WNVBM6608H,0,0,0,0
12397496840,Chelsy,Vella,1965-02-18,cvella79@cloudflare.com,1598654063,Female,$5031.93,NFSMT6244K,0,0,0,1
12375781305,Valina,Creamer,1994-12-10,vcreamer7a@youtu.be,3691770267,Female,$7113.62,HEXCS5721F,0,0,0,0
12301371929,Bronnie,Kort,1966-04-11,bkort7b@umich.edu,7702318317,Male,$6989.72,EENQE2987C,1,0,0,0
12307287718,Ingaborg,Mosedale,1990-05-19,imosedale7c@bloglines.com,8362595381,Female,$9191.14,WQQRK7454K,0,1,0,0
12384387339,Orelie,Whitnell,1991-04-15,owhitnell7d@gnu.org,6231309074,Genderfluid,$8651.75,KIZWG1099N,0,1,0,0
12304667204,Danica,Bevan,1963-06-13,dbevan7e@yahoo.co.jp,8812614641,Female,$3552.83,KLJSE6897Y,1,0,0,0
12345765474,Jock,Kolczynski,1986-11-24,jkolczynski7f@comcast.net,5997861425,Male,$10230.99,KXLZI4090D,0,0,0,0
12349184165,Bondie,Justice,1974-04-26,bjustice7g@nba.com,8676892132,Male,$6678.23,XECUW9602X,0,0,0,0
12319426201,Marnie,Pearsall,1965-08-27,mpearsall7h@twitter.com,1078832854,Female,$3699.69,TXGLU0409M,0,0,0,0
12333559310,Jesselyn,Marlow,1972-03-29,jmarlow7i@people.com.cn,1298291259,Female,$7233.00,WLFUG4263T,0,0,0,0
12399839634,Myra,Walklott,1998-10-11,mwalklott7j@theatlantic.com,9586777783,Female,$7453.97,QCSMT7698S,0,0,0,0
12389862456,Vidovic,De Brett,1997-05-14,vdebrett7k@1und1.de,9327294303,Male,$7413.80,NVMZC8474X,0,0,0,0
12388192016,Annora,Lyes,1971-04-04,alyes7l@gnu.org,1288655108,Female,$4530.67,IZNKK9822C,0,0,0,0
12382102952,Fawnia,Reiners,1962-10-09,freiners7m@cargocollective.com,4021385785,Non-binary,$10260.40,TNFIT8454E,0,0,0,0
12328719656,Giulietta,Elderbrant,1986-12-24,gelderbrant7n@theglobeandmail.com,1757971331,Female,$10145.84,MYOIE9371D,1,0,0,1
12389187447,Moselle,Pinwell,1979-01-19,mpinwell7o@unc.edu,7765558620,Female,$7817.35,PCBXK2797J,0,0,0,0
12385740360,Kristyn,Bertwistle,1964-04-19,kbertwistle7p@topsy.com,6809403913,Female,$6599.67,YUSNZ4720A,0,0,0,0
12309246115,Paxon,Youngs,1966-04-16,pyoungs7q@edublogs.org,6911332337,Genderfluid,$4973.66,HJWXE4543G,0,0,0,0
12365036940,Jeffrey,Veronique,1972-08-11,jveronique7r@cbslocal.com,3124021691,Male,$3623.96,VMNKL7394R,0,0,0,0
12385400023,Kelcie,Kill,1986-11-29,kkill7s@google.it,3359888367,Female,$3404.16,FEFTU9475V,0,0,0,0
12365949342,Hirsch,Palphreyman,1987-10-24,hpalphreyman7t@myspace.com,7681265039,Male,$2756.82,YXDBJ1529P,1,0,0,0
12386664437,Vasili,Shakesby,1989-06-02,vshakesby7u@pen.io,1216539174,Male,$7660.03,ZLWXL5319O,0,0,0,0
12374149442,Josee,Tortoise,1994-11-12,jtortoise7v@rediff.com,2766103567,Female,$7933.64,GHDUC2310K,0,0,0,0
12308693188,Bendicty,Honig,1961-10-17,bhonig7w@miibeian.gov.cn,8356170082,Male,$7660.41,YWXJJ8263K,0,0,0,0
12381650550,Raoul,Klemenz,1975-07-11,rklemenz7x@reddit.com,3373101042,Male,$7523.74,VMHNZ7972X,0,1,0,0
12367884085,Augustin,Broster,1988-02-13,abroster7y@naver.com,9676352231,Male,$7172.61,COQXP6509Z,0,0,0,0
12368646312,Consalve,Millson,1960-02-08,cmillson7z@mit.edu,3084768384,Male,$7477.63,JJQKO0274Y,0,0,0,0
12310197808,Axel,McGenis,1980-01-30,amcgenis80@accuweather.com,4982540461,Male,$10109.48,PDGXR9737B,0,0,0,0
12330290840,Ave,Skilbeck,1994-01-08,askilbeck81@google.cn,4196985666,Male,$8277.67,IPLQX5389T,0,0,1,0
12366453136,Hatti,Vaan,1991-06-06,hvaan82@prweb.com,2269507304,Bigender,$7226.87,VWNYI4640K,0,0,0,1
12329257137,Kin,Minci,1999-12-12,kminci83@flickr.com,9369641461,Agender,$3079.80,JUZRB2948H,0,0,0,0
12301514610,Udale,Constable,1974-04-22,uconstable84@europa.eu,7154589875,Male,$5132.34,SVKNO1313R,0,0,0,0
12358817206,Shepherd,Riddock,1993-12-20,sriddock85@wikipedia.org,5064412911,Male,$7205.87,UQVUL3978O,0,1,0,0
12315143543,Curry,Lemar,1978-04-01,clemar86@nasa.gov,1115122540,Male,$5127.04,NLECK1667R,0,0,0,0
12399888885,Werner,Topper,1980-01-27,wtopper87@state.gov,6608793421,Male,$5783.55,APKHS8007H,1,0,0,1
12379323460,Field,Eggins,1962-04-05,feggins88@businesswire.com,1436278566,Male,$8370.72,KSDHK9050Z,0,0,0,0
12358051990,Scarface,Matushevitz,1970-03-03,smatushevitz89@last.fm,8512364354,Male,$7499.12,BSVKV6739L,0,0,0,0
12331868601,Filide,Asche,1974-03-10,fasche8a@tiny.cc,1271661715,Female,$8274.18,BCDJU4292A,0,0,0,0
12387078071,Wileen,Petruszka,1969-04-12,wpetruszka8b@europa.eu,2921454890,Female,$5498.15,XMPDN0433D,0,0,1,0
12377714236,Laurice,Ribchester,1963-07-30,lribchester8c@icq.com,6657256209,Female,$3109.48,RXFEJ7436I,0,0,0,0
12334896678,Harbert,Castiblanco,1976-04-06,hcastiblanco8d@msn.com,5285093721,Male,$3982.14,RPKII1680O,0,0,0,0
12383131701,Lissie,Highnam,1999-10-28,lhighnam8e@imdb.com,9177957877,Female,$9751.54,JUIXV0891E,0,0,1,1
12334274079,Crin,Braisted,1969-01-24,cbraisted8f@barnesandnoble.com,4117738839,Female,$9771.11,TTDKY7181A,1,0,0,0
12356762578,Anabella,Fishleigh,1981-05-24,afishleigh8g@ucoz.ru,9487459383,Female,$2711.13,ZHIMD4102H,1,0,0,0
12344211794,Cordy,McGarel,1969-12-23,cmcgarel8h@jimdo.com,8279064617,Male,$6938.51,XGKON4806J,0,0,0,0
12384907312,Spencer,Brachell,1994-08-12,sbrachell8i@cbslocal.com,8578519280,Male,$2798.20,JNPRU0159B,0,0,0,0
12391249654,Krystal,Hodge,1994-01-03,khodge8j@unc.edu,6469653888,Female,$5315.84,EDLBM5353U,0,0,0,0
12326456254,Annalee,Taylo,1971-09-21,ataylo8k@pagesperso-orange.fr,4589919952,Female,$5009.18,PQHXA1435V,1,0,0,0
12375996860,Caroljean,Lumbley,1991-10-12,clumbley8l@amazon.de,7846967514,Female,$6505.90,KTLIJ5550N,0,0,0,1
12372386394,Penn,Dumbrall,1962-04-01,pdumbrall8m@nydailynews.com,7785206581,Male,$7119.39,NBBSG6683U,0,0,0,0
12397259229,Bale,Chung,1988-06-07,bchung8n@homestead.com,7046983907,Male,$3203.44,DFOHP5272I,0,0,0,0
12369832275,Innis,Lening,1990-07-13,ilening8o@noaa.gov,8601375371,Male,$6656.25,AWGRI4695J,0,0,0,0
12389971132,Lola,Comar,1978-07-20,lcomar8p@youtube.com,7816307492,Female,$6109.37,IMEPK0413H,1,0,0,0
12321056701,Leonora,Coneau,1999-06-26,lconeau8q@slashdot.org,1977458282,Female,$7738.85,HIGJY8768T,0,0,0,0
12315687133,Rickert,Crippen,1962-05-17,rcrippen8r@sciencedirect.com,3539229012,Male,$4506.60,QDANZ0529C,1,0,0,0
12378283640,Zulema,Tiron,1960-02-26,ztiron8s@statcounter.com,8122971313,Female,$6005.26,JNOWO9652B,0,1,1,0
12355543035,Willis,Aizic,1970-04-28,waizic8t@exblog.jp,1375092830,Male,$3998.66,WOXSA2394L,0,0,0,0
12362529371,Desdemona,Chittleburgh,1995-05-21,dchittleburgh8u@biblegateway.com,3512077839,Female,$3083.09,AUELJ2671F,0,0,0,0
12319654556,Harbert,Lodeke,1972-02-02,hlodeke8v@buzzfeed.com,7109521227,Male,$7865.76,MPJJX6142D,0,0,0,0
12321234874,Michel,Alenov,1996-12-28,malenov8w@is.gd,6234915945,Bigender,$2805.85,NXGNJ7507K,0,0,0,0
12375909360,Alvinia,Cowley,1972-07-29,acowley8x@archive.org,1669708479,Female,$10045.11,MKGXE1146D,1,0,0,0
12341412602,Rebeka,Robb,1963-08-29,rrobb8y@ftc.gov,8563949250,Female,$7755.63,AZKFG7081R,1,0,0,0
12397442250,Shara,Gianninotti,1968-11-06,sgianninotti8z@sbwire.com,5049612922,Genderfluid,$3123.32,TLWWD0483V,0,0,0,0
12352602511,Ewen,Ambroz,1968-03-19,eambroz90@washington.edu,8748213541,Male,$4662.33,ZMBTV9781W,0,0,0,0
12345075547,Demetri,Mathou,1971-10-31,dmathou91@mashable.com,6342408712,Male,$4473.10,YOVSY0490Z,0,0,0,0
12395766606,Kalvin,Macknish,1997-10-28,kmacknish92@woothemes.com,1095031438,Male,$5961.02,YDUOF9649X,0,0,0,0
12363733324,Helenelizabeth,Craigmile,1965-07-13,hcraigmile93@tmall.com,2094636266,Female,$5993.90,BWIFY5920C,0,0,0,0
12300340637,Vaclav,Wallege,1970-05-11,vwallege94@icio.us,7042021607,Male,$4777.66,SYOJL2632V,0,0,0,0
12337656535,Cassey,Ould,1982-04-10,could95@amazon.co.jp,2228817865,Female,$8757.61,UEVHQ4918X,0,0,0,0
12362742393,Timi,Hoble,1993-04-20,thoble96@paginegialle.it,5242200807,Female,$5875.75,SIGNP2771F,0,0,0,0
12395971996,Forrester,Pleven,1994-02-11,fpleven97@arstechnica.com,9271931079,Male,$5646.13,DCVSO8874P,0,0,0,0
12377929847,Sharon,Kirkbride,1977-01-17,skirkbride98@symantec.com,3857176553,Female,$6183.59,YKFJO7400D,0,1,0,0
12354865374,Ailene,Leadbetter,1999-08-03,aleadbetter99@spotify.com,5842456024,Female,$2863.77,AGITH4445O,0,0,0,0
12364359196,Aluin,Sandry,1977-12-29,asandry9a@yolasite.com,2336094930,Male,$5155.18,LKBEX7954U,0,0,0,0
12343449438,Gradey,Flacknell,1972-05-07,gflacknell9b@meetup.com,8945346121,Male,$6557.04,RHINI5541I,0,0,0,0
12385695409,Juan,Whatmough,1994-06-28,jwhatmough9c@1688.com,7245468412,Male,$8152.02,SZVXE1979E,0,1,0,0
12309052555,Edik,Wudeland,1983-10-31,ewudeland9d@timesonline.co.uk,4829149743,Genderqueer,$7425.49,FICWV2177Z,0,0,0,0
12310971259,Rockey,Ainscough,1970-08-12,rainscough9e@scribd.com,5858053283,Male,$9458.54,MYJXU0651X,0,0,0,0
12312645137,Darn,Bagg,1991-10-29,dbagg9f@bbc.co.uk,8999590409,Male,$6554.01,ZGXBI6097L,1,0,0,0
12322699318,Eugen,Gawthorpe,1999-04-20,egawthorpe9g@edublogs.org,3562901375,Male,$6996.20,DFTGY9451O,0,0,0,0
12341434295,North,Pudding,1961-08-08,npudding9h@telegraph.co.uk,1267507061,Male,$9433.53,LSCCQ7754G,0,0,0,0
12346466600,Deeyn,Gibbon,1993-08-29,dgibbon9i@pinterest.com,9397481177,Female,$7276.06,JUOZO1778D,0,0,0,0
12372434754,Tiffy,Spalton,1971-02-19,tspalton9j@slashdot.org,9163352265,Female,$10428.80,XVCWR3833C,0,0,0,0
12346416929,Arnold,Siley,1961-04-19,asiley9k@craigslist.org,8371996190,Male,$5201.16,BDMEO8021Q,0,0,1,0
12362714522,Doris,Chasmoor,1980-08-14,dchasmoor9l@freewebs.com,3228795438,Female,$7051.35,VGTJI5177N,0,0,0,0
12360366060,Tripp,Ridgewell,1988-09-07,tridgewell9m@archive.org,2087180452,Male,$8661.49,XRWRA3191X,0,0,0,0
12319110052,Aristotle,Rylance,1978-05-01,arylance9n@patch.com,3308238315,Male,$7748.42,RCOZF0052Y,0,0,0,0
12307340813,Herold,Killingbeck,1988-07-02,hkillingbeck9o@apple.com,6904397314,Male,$5545.98,TFCTG5048X,1,0,0,0
12331760259,Teddi,Truin,1987-01-05,ttruin9p@nydailynews.com,3417770591,Female,$7077.05,KVYOQ4454B,0,0,0,0
12306156581,Kingsly,Brinsden,1969-07-05,kbrinsden9q@census.gov,4969459899,Male,$3995.61,UPXND9133I,0,0,0,0
12327446946,Arnaldo,Millichap,1994-09-04,amillichap9r@mozilla.com,5144168204,Male,$8449.69,ZFPAU6098K,0,0,0,0
12314650222,Misti,Donaghy,1974-02-17,mdonaghy9s@alexa.com,8541330123,Female,$4761.63,PCMVF1143A,0,0,0,0
12387796356,Benedicto,Claybourn,1988-04-07,bclaybourn9t@narod.ru,9813859386,Male,$3648.58,TCJKV5321B,0,0,0,0
12353068531,Daphna,Kreber,1970-02-04,dkreber9u@ucla.edu,7076926151,Female,$5117.04,KUVCV2418T,0,1,0,0
12360725918,Aubrey,Buttler,1973-03-26,abuttler9v@rakuten.co.jp,2977826152,Male,$3319.27,RGGUN1195C,0,1,0,0
12348833884,Bat,Gioan,1976-04-03,bgioan9w@wix.com,6211855153,Male,$4568.50,UHMTN7506B,0,0,0,0
12362764814,Romain,Pudge,1990-09-12,rpudge9x@godaddy.com,2883318619,Male,$4391.23,GLMGA4302X,1,0,0,0
12370721948,Zackariah,Kornalik,1980-10-09,zkornalik9y@comcast.net,8093920295,Male,$3190.08,LYDQG9905I,0,0,0,0
12325060376,Woodie,Belvin,1981-08-06,wbelvin9z@woothemes.com,2799443415,Male,$3632.85,UZYDB1049Q,1,1,0,1
12386996358,Lorant,Grayland,1961-05-15,lgraylanda0@google.ca,6532160008,Male,$8700.97,FZMOY9649T,0,1,0,0
12380516693,Crissie,Attenbarrow,1978-10-02,cattenbarrowa1@cbc.ca,7416297681,Genderfluid,$7150.53,UQOBK6062Q,0,0,0,0
12305495222,Tobie,Edworthie,1985-09-06,tedworthiea2@liveinternet.ru,3385359898,Male,$3674.83,ATMCL7804J,1,0,0,0
12362911250,Lewes,Keeping,1994-04-04,lkeepinga3@phoca.cz,3677769837,Male,$2976.12,UCEJW6861X,0,0,0,0
12364778386,Perren,Othick,1963-10-20,pothicka4@yellowbook.com,6761753430,Male,$7818.01,FDMRT6825U,0,1,0,0
12377306540,Connor,Repper,1998-10-21,creppera5@ezinearticles.com,3128815659,Male,$9403.25,UTUSY1943H,1,0,0,0
12369227650,Florella,Teresi,1990-02-21,fteresia6@vkontakte.ru,2166126207,Female,$7376.10,HIDUR0747Q,0,0,0,0
12346761981,Ganny,St Ange,1984-09-21,gstangea7@livejournal.com,9415721933,Male,$3729.74,RQSTU2917I,0,1,0,0
12334085930,De,Rupert,1981-05-27,druperta8@ow.ly,5942094492,Female,$10171.59,NAPJN9217L,0,0,0,0
12338352608,Blondell,O'Fogerty,1982-08-15,bofogertya9@japanpost.jp,3619522509,Agender,$8147.06,TIOZA2052N,0,0,0,0
12394944021,Gigi,Espinal,1984-05-13,gespinalaa@scribd.com,5725970354,Female,$4992.16,RMTMA8881O,0,0,0,0
12363566654,Bobine,Ranger,1967-12-13,brangerab@hugedomains.com,2287345100,Female,$7722.04,XEWEJ4493K,0,0,0,0
12395098789,Sheri,Gunther,1998-03-19,sguntherac@163.com,3337343648,Female,$6890.91,KJZPW0609H,0,0,0,0
12372896515,Sholom,Weekland,1995-04-15,sweeklandad@yandex.ru,3606004881,Male,$2809.60,PODKH1809I,0,0,0,0
12384258649,Constancy,Frazier,1963-12-14,cfrazierae@ebay.co.uk,8091682011,Female,$5902.19,WPVJQ4842U,1,0,0,0
12329811937,Dorian,Binny,1960-12-09,dbinnyaf@webnode.com,8879144336,Female,$3361.65,KYBQU9703M,0,0,0,0
12344356489,Arman,McCoole,1967-06-04,amccooleag@craigslist.org,8553335018,Non-binary,$4993.92,WQPZA5000B,1,0,0,0
12334502776,Curran,Kryszka,1973-01-05,ckryszkaah@squarespace.com,9754766783,Male,$8984.56,NDJNV6847K,0,0,0,0
12351379977,Ruddie,Matton,1994-06-07,rmattonai@businessinsider.com,4164972807,Male,$5840.88,UJBQN6093E,1,0,0,0
12343894124,Whittaker,Gifkins,1967-07-28,wgifkinsaj@exblog.jp,6784663156,Male,$4826.05,ZIEUW9155C,0,0,0,0
12371598580,Aindrea,Yo,1982-07-09,ayoak@google.es,8119332208,Female,$9984.78,ZMFHW8017O,1,0,0,0
12375161823,Otha,Lainton,1969-11-27,olaintonal@who.int,8716479687,Female,$5354.03,GNAQA2067R,0,0,1,0
12358775026,Zandra,McMurraya,1977-05-11,zmcmurrayaam@multiply.com,4088362526,Female,$4255.24,JYJSZ4986X,0,0,0,0
12385092381,Barry,Dyche,1989-11-02,bdychean@yolasite.com,5152800021,Female,$4975.62,ZGCFK0703K,0,0,0,0
12316480416,Louie,Gowdridge,1977-12-14,lgowdridgeao@linkedin.com,5787187070,Male,$3185.95,JPBNE7261J,0,0,0,0
12385580869,Rosina,Greydon,1974-05-20,rgreydonap@smugmug.com,3183485036,Female,$6889.20,HRART0015S,0,1,0,0
12337525347,Ardeen,Camili,1987-12-08,acamiliaq@hibu.com,3279899936,Female,$2661.40,CURYU8694P,0,0,0,0
12336741869,Sansone,Deek,1964-09-03,sdeekar@netscape.com,6341730742,Male,$8646.81,IUAJR3523H,1,0,0,0
12377677998,Boycey,Moulding,1988-09-27,bmouldingas@newsvine.com,3908759945,Male,$5037.90,CIXKE3113C,0,0,0,0
12313093841,Moyna,Gruby,1963-02-23,mgrubyat@tamu.edu,6366703006,Female,$9094.77,PBYVL3867I,0,0,0,0
12353576060,Leroi,Jozsika,1983-01-08,ljozsikaau@ucla.edu,8272925531,Male,$3741.44,YPZLY0583X,1,0,0,0
12342136733,Kamilah,McFeate,1965-10-09,kmcfeateav@about.com,2037910529,Female,$6641.34,YZBAI5724F,0,0,0,0
12352578936,Stanley,Backsal,1985-03-23,sbacksalaw@vistaprint.com,2832698605,Male,$9185.79,QUMBV1513X,0,1,0,0
12359930060,Cassandry,Gaylor,1969-02-03,cgaylorax@comcast.net,9862848690,Female,$8261.27,MXTFY7547Z,0,0,0,0
12344781358,Dorri,Tant,1993-11-23,dtantay@flavors.me,6129092576,Female,$4624.25,FXIBB8366B,0,0,0,0
12392509357,Kendra,Falconer-Taylor,1975-11-25,kfalconertayloraz@simplemachines.org,2016982727,Female,$7456.79,OZOCO7698S,0,0,0,0
12316096816,Ed,Oxx,1992-05-24,eoxxb0@yale.edu,7816959699,Male,$10055.91,KCLEH7922F,1,1,0,0
12397516888,Haily,Permain,1972-07-27,hpermainb1@home.pl,2943481503,Genderfluid,$5713.81,VKTUI9502S,0,0,0,0
12353590800,Kenyon,Garrity,1966-07-29,kgarrityb2@twitter.com,3243507103,Male,$9290.94,MZQND0515H,0,0,0,0
12330170376,Sosanna,Crosskill,1983-09-28,scrosskillb3@dedecms.com,2081262410,Female,$5614.53,UJKQK0517U,1,0,0,0
12334318207,Persis,Buckthorpe,1991-02-12,pbuckthorpeb4@jalbum.net,7158464227,Female,$5776.70,PWUCJ2058I,0,0,0,0
12364881116,Daphene,Arrigucci,1982-04-02,darriguccib5@google.cn,1417380481,Female,$7460.19,BGBQM4631H,0,1,0,0
12381676974,Valentijn,Dennant,1961-10-11,vdennantb6@yelp.com,2903366165,Male,$8963.94,BSWZL3237D,0,0,0,0
12301307519,Willette,Simanek,1970-11-15,wsimanekb7@example.com,7565784876,Female,$6488.78,IOZZS9339Q,0,0,0,1
12363029714,Even,Cossington,1998-03-13,ecossingtonb8@elpais.com,5671319620,Male,$5316.48,MGPHL1384H,0,0,0,0
12318968486,Monah,Mc Comb,1976-01-11,mmccombb9@issuu.com,3488625970,Female,$3894.52,RDGZM9292Q,0,0,0,0
12322207150,Terrell,Crabtree,1974-01-01,tcrabtreeba@ask.com,3012114776,Male,$2961.00,NTHMF3206V,0,0,0,0
12314536107,Trisha,Gilhooly,1982-02-19,tgilhoolybb@foxnews.com,2333992266,Female,$6982.75,TWYQC7512V,1,0,0,0
12365684189,Lissie,Looby,1970-08-05,lloobybc@blinklist.com,1174835220,Female,$6069.76,MAKPQ6220O,1,0,0,0
12376518486,Inger,Egiloff,1989-09-17,iegiloffbd@cam.ac.uk,9409979017,Male,$4831.71,UVRYO0455D,0,0,0,0
12352874086,Domeniga,Hunton,1990-12-28,dhuntonbe@shutterfly.com,8169011503,Female,$5932.07,AOFDQ2494J,0,0,0,0
12317163309,Alejoa,Hollingsby,1998-05-04,ahollingsbybf@jiathis.com,6833770117,Male,$4806.82,JFZUU6746U,1,0,0,0
12328215190,Wileen,Eidler,1967-01-05,weidlerbg@intel.com,1835035926,Female,$8628.43,EHXPG7663N,0,0,0,0
12390085403,Katharina,Louthe,1972-02-12,klouthebh@cloudflare.com,2912386263,Female,$3060.75,GUQZW9050R,0,0,0,0
12343582646,Bevvy,Blodg,1962-07-07,bblodgbi@mediafire.com,6382027411,Female,$9612.37,JBUUC4747J,0,0,0,0
12306074339,Liuka,Walklot,1979-04-10,lwalklotbj@simplemachines.org,2198362903,Female,$4772.34,VZAUV0304C,1,0,0,0
12357032702,Yul,Tuison,1991-08-13,ytuisonbk@dailymail.co.uk,5318710244,Male,$3809.31,TNNFV7287J,1,0,0,1
12324393751,Merilyn,Exall,1978-03-04,mexallbl@dion.ne.jp,3214712933,Female,$10026.03,XNIIX2128O,0,0,0,0
12394966567,Rozalie,Calcott,1988-09-11,rcalcottbm@wisc.edu,3199087125,Female,$4994.19,AWROX3343A,0,0,0,0
12358881426,Vlad,MacLice,1969-11-07,vmaclicebn@xing.com,8737369727,Male,$8412.21,YLJON6597J,0,0,0,0
12367831801,Odella,Verson,1986-08-30,oversonbo@nba.com,7643904323,Female,$2777.80,FAISY5217U,0,0,0,0
12381832846,Odella,Meese,1993-08-05,omeesebp@a8.net,5609712205,Polygender,$5629.48,XUKYP7159C,0,0,0,0
12378591028,Leonard,Ilyinski,2000-10-13,lilyinskibq@edublogs.org,8233274925,Male,$5764.97,DIFUP7584M,0,1,0,0
12347556090,Alice,Boothebie,1975-07-01,aboothebiebr@tinypic.com,1182352461,Female,$5209.38,FFAOV9303O,0,0,0,0
12322509263,Lyn,MacNelly,1968-07-07,lmacnellybs@i2i.jp,9309063748,Genderqueer,$2741.54,WGRZE9354J,0,1,0,0
12311981942,Katey,Lucken,1962-07-18,kluckenbt@webs.com,9636340255,Female,$5714.48,NJXXO3730J,0,0,0,0
12366202721,Trixy,Kydde,1967-02-07,tkyddebu@wired.com,6519019482,Female,$5926.75,XXZGX4063O,0,0,0,0
12328347036,Mame,Ubank,1973-10-03,mubankbv@cargocollective.com,3821329304,Female,$7020.50,EUZZV1631I,0,0,0,0
12319099137,Avigdor,Thomke,1962-05-13,athomkebw@ox.ac.uk,1265489543,Male,$5444.20,YTCUL7067L,0,0,0,0
12304212305,Kirsten,McGarva,1991-03-16,kmcgarvabx@fastcompany.com,3399922387,Genderfluid,$5436.07,CITDX5493E,0,0,0,0
12383484723,Skip,Boyce,1974-12-17,sboyceby@omniture.com,4076150693,Male,$6659.10,IOKHN7946V,0,0,0,1
12366556502,Bari,McKerron,1970-12-15,bmckerronbz@bizjournals.com,2933685408,Female,$6467.16,VUVSB2315Z,1,0,0,0
12356745804,Hadrian,Quelch,1976-06-26,hquelchc0@businesswire.com,1619789503,Male,$3041.23,RKCGX6998X,0,0,0,0
12362963557,Bennie,Calverd,1972-04-11,bcalverdc1@deliciousdays.com,4258331844,Male,$4574.71,FPFRQ2591F,0,0,0,0
12378751526,Winny,Krystek,1992-04-25,wkrystekc2@multiply.com,9034088795,Male,$9420.94,AODQK5271O,1,0,0,0
12352187764,Krissy,Schulze,1969-12-24,kschulzec3@noaa.gov,2697742223,Female,$9708.49,SUVLI3598Y,0,1,0,0
12380115428,Flinn,Potter,1961-04-25,fpotterc4@ocn.ne.jp,1974160937,Male,$4263.57,ZRODQ9533J,0,0,0,0
12332698746,Tracy,Crinion,1975-07-30,tcrinionc5@biblegateway.com,7216572320,Male,$6882.76,TNNGF6700S,1,0,0,0
12391643193,Stacy,Rochelle,1982-09-26,srochellec6@cbslocal.com,6045189369,Male,$3531.94,YVDRN6390F,0,0,0,0
12311128388,Deirdre,Sylvester,1966-07-10,dsylvesterc7@seattletimes.com,2206679049,Female,$9338.38,QAIGS2449J,0,0,0,1
12379421070,Alexis,Ranson,1968-12-05,aransonc8@vistaprint.com,5311945412,Female,$9961.94,ZCSZN5415Q,0,0,0,0
12378918842,Chris,Paxman,1970-03-25,cpaxmanc9@stanford.edu,8985397266,Male,$10405.61,TRDCF3387L,0,0,0,0
12316997339,Markos,Buttner,1960-05-15,mbuttnerca@yahoo.com,1748564228,Male,$10336.73,SHGQB6734Z,1,0,0,0
12315738917,Mirna,Cornill,1981-01-12,mcornillcb@npr.org,7304103950,Female,$8694.82,TANYF6797J,1,0,0,0
12322928704,Bradly,Lissimore,1961-03-28,blissimorecc@altervista.org,1473282480,Male,$5417.39,TXRCB6724R,0,0,0,0
12373636744,Riley,Guiett,1974-08-27,rguiettcd@themeforest.net,5382649377,Male,$7924.06,COWKZ0180C,0,1,0,0
12336075518,Natalie,Grellis,1979-04-14,ngrellisce@merriam-webster.com,7185656193,Female,$8212.85,ABAXW2659C,0,1,0,0
12374497840,Germayne,Dabner,1980-04-25,gdabnercf@examiner.com,1508788322,Male,$4713.24,XKWCK0491T,0,0,0,0
12344045918,Valerye,Castane,1997-03-01,vcastanecg@tumblr.com,3162122392,Female,$9042.00,IUSYW1673N,0,0,0,0
12371425707,Cross,Bazek,1965-10-18,cbazekch@1und1.de,3262299605,Male,$7828.81,CTNHM7578I,1,0,0,0
12370286532,Kally,Comizzoli,1961-03-17,kcomizzolici@cam.ac.uk,3961705369,Female,$4843.93,LQEFB7068I,0,0,0,0
12307322785,Toma,Tobias,1975-08-17,ttobiascj@skype.com,9082822820,Female,$7856.56,PDZVI0256M,0,0,0,0
12392843926,Katrina,Cowgill,1976-05-18,kcowgillck@people.com.cn,3306924049,Female,$7838.89,LOUKD1569K,0,0,0,0
12343526436,Marchelle,Abbatucci,1963-10-19,mabbatuccicl@yellowpages.com,7717255114,Female,$3803.74,LCDFE3285K,1,1,0,0
12396007403,Xymenes,Gladbach,1983-04-26,xgladbachcm@state.tx.us,2542517869,Male,$9903.86,JNHQZ5789W,1,0,0,0
12302410814,Marlowe,McMeeking,1999-03-02,mmcmeekingcn@dmoz.org,5354566009,Male,$7677.92,LLQHO9982D,0,0,0,0
12300653215,Janeta,Khomin,1982-02-26,jkhominco@etsy.com,5828481914,Female,$3845.92,ZQGEZ4642Z,0,0,0,0
12305556400,Gnni,Netti,1989-05-05,gnetticp@springer.com,4068949670,Female,$7134.55,HBWCD2187U,1,0,0,0
12369466093,Judy,Plewman,1990-04-14,jplewmancq@youku.com,2983795621,Female,$5458.63,XDTOL5707R,0,0,0,0
12332287035,Dennis,Georgel,1981-12-25,dgeorgelcr@adobe.com,8616004252,Male,$6286.59,WOLAD1781P,0,0,0,0
12320102600,Corbin,Kulver,1963-04-14,ckulvercs@digg.com,6358802928,Genderqueer,$4179.97,NFBOA4994H,1,1,0,1
12337299207,Constance,Mintrim,1990-05-19,cmintrimct@angelfire.com,8642740345,Female,$7157.33,QNFUW8432F,0,0,0,0
12376017885,Igor,Worboys,1965-01-23,iworboyscu@ft.com,9753364487,Male,$10429.19,UFUPX0584F,0,0,0,0
12305071675,Felicle,Lawtey,1981-04-14,flawteycv@themeforest.net,7529907785,Female,$8503.34,ZGCHT9650J,0,1,0,0
12399468568,Yetty,Wishart,1987-05-29,ywishartcw@dmoz.org,4438477238,Female,$9107.56,ITFDZ8607O,0,0,0,0
12369150368,Latashia,Kilner,1993-06-02,lkilnercx@accuweather.com,2365513092,Agender,$9600.66,OEWQY3410G,0,0,0,1
12392710949,Niko,Snailham,1989-08-04,nsnailhamcy@alibaba.com,6364931865,Genderfluid,$10145.91,VNQTG2297Z,0,1,0,0
12334251370,Lawry,Chaman,1986-03-11,lchamancz@ibm.com,4493971522,Male,$6876.90,RPUNY8708K,1,0,0,0
12371483032,Bent,Pawden,1960-09-08,bpawdend0@europa.eu,7542531200,Male,$6028.12,MAOWW6487G,0,0,0,0
12312131844,Boigie,Landy,1971-08-16,blandyd1@devhub.com,6939557048,Male,$6921.98,NGXRC9025L,0,0,0,0
12360013583,Aggi,Fairey,1994-12-12,afaireyd2@google.com.br,4163350553,Non-binary,$2575.05,XIYRR2424C,0,0,0,0
12373983361,Sibeal,Ind,1969-11-16,sindd3@time.com,3278019772,Female,$7213.50,SKQKJ3617L,0,0,0,0
12351543177,Vivyan,Senett,1979-06-01,vsenettd4@unesco.org,9797314842,Female,$9297.46,RNHHX3946N,0,0,1,0
12303276015,Eb,Pavolini,1989-11-13,epavolinid5@wikimedia.org,4447661321,Male,$7663.77,FVNQH6861Q,0,0,0,0
12357901704,Zelda,Davidovitz,1985-02-14,zdavidovitzd6@issuu.com,1171035867,Female,$9092.69,XQDHB9232Y,0,0,0,0
12342008442,Donny,Devorill,1962-09-14,ddevorilld7@imgur.com,1975274320,Male,$8236.34,ZARGO2303T,1,0,0,0
12373133562,Kasper,Biddlestone,1996-12-01,kbiddlestoned8@amazon.de,7494289835,Male,$2942.62,HOETK7060J,0,0,0,0
12345467963,Harcourt,Daymont,1960-12-30,hdaymontd9@123-reg.co.uk,8921259195,Male,$2847.90,YHUIT8725F,0,0,0,0
12372698400,Kath,Semiraz,1961-05-09,ksemirazda@cafepress.com,7753849651,Bigender,$4179.70,XVQQT1422L,0,0,0,0
12320149304,Stillmann,Smeuin,1984-09-16,ssmeuindb@wired.com,3009017281,Male,$2990.15,ULCBS2547R,0,0,0,0
12300418653,Patricia,Heber,1967-07-24,pheberdc@feedburner.com,6022227802,Genderfluid,$7047.20,CJTDI9886R,0,0,0,0
12364563936,Aloysius,Slessar,1963-05-17,aslessardd@ask.com,3797885330,Male,$4025.55,MYKQU5521D,0,0,0,0
12386705665,Magdaia,Pleven,1966-04-10,mplevende@lycos.com,3376165016,Genderqueer,$4152.32,CQGLN0034O,0,0,0,0
12349898896,Catie,Boughtflower,1993-11-13,cboughtflowerdf@edublogs.org,6863376484,Female,$2902.24,MLBSI3954E,0,0,0,0
12300062310,Lilly,Durden,1966-07-18,ldurdendg@storify.com,2113803670,Female,$9537.58,DKYHV6039C,0,0,0,0
12348905306,Javier,Cheasman,1998-05-27,jcheasmandh@hao123.com,6302628990,Male,$9031.75,NLOWU6869K,0,0,0,0
12381637988,Alfi,Lovell,1984-04-11,alovelldi@typepad.com,6643210956,Female,$4450.32,CMHZE7700W,0,1,0,0
12382811292,Shauna,Woolner,1991-11-19,swoolnerdj@reverbnation.com,8994185055,Female,$6588.24,VDEWE3759X,0,0,0,0
12355461252,Nappie,Mendenhall,2000-12-27,nmendenhalldk@constantcontact.com,1738341991,Male,$4313.34,TZAQG0060I,0,0,0,0
12361553417,Claudette,Pearn,1969-02-03,cpearndl@odnoklassniki.ru,8413384776,Female,$3290.51,LWKAA5618W,1,0,0,0
12384759001,Errick,Kennaway,1967-05-04,ekennawaydm@dailymotion.com,6371997953,Male,$10422.50,ZWWQF6181O,0,0,0,0
12330003257,Hillary,Dunford,1972-08-24,hdunforddn@unesco.org,2055527067,Female,$3962.75,YCFVW1951D,0,0,0,0
12322800839,Lulita,Davers,1997-12-10,ldaversdo@vkontakte.ru,4891167948,Female,$3456.68,LHWRK9499N,0,0,0,0
12357979463,Dimitry,Profit,1988-04-30,dprofitdp@barnesandnoble.com,7974736914,Male,$8794.76,HJBBH8373R,1,0,0,0
12383201928,Bernice,Kettlesing,1971-08-11,bkettlesingdq@fastcompany.com,6518117566,Female,$6726.84,WDAXQ6855R,0,0,0,0
12301980343,Alvan,Garrettson,1994-08-17,agarrettsondr@friendfeed.com,8572324677,Male,$3933.13,DLWVS1944N,0,0,0,0
12321002235,Patti,Ripping,1975-02-21,prippingds@twitter.com,4064586322,Female,$8606.21,TVAHZ6210M,0,0,0,0
12345741581,Brody,Wardlow,1974-09-04,bwardlowdt@google.ca,1807609966,Male,$5813.21,KMTIX6846U,0,0,0,1
12374700359,Mervin,Gwinn,1995-06-01,mgwinndu@goodreads.com,9536997193,Male,$9893.59,KHGVE3765Z,0,1,0,0
12302822446,Pandora,McMurdo,1986-11-24,pmcmurdodv@sakura.ne.jp,4709767305,Female,$7024.24,SOTCS8902A,1,0,0,0
