CIF Id,first_name,last_name,DOB,email,Mobile No,gender,Salary,PAN,Credit Card,Home Loan,Car Loan,Insurance
12224357270,Gigi,Baudi,1972-10-25,gbaudi0@tuttocitta.it,1231876445,Female,$10026.98,VCEBE2280A,0,0,0,0
12289072681,Aryn,McKiddin,1960-01-10,amckiddin1@acquirethisname.com,4805672385,Female,$4095.99,XPYKI0802V,0,0,0,0
12202877595,Jared,Aisman,1991-07-14,jaisman2@infoseek.co.jp,1376570920,Male,$3533.99,SLWDK7374A,0,1,0,0
12258957043,Nels,Simmell,1998-09-05,nsimmell3@slideshare.net,2466389756,Male,$9689.47,ZDPVD8887M,1,0,0,0
12223144519,Billy,Bromige,1978-09-16,bbromige4@theguardian.com,3669460876,Male,$9325.28,CYEBX0623J,0,0,0,0
12295165972,Ardene,Corsan,1990-05-21,acorsan5@go.com,5333903349,Female,$3425.71,VTRWH7208J,0,0,0,0
12261856502,Langston,Tite,1990-09-21,ltite6@answers.com,6322093379,Male,$3250.55,OYRCW7125A,0,1,0,0
12218559011,Walsh,Gregon,1996-04-11,wgregon7@bloglovin.com,3258939856,Bigender,$6473.85,WWNIU0168K,0,0,0,0
12212751276,Mindy,Carrane,2000-01-20,mcarrane8@latimes.com,5232664955,Genderqueer,$6996.06,MVLBW9378N,0,0,0,0
12239280240,Saidee,Marini,1975-06-11,smarini9@wufoo.com,4376216037,Female,$10154.40,ECVXA0690D,0,0,0,0
12242094586,Andriette,Le Fleming,1967-06-21,alefleminga@engadget.com,8967394351,Female,$2930.60,UAAXW9817U,0,0,0,0
12253509176,Alex,Cornelis,1963-08-02,acornelisb@skyrock.com,7798936580,Female,$4636.64,OYDHK5459O,1,0,0,0
12261159116,Bradley,De Malchar,1994-08-18,bdemalcharc@sciencedaily.com,9543047490,Male,$9412.90,YAWPV4701T,0,0,0,0
12267665549,Donalt,Blaise,1968-01-13,dblaised@addthis.com,1801866820,Polygender,$7430.65,BZQZK4433Q,0,0,0,0
12283266446,Ulric,Beswell,1966-08-27,ubeswelle@msu.edu,4439446205,Male,$3996.78,OSGBT9697X,0,0,0,0
12281830857,Lolita,Kedge,1974-11-08,lkedgef@hp.com,8237285372,Female,$7835.07,KGJTA7538B,0,0,0,0
12208842797,Hart,Twigge,1968-02-12,htwiggeg@goodreads.com,5619480599,Male,$5280.23,DZTFO5476J,0,0,0,0
12204651366,Towney,Blacksell,1984-11-15,tblacksellh@utexas.edu,2446577182,Male,$9674.88,GNBUL9820O,0,0,0,0
12294690823,Ty,Tipperton,1989-03-23,ttippertoni@bbc.co.uk,3369485392,Male,$10031.19,HISGP9658Y,0,0,0,0
12212607096,Mateo,Marten,1997-01-06,mmartenj@hao123.com,7016485709,Male,$5972.45,FWPAP3494T,0,0,0,0
12218351577,Giralda,Brockherst,2000-03-28,gbrockherstk@ovh.net,9874763866,Female,$8670.27,APBZB3008P,0,0,0,0
12234667503,Brion,Plak,1980-01-01,bplakl@amazonaws.com,6602523547,Male,$9114.94,YGPKO1879P,1,0,0,0
12232690458,Tansy,Armitage,1998-05-02,tarmitagem@bing.com,5905091518,Bigender,$8193.52,WIBBX4644J,1,0,0,0
12299700597,Madge,Prate,1969-02-06,mpraten@chron.com,7229079859,Female,$2692.95,YGYGO4791R,1,0,0,0
12210588502,Lazarus,Popple,1999-02-08,lpoppleo@weather.com,1078124810,Male,$5671.10,MRMIP6992P,1,0,0,0
12276346324,Wadsworth,Delacroux,1989-10-20,wdelacrouxp@aol.com,8444913950,Male,$6242.11,MDQAX3982W,0,0,0,0
12219503474,Shandeigh,Pattisson,1996-08-10,spattissonq@wikimedia.org,2099932198,Female,$6300.69,FBWBZ6999B,0,0,0,0
12207123438,Fey,Aindrais,1960-04-22,faindraisr@uiuc.edu,8363463052,Female,$4269.73,IWENS4206X,0,0,0,0
12260696163,Malachi,Crossthwaite,1990-09-15,mcrossthwaites@hugedomains.com,3634619348,Genderfluid,$3668.73,EHNNO4595W,0,0,0,0
12258294222,Quinn,Cassam,1997-04-11,qcassamt@skyrock.com,9493514260,Male,$6555.17,OQUPU8590R,0,0,0,0
12246618152,Mark,Rallinshaw,1983-06-25,mrallinshawu@about.me,4695119484,Male,$9991.91,BUFWE3990W,0,0,0,0
12215929746,Starlene,Rutigliano,1979-10-31,srutiglianov@apple.com,2599926405,Female,$8281.84,WZRKZ0575J,0,0,0,0
12235792720,Buck,Cowlishaw,1962-01-27,bcowlishaww@cbslocal.com,2702292042,Male,$5049.71,CXFZY0511L,0,0,0,0
12232855957,Dewitt,O' Quirk,1981-07-31,doquirkx@soup.io,8814359215,Polygender,$6066.50,EJOJN9680R,0,0,0,1
12260707750,Lorrayne,Riche,1963-11-21,lrichey@jalbum.net,7242971015,Female,$5657.01,LUEUN6126I,0,0,0,0
12233128840,Lucila,Osipov,1997-01-09,losipovz@tinyurl.com,2005705380,Female,$3966.81,PZOXN5583H,0,0,0,0
12219751772,Alvinia,Statersfield,1968-09-12,astatersfield10@imdb.com,3033823569,Female,$8467.80,MBPVM5697C,0,0,1,0
12242390638,Opaline,Petow,1980-08-10,opetow11@washington.edu,5367392983,Female,$5749.12,KNQSC5229R,1,0,0,0
12280676522,Corrine,McGowing,1974-02-22,cmcgowing12@businesswire.com,1604811168,Female,$4844.18,KMUPC7094K,0,1,0,0
12258262811,Mendie,Abarough,2000-03-26,mabarough13@mozilla.org,6164411183,Male,$9629.37,PAAHU6487V,0,0,0,1
12232364079,Star,Josephs,1987-12-08,sjosephs14@blogspot.com,6978069191,Female,$9741.93,BNIPZ4153G,0,0,0,0
12214833187,Cleo,Worrall,1971-11-26,cworrall15@home.pl,3246431342,Female,$10434.95,BKNVT1542Q,1,1,0,0
12218612504,Vivie,Mazin,1997-05-18,vmazin16@creativecommons.org,1035581408,Female,$10244.51,VBIWA3627M,0,0,0,0
12283850536,Roxi,Skamal,1983-08-18,rskamal17@mashable.com,5776067497,Female,$3467.20,OJMGM7377P,0,1,0,0
12290353453,Morganica,Snedker,1969-02-18,msnedker18@elpais.com,1956574941,Agender,$10422.91,FFIEC6689I,0,0,0,0
12219088099,Irita,Scarlett,1990-02-15,iscarlett19@jugem.jp,4031209140,Female,$8733.94,QMMNA0147L,0,0,0,0
12286955404,Johnette,Schoolcroft,1978-07-07,jschoolcroft1a@ow.ly,9226680357,Female,$3765.01,KXDTU5163V,0,0,0,0
12255592392,Sam,Batson,1991-07-24,sbatson1b@fc2.com,9485240411,Male,$8138.75,SQTOQ5670E,0,0,0,0
12218959264,Renault,Corfield,1965-01-07,rcorfield1c@ucoz.com,4576037539,Male,$4389.45,CYJTQ5069H,0,0,0,0
12296448858,Emile,Brandsma,1960-01-12,ebrandsma1d@scribd.com,9209911273,Genderfluid,$4169.14,XVORM1317M,1,0,0,0
12280634956,Stanley,Iggo,2000-03-09,siggo1e@github.com,7457005027,Male,$8038.94,APEVI5741J,0,0,0,0
12278778905,Elva,Castanos,1975-05-05,ecastanos1f@cam.ac.uk,6539270404,Bigender,$5808.71,XPUUE5310R,0,0,0,0
12228788859,Merl,Kieran,1983-08-04,mkieran1g@alexa.com,9314067750,Female,$2687.18,IFWOE8345C,1,1,0,0
12200447810,Olympia,Broady,1983-10-17,obroady1h@paypal.com,3634840619,Female,$6090.87,VLRYS3164X,0,0,0,0
12254992000,Rollo,Hane,1988-08-30,rhane1i@ycombinator.com,5762633791,Male,$8241.69,QMCIG6926E,0,0,0,0
12291468014,Betti,Spalls,1978-02-26,bspalls1j@amazon.com,4361307345,Female,$8656.80,QERFV9430K,0,0,1,0
12254026057,Cosimo,Bendixen,1974-09-18,cbendixen1k@ucsd.edu,7772433606,Male,$6935.69,TMRXV5710O,0,0,0,0
12252812287,Eolanda,Mellanby,1997-04-15,emellanby1l@i2i.jp,1341520870,Female,$2989.25,IGDEU6430Q,0,0,0,0
12267653668,Ferguson,Fraczkiewicz,1986-01-07,ffraczkiewicz1m@angelfire.com,3071570629,Male,$6488.07,CCAKV3354R,0,0,0,1
12259357754,Wayland,Macer,1984-10-09,wmacer1n@bloomberg.com,2498662040,Male,$3337.21,ZGQCI9194K,0,0,0,0
12272309430,Sampson,Mingaye,1981-01-19,smingaye1o@eepurl.com,3566390637,Bigender,$2574.03,ZHTDE6346L,0,0,0,0
12220369593,Ellswerth,McCafferky,1973-08-13,emccafferky1p@soup.io,9853198460,Male,$3230.64,AKDZD6864W,0,0,0,0
12236302032,Pepi,Kilban,1994-03-27,pkilban1q@tinypic.com,3058008094,Female,$7306.29,LGUFN3715D,0,0,0,0
12242820942,Sanders,Kibby,1964-08-19,skibby1r@myspace.com,1168173435,Male,$10161.45,SMZJD6929Z,1,0,0,0
12278784805,Mair,Tamsett,1980-07-30,mtamsett1s@admin.ch,2081698835,Female,$3057.90,EFMGS7199F,0,0,0,0
12284351358,Andie,Rowly,1998-11-01,arowly1t@boston.com,1448055902,Male,$5007.07,SXNHI2131B,0,0,0,0
12270391384,Walther,Richen,1977-11-09,wrichen1u@e-recht24.de,5253432765,Male,$7169.25,QBDCS1632U,0,0,0,0
12218158678,Jerome,Heape,1974-04-23,jheape1v@nyu.edu,4321301376,Male,$5486.92,QIFLP6563J,0,0,0,0
12287947070,Asher,Combes,1978-08-06,acombes1w@amazonaws.com,7779310151,Male,$5991.19,CJUBG0382O,0,0,0,0
12218513742,Kimberley,Hanburry,1961-09-19,khanburry1x@reddit.com,1221228810,Female,$6840.25,ZQLUX0232T,0,0,0,0
12282860252,Grier,Thurby,1986-03-01,gthurby1y@sun.com,7306043351,Female,$7265.61,YAHHA2122H,1,0,0,0
12201934223,Aleda,Stygall,1997-11-17,astygall1z@t.co,1005187180,Female,$4803.76,RAMQE4429H,0,0,0,0
12274177126,Gerladina,Motton,1970-04-25,gmotton20@yahoo.co.jp,5695086857,Female,$8736.45,FYQHS3894A,0,0,0,0
12206766348,Jarrod,Moon,1999-01-28,jmoon21@hexun.com,4626970341,Male,$5236.52,JGTAJ1688D,0,0,0,0
12247602998,Timmy,Bellhouse,1963-04-11,tbellhouse22@symantec.com,6761122591,Male,$3269.40,TLDUU3776V,0,0,0,0
12202492562,Corrie,Dawney,1978-01-02,cdawney23@privacy.gov.au,4827692769,Male,$10008.48,ZMOHL8377W,0,1,0,0
12213741240,Morey,Edgin,1978-06-16,medgin24@youku.com,3191885866,Male,$10133.31,GGTRE7659Q,0,0,0,0
12289594605,Averil,Favey,1990-12-02,afavey25@businessweek.com,6019594425,Female,$7044.97,PCUFL3605V,0,0,0,0
12231061791,Vanny,Asson,1975-01-30,vasson26@washingtonpost.com,3245916616,Female,$6823.92,RQOIQ5167Y,0,0,0,0
12293897253,Bryana,Lempke,1963-07-04,blempke27@salon.com,1637973383,Female,$6198.64,AOAJK4775M,0,0,0,0
12269498149,Hal,Kirimaa,1970-09-19,hkirimaa28@timesonline.co.uk,6984568559,Male,$4183.28,EDGRE4555K,0,0,0,0
12202174809,Alexis,Le Breton De La Vieuville,1973-08-26,alebretondelavieuville29@prnewswire.com,3689322882,Female,$8964.46,TBUMR9772B,1,0,0,0
12273013137,Helsa,Guswell,1997-11-13,hguswell2a@loc.gov,3045098802,Agender,$7530.25,ZMAIS6593P,0,0,0,0
12219687918,Brandtr,Donald,1993-09-14,bdonald2b@51.la,6601107726,Male,$10395.41,REAQM9712Y,0,0,0,0
12242808028,Abeu,Jahncke,1969-10-29,ajahncke2c@blinklist.com,3094048208,Male,$4707.61,PGVLL7840Z,1,0,0,0
12233421503,Sargent,Twinterman,1966-05-19,stwinterman2d@themeforest.net,1085476887,Male,$4715.17,JAWTF6674V,0,0,0,0
12236497573,Bendicty,Hogsden,1989-07-28,bhogsden2e@last.fm,6861499801,Male,$4505.65,ZNQBB2500U,0,0,0,0
12260105760,Matias,Cattermoul,1962-12-05,mcattermoul2f@icq.com,1721822189,Male,$4088.61,HAJRS9294P,0,1,0,1
12293481501,Nicola,Maruszewski,1982-05-01,nmaruszewski2g@newsvine.com,5785690197,Male,$7167.03,JGXWR3167D,0,0,0,0
12268051866,Barbette,D'Elia,1964-06-05,bdelia2h@stanford.edu,4232285029,Female,$8095.51,VJAKH8772J,0,0,0,0
12257346308,Catharina,Sciusscietto,1977-09-12,csciusscietto2i@qq.com,1014232075,Female,$3000.47,LGOQO3713K,0,0,0,0
12236659367,Emalee,Jagielski,1991-08-25,ejagielski2j@theglobeandmail.com,3993398234,Female,$5853.24,TFYAZ3658W,0,0,0,0
12285607725,Al,Colbron,1962-03-08,acolbron2k@so-net.ne.jp,9324055025,Male,$8148.77,AXLON6079B,0,0,0,0
12235669356,Nealson,Salkeld,1973-11-03,nsalkeld2l@google.es,6634756361,Male,$9154.33,MDOZX1787O,1,0,0,1
12287517307,Ermin,Zoephel,1964-12-08,ezoephel2m@ameblo.jp,9632183756,Male,$6546.41,QKOWU1003U,0,0,0,0
12262106043,Luce,Mort,1984-06-25,lmort2n@friendfeed.com,2892403781,Male,$7256.51,PDASW0318C,1,0,0,0
12270304296,Rossie,Dannell,1973-07-23,rdannell2o@wikimedia.org,9717189744,Male,$3877.62,EDDIS3521L,0,0,1,0
12276917846,Angeli,Ruff,1981-08-03,aruff2p@ft.com,7241268765,Male,$9126.00,XDCJE6571V,1,0,0,0
12221386706,Pavlov,Nitti,1977-06-26,pnitti2q@elegantthemes.com,1559905776,Male,$9933.08,FNIPS6374I,0,0,1,0
12270990523,Ofelia,Harrhy,1973-12-08,oharrhy2r@jugem.jp,5457980245,Female,$9664.68,XEHYR2437N,0,0,0,0
12264461787,Karil,Coram,1971-05-20,kcoram2s@godaddy.com,7764298934,Female,$8461.85,LXVIN8657P,0,0,0,0
12215235478,Kai,Jull,1991-08-02,kjull2t@google.ru,5086715849,Female,$7043.71,MWMMQ1734P,1,0,0,0
12247512297,Katina,Birtchnell,1990-10-18,kbirtchnell2u@google.fr,3343973341,Female,$7978.99,UPGBY8041N,0,0,0,0
12243546204,Marti,Francescone,1977-12-12,mfrancescone2v@apple.com,7665239514,Female,$6803.33,VFOTT1149A,0,0,0,0
12233181987,Emalia,Greenstreet,1998-08-09,egreenstreet2w@walmart.com,2099150645,Female,$6266.63,RDFBV6390W,0,0,0,0
12269976494,Marcelline,Lortzing,1972-05-03,mlortzing2x@storify.com,6668815916,Female,$4550.79,DUQXH9482F,1,0,0,1
12239022033,Yehudi,Stampe,1998-04-06,ystampe2y@miibeian.gov.cn,9969577922,Male,$9995.95,GHSPU7570R,0,0,0,0
12299184975,Nicholas,Luckett,1980-09-04,nluckett2z@photobucket.com,2388951403,Male,$7781.82,CGPWU7159G,0,0,0,0
12219290169,Olivette,Syrie,1992-03-29,osyrie30@ted.com,1009714414,Female,$9831.59,MQXXV7479Z,0,0,0,0
12218650840,Delilah,Vallery,1969-11-24,dvallery31@stumbleupon.com,5804844030,Female,$3817.44,YRXFG1812C,0,0,0,0
12213127449,Heddie,Rois,1966-05-30,hrois32@unblog.fr,2458439352,Female,$2711.95,BAMRT9192S,0,0,0,0
12267069099,Shannon,Penniell,1989-06-20,spenniell33@bluehost.com,1122666520,Female,$8526.91,HVKRR3528R,0,0,0,0
12283165494,Finn,MacEntee,1980-08-16,fmacentee34@spiegel.de,8826665591,Male,$2901.64,LKYIP0370A,0,0,1,0
12216558765,Lamont,Hawkins,1996-09-03,lhawkins35@com.com,4694486451,Male,$6529.45,UAYUT6323Z,0,0,0,1
12288816569,Sapphire,Cleall,1966-10-08,scleall36@dedecms.com,2986077684,Female,$8625.38,RDIDJ4544H,0,0,0,0
12258264808,Sim,Effemy,1996-08-15,seffemy37@prnewswire.com,1246101666,Male,$6293.35,SVFDC4131A,1,0,0,0
12253317301,Hastie,Balls,1998-04-20,hballs38@tumblr.com,7971566746,Male,$6512.53,SUBDX0707Z,0,0,1,0
12263330252,Garrik,Applegate,1966-07-25,gapplegate39@upenn.edu,3586416337,Male,$8104.80,OEBFO2561F,0,0,0,0
12293615689,Court,Falconer,1992-09-15,cfalconer3a@1688.com,5052350213,Male,$8817.66,VWTDO0686J,0,0,0,0
12293002532,Penrod,Lawlie,1993-11-21,plawlie3b@google.ca,1751239959,Male,$9174.67,XZZSP7966F,0,0,0,0
12266301374,Walt,Vazquez,1980-03-19,wvazquez3c@multiply.com,7524271518,Male,$4371.92,AJJLX1268Z,0,0,1,0
12249595776,Caritta,Harmond,1968-01-07,charmond3d@ucsd.edu,9473655193,Female,$7102.90,TXYLS8532L,0,0,0,0
12232576536,Harp,Ouldcott,1999-08-07,houldcott3e@last.fm,1831667334,Male,$5876.32,JBHWP1344K,0,0,0,0
12254178976,Marline,Kernermann,1993-12-08,mkernermann3f@pbs.org,9952781349,Female,$2807.60,LLURL6552I,0,0,0,0
12226749134,Thaine,Digan,1972-12-24,tdigan3g@usda.gov,4852077933,Male,$7475.83,CWLUZ9163U,0,0,0,0
12292504693,Etienne,Ardern,1983-01-02,eardern3h@hostgator.com,3891424999,Male,$9125.79,CJTWP4537S,0,0,0,0
12245966592,Constantine,Hartle,1997-07-08,chartle3i@behance.net,2885808508,Female,$5388.59,RNRRV0891G,0,0,0,0
12285965117,Ted,Crowson,1964-02-07,tcrowson3j@prnewswire.com,8576426813,Male,$5686.43,URSNM4178F,0,0,0,0
12225763313,Jeralee,Barter,2000-04-29,jbarter3k@alibaba.com,4034224620,Female,$4349.03,CPDFH0502G,0,0,0,0
12250615196,Odelinda,Tunmore,1987-11-07,otunmore3l@livejournal.com,4783983923,Female,$7948.52,DSTDN0605B,0,0,0,0
12265529152,Lawrence,McLice,1978-11-18,lmclice3m@amazon.de,8338067762,Male,$3449.19,PCRPN1026G,0,0,0,1
12278906876,Winfield,Pietruszka,1996-10-15,wpietruszka3n@elpais.com,5634562906,Male,$3369.79,UISGX8027H,0,0,0,0
12275968134,Lyndell,Martinson,1985-10-28,lmartinson3o@soup.io,1448445729,Female,$4313.91,VQRGZ0483E,0,0,0,0
12206912460,Annamarie,Skene,1993-03-25,askene3p@unblog.fr,2708892536,Female,$5750.18,YPCBX2506I,0,0,0,0
12246266677,Jenda,Fursse,1968-02-19,jfursse3q@de.vu,4842236871,Non-binary,$6275.47,DTWCW2162D,0,0,0,0
12293709637,Ebeneser,Ludlem,1975-06-10,eludlem3r@msn.com,7097860085,Male,$6990.28,RAEQU5504V,0,0,0,0
12236053681,Cristian,Bendall,1981-11-18,cbendall3s@barnesandnoble.com,2962732237,Male,$10380.06,FXNDU2978S,0,0,0,0
12251615710,Arabele,Abramcik,1979-09-15,aabramcik3t@wiley.com,4859370291,Female,$5222.66,YOHNJ8339Z,0,0,0,0
12205009402,Rickie,Lange,1999-12-08,rlange3u@nhs.uk,5539977675,Genderfluid,$8834.92,KFNBM8128I,0,0,0,0
12216547271,Alec,Gunn,1978-08-22,agunn3v@elegantthemes.com,5224039569,Male,$6172.33,ICDLP8505Q,0,0,0,0
12263708953,Sari,Hamson,1995-03-20,shamson3w@parallels.com,9242240678,Bigender,$6941.99,HAGHF6775E,0,0,0,0
12234681493,Natalya,Langmead,1967-08-02,nlangmead3x@yahoo.co.jp,1553948900,Non-binary,$6848.10,HXKQW3103H,0,0,0,0
12229429713,Gypsy,Sodor,1961-01-10,gsodor3y@prweb.com,5683223112,Female,$10303.43,PIIIZ0203L,0,0,0,0
12227353000,Ainslie,Hodinton,1969-04-11,ahodinton3z@tripadvisor.com,6498700374,Female,$8797.54,TFWDB3538C,0,1,0,0
12276234238,Judd,Wasmer,1989-05-17,jwasmer40@newsvine.com,7921682372,Male,$10452.22,XSYCZ2061Y,0,0,0,0
12286018752,Karola,Handlin,1993-11-03,khandlin41@phoca.cz,4809643625,Female,$9370.52,QVZKZ5078J,0,0,0,0
12254095175,Richy,O' Brian,1997-11-16,robrian42@livejournal.com,9338625913,Male,$6400.79,ILGXW3346W,0,0,0,0
12208088422,Louisa,Marcinkowski,1976-06-20,lmarcinkowski43@stanford.edu,7528132246,Female,$9372.17,UBLEW2084B,0,0,0,0
12235287725,Crissy,Lincoln,1974-07-13,clincoln44@ucoz.ru,2547255531,Female,$8382.72,BDNPQ9632N,0,0,0,0
12244384311,Judah,Regorz,1968-02-07,jregorz45@live.com,2032324303,Male,$5093.33,MKXZQ2854K,0,0,0,0
12211188443,Konstance,Hovel,1988-06-01,khovel46@buzzfeed.com,5969027812,Female,$7392.33,HGTCU9470Y,0,0,0,0
12270081841,Pip,Samarth,1973-09-22,psamarth47@goo.ne.jp,5327706680,Male,$6442.68,SXRWW9492C,1,0,0,0
12283004851,Pierson,Kaming,1980-11-09,pkaming48@biglobe.ne.jp,9081687739,Male,$4546.57,RMPET5606I,0,0,0,0
12250716106,Tabbatha,Caulcutt,1964-05-22,tcaulcutt49@shinystat.com,7287549614,Polygender,$6576.21,RESAB0713E,0,0,0,0
12275256629,Lisabeth,Brotherhed,1989-06-07,lbrotherhed4a@shutterfly.com,1058529236,Female,$9441.17,URDEI7698A,0,0,0,1
12297617985,Chaddy,O'Dogherty,1961-03-22,codogherty4b@163.com,8125826018,Male,$8430.46,MBSLJ9822C,0,0,0,0
12290963602,Elinor,Ellyatt,1974-03-17,eellyatt4c@lycos.com,6321495643,Female,$8186.39,ZJEZA4898M,0,0,0,0
12276089232,Kathie,Glisenan,1981-01-19,kglisenan4d@furl.net,5306468585,Female,$8094.41,IFJUQ7251V,0,1,0,0
12206889948,Honey,Flay,1983-10-04,hflay4e@nature.com,8591773079,Female,$3106.97,EIKZO6648A,0,0,0,0
12242977008,Chuck,Borland,1996-06-05,cborland4f@feedburner.com,9134579570,Male,$9822.10,KOOJI8347L,0,0,0,0
12260915447,Heywood,Fearney,1961-01-16,hfearney4g@globo.com,7136120987,Male,$7057.88,KPNBG6910O,0,0,0,0
12233153411,Maribeth,Mannin,1972-04-22,mmannin4h@omniture.com,7186119401,Female,$3469.52,IAHYJ4981C,0,0,0,0
12225432035,Tadeas,Altree,1983-11-13,taltree4i@patch.com,5942581624,Male,$7107.17,NKISC9608P,0,0,1,0
12276976042,Marena,Tweede,1999-03-11,mtweede4j@cnet.com,9433383889,Female,$2634.23,XETKZ5823J,0,0,0,0
12203726183,Klement,Lumpkin,1983-11-13,klumpkin4k@multiply.com,2742178738,Male,$2814.09,NRSBK0749A,0,0,0,0
12280566167,Yorke,Lethibridge,1997-02-27,ylethibridge4l@nsw.gov.au,2391113583,Male,$9056.42,VDNPJ9924I,0,0,0,0
12286473143,Hunter,Hawkin,1975-03-26,hhawkin4m@salon.com,2764974390,Male,$9156.56,RIJYX3984M,0,0,0,0
12270352075,Hobard,Lord,1970-05-24,hlord4n@last.fm,5674662336,Male,$5917.53,EADRK0704Z,1,0,0,0
12270272782,Meghan,Beteriss,1985-09-09,mbeteriss4o@hud.gov,5393838692,Female,$10172.44,INVCJ8798X,1,0,0,0
12245538027,Vonnie,Cowen,1980-03-12,vcowen4p@creativecommons.org,2529633408,Female,$9344.81,RFSMF0869I,1,1,0,0
12283287450,Marlee,Fenlon,1968-12-19,mfenlon4q@ebay.com,3183728765,Female,$5652.11,WNFXI4382J,0,0,0,0
12228660517,Willdon,Trappe,1989-04-17,wtrappe4r@ifeng.com,6507509559,Male,$5377.81,IQRKO7827G,1,0,1,0
12218863031,Fawne,Merrett,1974-09-02,fmerrett4s@smugmug.com,4999719051,Female,$5123.39,QOJZH8451M,0,0,0,0
12274448007,Tadeas,Eccott,1999-06-16,teccott4t@irs.gov,1582150245,Male,$7018.40,IDTOU3246I,0,0,0,0
12204490569,Marin,Punter,1992-09-12,mpunter4u@hc360.com,9173235118,Female,$9548.11,PFDSJ4400C,0,0,0,0
12229562750,Pearl,Gulliman,1979-08-31,pgulliman4v@usnews.com,1197732823,Female,$9475.47,ZALKK8198G,0,0,0,0
12254874961,Lenka,Ianetti,1991-02-04,lianetti4w@clickbank.net,6823281114,Agender,$8601.02,SZOII8721S,0,0,0,0
12268824934,Fanny,Selland,1990-02-28,fselland4x@twitpic.com,3162044949,Female,$9845.47,RVYTE2453Y,0,0,0,1
12219660948,Hettie,Kingswold,1961-06-11,hkingswold4y@patch.com,5861145490,Female,$7125.31,YCXJE5387F,0,0,0,0
12224033159,Cletus,Prestner,1995-01-17,cprestner4z@yahoo.com,4097440346,Male,$9606.94,MEYZE2572D,1,1,0,0
12213435040,Kelsey,Crips,1987-09-23,kcrips50@ucoz.com,6344464848,Female,$6437.81,RKKFC3502A,0,0,0,0
12278068945,Marcelia,Comettoi,1968-08-09,mcomettoi51@technorati.com,3962652704,Female,$6742.31,TFPJT2521D,0,0,0,0
12280663531,Geraldine,Dungate,1983-05-26,gdungate52@infoseek.co.jp,9088958914,Polygender,$4942.84,RYISS9492G,1,0,0,0
12279402976,Allys,Broome,1980-12-03,abroome53@hibu.com,3494614132,Female,$3697.60,NFCVN1858D,0,1,0,0
12243064013,Ruby,Deekes,1963-05-04,rdeekes54@usnews.com,7115382833,Male,$6269.59,ZKKUG8180R,0,0,0,0
12264960623,Eugene,Denisovo,1985-08-13,edenisovo55@ow.ly,8397409448,Male,$6868.26,ZYEHB2475T,0,0,0,0
12250457321,Rici,Pierro,1971-02-02,rpierro56@spiegel.de,9619948636,Female,$9257.96,AZUQP7478Z,0,0,0,0
12291720452,Barnie,Banton,1973-03-06,bbanton57@usgs.gov,9377749269,Male,$8789.85,GUGKJ8406N,0,0,0,0
12237089451,Justen,Mulberry,1999-05-02,jmulberry58@sogou.com,6568443000,Male,$6745.91,VXREL2593B,0,0,0,0
12287661472,Mart,Blannin,1961-10-18,mblannin59@behance.net,9119508223,Male,$4606.40,QHKRE9325Z,1,0,0,0
12283370357,Aurel,Dunston,1984-07-07,adunston5a@webeden.co.uk,5472313697,Female,$8883.01,LYJEE5478K,0,0,0,0
12247677562,Karissa,Thompsett,1999-07-10,kthompsett5b@myspace.com,2045773904,Female,$4878.94,PGOEB3665K,0,0,1,0
12268650800,Pierce,Trott,1978-01-20,ptrott5c@amazonaws.com,5083169744,Male,$3318.44,OJAKN3376K,0,0,0,0
12282032188,Carr,Stepto,1964-04-28,cstepto5d@icq.com,4425118651,Male,$8315.28,UWXPU5512V,0,1,0,0
12244609850,Chas,Kordas,1988-07-16,ckordas5e@dagondesign.com,2703820833,Male,$3273.84,ELSAV3205Q,0,0,0,0
12270210594,Crissie,Pyburn,1985-06-20,cpyburn5f@dell.com,1655991777,Female,$7707.38,HYSHD7615N,0,0,0,0
12250375957,Haley,Marklow,1969-06-19,hmarklow5g@pbs.org,4842158813,Female,$8152.94,IUYDK7453Z,0,0,0,0
12220495339,Justen,MacGille,1972-12-25,jmacgille5h@digg.com,3143971828,Male,$5049.45,MGMYD2489P,0,1,0,0
12275155084,Pamelina,Patullo,1978-05-04,ppatullo5i@ftc.gov,2191402040,Female,$6361.95,ZFPIJ8614U,0,0,0,0
12208298819,Antoine,De Luna,1985-01-06,adeluna5j@bravesites.com,5793024784,Male,$3085.07,PRDGW0238L,1,0,0,0
12263718452,Margie,Otley,1990-08-30,motley5k@vkontakte.ru,4108971794,Female,$5220.06,GFOSV9112M,0,0,0,0
12260523473,Dukie,Burds,1994-07-01,dburds5l@behance.net,8464763826,Bigender,$6644.58,XKJGV5513D,1,0,0,0
12272707559,Weber,Brankley,1994-09-08,wbrankley5m@goo.ne.jp,9619278562,Male,$10344.68,KDDJK3995C,0,0,0,0
12252170930,Nicoli,Downer,1976-01-02,ndowner5n@4shared.com,6934878125,Female,$3075.22,QFSQZ7918J,0,0,0,0
12262957733,Dela,Verrall,1995-11-15,dverrall5o@topsy.com,5053660740,Female,$5556.64,VNMDD6914X,0,0,0,0
12265692024,Danyelle,McGrayle,1980-12-31,dmcgrayle5p@webs.com,6923540316,Female,$6940.34,YREXK8491V,0,0,0,0
12222217347,Dottie,De Dantesie,1995-04-28,ddedantesie5q@dailymail.co.uk,8012042948,Female,$9007.47,WJQUS5938Q,0,0,0,0
12255773600,Abie,Neligan,1968-03-16,aneligan5r@admin.ch,1219745004,Male,$8555.53,NFTWN2705X,0,0,0,0
12248686681,Jocelin,Itscovitz,1962-06-22,jitscovitz5s@oracle.com,3604871526,Female,$3720.51,TYOGZ4422Q,0,0,0,0
12218310788,Lew,Barajas,1998-05-01,lbarajas5t@bigcartel.com,7738065984,Male,$9519.05,WYIIK8332J,0,0,1,0
12229598772,Tricia,Purves,1968-12-05,tpurves5u@github.com,7292898935,Female,$3165.62,HNZIQ2316S,0,0,0,0
12293667999,Nichol,Atty,1975-08-05,natty5v@nationalgeographic.com,2883434884,Female,$7583.21,ZNMCM5449V,0,0,1,0
12226401128,Bidget,Durant,1966-02-25,bdurant5w@hud.gov,5682496043,Female,$6209.70,LGAUT2036H,0,0,0,0
12232737225,Spike,Goch,1988-01-16,sgoch5x@prlog.org,7098656974,Male,$6978.20,SKOKV7956G,0,0,0,0
12205226299,Gaultiero,Swayland,1977-11-13,gswayland5y@google.cn,7709879175,Male,$3615.98,LWPRU3084Y,0,0,0,0
12200862192,Ilyssa,Lamberti,1982-09-16,ilamberti5z@meetup.com,6243099384,Female,$2997.54,JNKOS7778T,0,0,0,0
12248688483,Lamont,Halahan,1988-03-02,lhalahan60@hibu.com,1436827127,Male,$6672.22,PACON3962W,0,0,0,0
12255843567,Frannie,Extil,1966-07-23,fextil61@ucoz.ru,8058959033,Male,$8903.26,GPUMF9060B,0,0,0,0
12256194903,Noland,Halsall,1962-07-17,nhalsall62@myspace.com,8564109770,Male,$9549.34,ABDTU0808Q,0,0,0,0
12210129712,Isak,Kirkebye,1997-12-01,ikirkebye63@wsj.com,5195886081,Male,$5528.37,ZGAJR2122D,0,0,0,0
12285501124,Derron,Adshed,1970-11-30,dadshed64@slate.com,8912949284,Male,$5159.65,MTXCT7585A,0,0,0,0
12291638610,Ernestus,Wrankmore,1973-02-03,ewrankmore65@moonfruit.com,3443129780,Male,$7945.43,SLZJW0264U,0,0,0,0
12265039397,Frans,Duesbury,1975-01-01,fduesbury66@booking.com,9458886374,Male,$4143.77,NAUPS1274A,0,0,1,0
12294167340,Clevie,Stailey,1961-07-15,cstailey67@ning.com,8058536520,Male,$5867.40,LVABI9544F,0,0,0,0
12293521489,Haley,Veillard,1970-08-24,hveillard68@ustream.tv,2831897982,Agender,$7432.19,XGOPE9734A,0,0,0,0
12216158747,Lavina,Moneti,1978-05-30,lmoneti69@bloglines.com,6115909794,Female,$8585.53,MLDRV3826G,0,0,0,0
12238949546,Stoddard,Dell,1981-08-01,sdell6a@ft.com,3874413112,Female,$7613.81,XZJSS9506X,1,1,0,0
12213583513,Sarine,Malyon,1967-04-26,smalyon6b@list-manage.com,9988507869,Non-binary,$3067.92,UDBQE8187Z,0,0,0,0
12264600889,Liva,Folbigg,1984-01-23,lfolbigg6c@shinystat.com,5976803766,Female,$6947.63,XHCQT8132B,0,0,0,1
12280725526,Derrek,Franchi,1967-02-09,dfranchi6d@hp.com,5177766265,Male,$5866.40,AUSED0588T,0,0,0,0
12239905885,Mirabel,Oakinfold,1996-12-20,moakinfold6e@ucla.edu,1571426591,Female,$8989.70,YDYBI2605M,0,0,0,0
12288620747,Errol,Milvarnie,1971-01-03,emilvarnie6f@unicef.org,9186001932,Male,$3512.41,DSNLQ1866V,0,0,0,0
12244041922,Euphemia,MacAlister,1990-01-24,emacalister6g@tumblr.com,8805854368,Female,$5117.92,YKBNW2532H,1,0,0,0
12260472838,Sile,Moylane,1989-12-09,smoylane6h@cyberchimps.com,7031273443,Female,$9915.13,LWUVN3165M,0,0,0,0
12219271494,Maxy,Corbyn,1960-04-19,mcorbyn6i@exblog.jp,2963315937,Male,$5001.39,FWGAB6342T,0,0,0,0
12214986477,Kent,Viant,1965-03-13,kviant6j@barnesandnoble.com,8749673650,Male,$5296.44,EEXDR6073R,0,0,0,0
12205448266,Jacky,Start,1966-12-12,jstart6k@edublogs.org,6608927801,Male,$2812.31,AYHVL7655H,0,0,0,0
12296570318,Aline,Luckcock,1998-07-25,aluckcock6l@bandcamp.com,1979209475,Female,$4826.03,TJAUB8185S,0,1,0,0
12215085397,Dannye,Shambroke,1973-09-27,dshambroke6m@dyndns.org,7582177303,Female,$5936.44,KSWJU6647M,1,0,0,0
12204845775,Janith,Lackmann,2000-03-09,jlackmann6n@ovh.net,2055316687,Female,$6832.01,NWMZX0688Y,0,1,1,0
12240721752,Taffy,Shellibeer,1978-06-04,tshellibeer6o@sitemeter.com,2334364528,Female,$7617.95,VEFSE1527B,0,0,0,0
12278652571,Noella,Swyre,1995-02-02,nswyre6p@unblog.fr,5131470030,Female,$4203.68,ISVKP4139N,1,0,0,0
12217620119,Eachelle,Probin,1961-07-12,eprobin6q@miitbeian.gov.cn,6496144146,Female,$6485.39,PVNOP4228M,0,0,0,0
12243783383,Tucky,McClaren,1964-05-18,tmcclaren6r@webnode.com,8296142180,Male,$9273.72,JPNPA9799B,0,0,0,0
12247689750,Constantin,Tape,1979-10-01,ctape6s@miitbeian.gov.cn,3024188244,Male,$4555.03,OVPOR4032B,0,0,0,0
12237233109,Demetria,Ellsbury,1972-09-24,dellsbury6t@amazon.co.jp,9177523611,Bigender,$9740.46,UDGVO9724L,0,0,0,0
12286871102,Errol,Jorez,1975-08-15,ejorez6u@foxnews.com,3301456498,Male,$5178.41,JSMHH7776X,1,1,0,0
12281703304,Magda,Parrott,1997-09-30,mparrott6v@wikispaces.com,4023107180,Female,$6737.78,IUFAE7079R,0,0,0,0
12264000432,Lizzy,Gelder,1973-08-28,lgelder6w@g.co,7761360042,Female,$2594.33,VXOBL7990P,0,0,0,0
12254253388,Elihu,Wiskar,1971-08-31,ewiskar6x@seesaa.net,2161468358,Male,$2805.41,IEVKA3943S,0,0,0,0
12250991231,Sunny,Gorton,1974-01-06,sgorton6y@army.mil,4367092963,Female,$6085.26,RIELS4694Z,0,0,0,0
12261293215,Mallory,Elliot,1965-10-27,melliot6z@time.com,6424363726,Male,$7003.40,XGQNV9420E,0,0,0,0
12241282713,Teador,Riggott,1984-01-03,triggott70@cloudflare.com,7776541661,Male,$5453.90,GRYMO8015J,0,0,0,0
12266289127,Mack,Dumingos,1984-03-04,mdumingos71@wsj.com,6421967289,Male,$4219.22,OYYWH4785C,0,0,0,0
12249970221,Reggie,Urion,1987-09-22,rurion72@nhs.uk,7099281049,Male,$7230.46,YIWIW6071L,0,0,0,0
12250680750,Hill,Grinvalds,1972-08-28,hgrinvalds73@java.com,6226091273,Male,$3277.79,FAUCC3982L,0,0,0,0
12225875152,Lorraine,Shimon,1993-01-02,lshimon74@comsenz.com,3538995127,Female,$5012.17,DAYWN8696G,0,0,0,0
12217985971,Ulrich,Bentham3,1970-01-03,ubentham75@angelfire.com,4678408617,Male,$5906.73,VIZGZ4730S,0,0,0,0
12223027970,Lezley,Caldes,1998-08-05,lcaldes76@feedburner.com,1522865561,Male,$8634.51,IFWSJ9735H,0,0,0,0
12286431881,Janeta,Featherbie,1987-01-22,jfeatherbie77@uiuc.edu,2962615567,Female,$8607.43,HMMAZ9156X,0,0,0,0
12274590688,Mandy,Frickey,1985-11-24,mfrickey78@deviantart.com,7134442736,Bigender,$9718.89,GDPZR7315K,0,1,0,0
12298038819,Renata,Benmore,1976-05-27,rbenmore79@census.gov,3484452676,Female,$2523.91,TAVPS1100N,0,0,0,0
12214792505,Rockie,Hasard,1996-12-28,rhasard7a@goo.ne.jp,8043161824,Male,$3523.41,TPQBC3591F,0,0,0,0
12264210551,Karoly,Kahane,1983-03-19,kkahane7b@redcross.org,2879175585,Non-binary,$2886.62,LSTOF9520G,0,0,1,0
12213374423,Myra,Kuhnwald,1970-03-10,mkuhnwald7c@cnbc.com,6125657252,Female,$5172.86,GPZFN8840I,0,0,0,0
12233815144,Yasmeen,Carrell,1973-09-22,ycarrell7d@blogtalkradio.com,7756483186,Female,$10452.12,XKIRG6415B,0,0,0,0
12286098481,Ford,French,1992-09-23,ffrench7e@topsy.com,5766331501,Male,$3548.63,VRPEU0085I,0,1,0,0
12242028543,Ruy,Bellard,1960-03-05,rbellard7f@netscape.com,7926488448,Male,$3981.32,YAHGO0016K,0,0,0,0
12236515093,Amara,Clemont,1987-11-04,aclemont7g@stanford.edu,1508651115,Female,$10195.40,EWDWU4080S,0,0,0,0
12268977917,Bree,Fagan,1987-07-04,bfagan7h@jiathis.com,2451895657,Female,$8527.84,TXAWH5251V,0,0,0,0
12252206679,Verene,Barnard,1982-11-26,vbarnard7i@live.com,3575853748,Female,$2981.71,MIYPJ2772R,0,0,0,0
12267188888,Odell,Gorusso,1991-11-06,ogorusso7j@miibeian.gov.cn,7544158093,Male,$7941.12,EFWSW0270J,1,0,0,0
12242706653,Lizette,Rushbrooke,1988-12-15,lrushbrooke7k@linkedin.com,3064030937,Female,$6014.72,QZAKP8718L,0,0,0,0
12269897731,Joly,Triplow,1979-01-03,jtriplow7l@constantcontact.com,7671258657,Agender,$3553.40,JJEYG7650F,0,0,0,0
12288301715,Zara,Astlet,1982-04-02,zastlet7m@instagram.com,8581218022,Female,$7797.95,PJNBF4892F,1,0,0,0
12280617088,Jess,Weale,1993-01-03,jweale7n@ebay.co.uk,8122302012,Female,$9195.65,ZXFBH3387A,0,0,1,0
12200168516,Kali,Coghill,1963-04-26,kcoghill7o@google.fr,2596563444,Female,$6589.30,GKFCG0297O,0,0,0,0
12200286264,Janeta,Kinsey,1962-05-11,jkinsey7p@indiegogo.com,1603085911,Female,$2617.26,BMDYV5497I,0,0,1,0
12280975549,Aaren,Amber,1969-04-16,aamber7q@github.io,8032133248,Polygender,$4133.10,KIAXG8509N,0,0,0,0
12291517737,Ludovico,Minear,1994-10-30,lminear7r@jimdo.com,6994303024,Non-binary,$9024.30,GYZDW8027I,0,0,0,0
12200951072,Galvin,Ficken,1987-07-16,gficken7s@fema.gov,4127168044,Male,$6010.27,PFAPV8720Q,1,1,0,0
12226463341,Pammie,Plumstead,1991-11-11,pplumstead7t@dailymail.co.uk,3475249317,Female,$7656.59,FOGKP5908P,1,0,0,0
12232793391,Freeman,Smurfitt,1980-07-24,fsmurfitt7u@163.com,1348063497,Male,$2588.21,BOWYE9031K,0,0,0,0
12277124232,Amaleta,Gothrup,1967-02-28,agothrup7v@phoca.cz,8111770837,Female,$5126.48,LCYGN0513K,0,0,0,0
12274186332,Juline,McCarry,1973-09-26,jmccarry7w@utexas.edu,8529435779,Female,$4134.83,THHOX7421R,0,0,0,0
12202043184,Lemuel,O'Moylane,1983-03-27,lomoylane7x@ucoz.ru,6096795937,Male,$7574.73,ZITQS4059H,0,0,0,0
12291612949,Farand,Origan,1966-03-19,forigan7y@umn.edu,8998735360,Polygender,$4489.40,YOJDM0029X,0,1,0,0
12222941636,Rosina,Bunch,1967-08-10,rbunch7z@nasa.gov,4848456554,Female,$3677.02,UVBOY1960Q,0,0,0,0
12231914098,Silvan,Willcot,1962-03-19,swillcot80@liveinternet.ru,3144837998,Male,$3977.72,HLDVB7236Q,0,0,0,0
12217688059,Kellyann,Crosby,1974-10-03,kcrosby81@livejournal.com,9279940945,Female,$7475.09,NHQLC9094E,0,0,0,0
12200774714,Myer,Croad,1961-10-04,mcroad82@yellowpages.com,1499130772,Male,$10011.42,AKCEL1204C,0,0,0,0
12236033625,Seka,Jedrysik,1991-11-22,sjedrysik83@cbslocal.com,5071752515,Female,$8194.66,AVDOD3137K,0,0,0,0
12284030293,Gregor,Kesley,1980-10-29,gkesley84@nytimes.com,3779264505,Agender,$8978.57,AFRVR3618B,0,0,0,0
12277747270,Thedric,Naisbet,1981-02-17,tnaisbet85@vk.com,2012840400,Male,$7446.12,FLSDS1118S,0,0,0,0
12275341062,Jobie,Boots,1996-05-31,jboots86@nsw.gov.au,8791034772,Female,$8308.74,JIXUM9299G,0,0,0,0
12232585804,Teressa,Silkstone,1996-10-04,tsilkstone87@geocities.jp,8223308623,Female,$3059.38,LSEBV7539Q,1,0,0,0
12244977367,Muriel,Vernay,1992-12-28,mvernay88@upenn.edu,1894613155,Female,$7633.66,TBIOD3017B,0,0,1,0
12298586440,Jarid,Parriss,1972-05-12,jparriss89@reverbnation.com,1282215170,Male,$8387.42,CBMIZ7086U,1,0,0,0
12223103491,Iseabal,Sheather,1991-09-03,isheather8a@uiuc.edu,4308068240,Female,$7388.01,IVZXZ5675R,1,1,0,0
12222499968,Bjorn,Meineken,1995-01-22,bmeineken8b@google.ca,7402965911,Male,$4261.12,ABIPD5512A,0,0,0,0
12282173614,Stacy,Billett,1984-01-15,sbillett8c@t.co,9866073646,Female,$3550.38,WLNUN4345I,0,1,1,0
12250342861,Cory,Beernaert,1978-03-06,cbeernaert8d@yelp.com,3805731104,Female,$7558.28,MEKYI2490G,0,0,0,0
12225857195,Quinton,Midghall,1964-04-21,qmidghall8e@unblog.fr,2773067107,Male,$6393.96,EUKZA2184X,0,0,1,0
12282704329,Tatiana,Northidge,1986-07-08,tnorthidge8f@arizona.edu,3343521891,Female,$5823.35,EQJAW1102B,0,0,0,0
12213263580,Rebbecca,Cuxon,2000-08-28,rcuxon8g@opensource.org,7946690656,Female,$2913.67,KMFHB6520I,1,0,0,0
12219561030,Laurianne,Tubble,1992-05-25,ltubble8h@wikia.com,7575542732,Female,$6516.34,HBWPZ9171J,0,1,1,0
12277998483,Janina,Maykin,1961-03-13,jmaykin8i@networkadvertising.org,6586518290,Genderfluid,$10421.29,ROHUB6535D,0,0,0,0
12211414647,Lorna,Kelberer,1982-02-20,lkelberer8j@squarespace.com,6784006495,Female,$5151.02,GTCUW4987L,0,0,0,0
12225663754,Wendye,Briggs,1963-08-04,wbriggs8k@nbcnews.com,1862501715,Polygender,$5870.50,QMIPQ5032O,0,1,0,0
12245106132,Jocelyn,Knyvett,1980-05-31,jknyvett8l@mit.edu,8564353498,Female,$4253.96,AAGTW2686C,0,1,0,0
12259866157,Franky,Slobom,1966-06-08,fslobom8m@1und1.de,1728291785,Polygender,$10161.23,FMRVO6605E,1,0,0,0
12242978971,Timi,Choat,1969-06-13,tchoat8n@nhs.uk,9218422035,Female,$10224.63,QKWVY1370I,1,0,0,0
12297451013,Hunt,Tink,1991-01-19,htink8o@ehow.com,4883105316,Male,$5120.27,XEKWC6006R,1,0,1,0
12201950153,Sharline,Roblett,1963-09-28,sroblett8p@nymag.com,3609483831,Female,$2540.55,CUIBM5576S,0,0,0,0
12219544620,Salaidh,Dominguez,2000-04-02,sdominguez8q@walmart.com,5515686834,Female,$3678.91,NRBBR6183Q,1,0,0,0
12221095660,Alan,Rodenburgh,1974-06-16,arodenburgh8r@gmpg.org,9654527868,Male,$5624.43,XTVQX7946V,0,1,0,0
12219516845,Shea,Bittleson,1989-12-16,sbittleson8s@sakura.ne.jp,2334946116,Male,$6389.13,KVCVB1701Z,0,0,0,0
12269322701,Bud,Clothier,1970-01-16,bclothier8t@joomla.org,2098740816,Male,$6405.18,HOBAZ0328L,0,1,0,0
12294875909,Kelwin,Finnis,1993-01-19,kfinnis8u@google.co.jp,3535940116,Male,$7527.40,LTBUK9283E,0,0,0,0
12210466560,Korie,D'Antuoni,1994-08-07,kdantuoni8v@jigsy.com,3451462590,Female,$6909.57,ZQPIA0869D,0,0,0,0
12261153641,Benjie,Leuren,1986-09-02,bleuren8w@wsj.com,8764475528,Male,$10009.69,AWPQM3736T,0,0,0,0
12240445663,Shalna,Mebius,1986-02-18,smebius8x@360.cn,9698944122,Female,$7083.74,ACPFS5952N,0,0,0,0
12225679648,Yanaton,Borland,1964-11-16,yborland8y@bluehost.com,7801801103,Male,$6134.26,DZVEL4531V,0,0,0,0
12260112767,Filip,Shilstone,1981-11-12,fshilstone8z@illinois.edu,4271592603,Male,$9323.26,NRSRA3532C,0,0,0,0
12201832419,Ivette,Blatherwick,1970-04-18,iblatherwick90@thetimes.co.uk,4323630377,Female,$5235.90,JXGSA2507E,0,0,0,0
12209033403,Harrison,Anderson,1976-09-16,handerson91@mac.com,8673431397,Male,$6338.49,PVJYO6567C,0,0,0,0
12218216923,Jamesy,Kuhle,1996-02-14,jkuhle92@marriott.com,2781625274,Male,$9631.04,SAXML4044Y,0,0,0,0
12250454715,Blakeley,Whodcoat,1961-11-30,bwhodcoat93@hexun.com,4146294360,Female,$5194.90,UWQRE2107C,0,0,0,0
12283311426,Ashbey,Dominka,1983-07-06,adominka94@merriam-webster.com,1403083470,Male,$2864.94,DWGQY0120M,0,1,0,0
12219895463,Jarrad,Oats,1995-09-13,joats95@mapquest.com,7403219648,Male,$5128.42,JYUZD0017I,1,0,0,0
12260314537,Evaleen,Devenport,1986-06-06,edevenport96@ehow.com,7376150777,Female,$6058.42,KTVAM1966I,1,0,0,0
12207075619,Hamid,Ebi,1998-03-27,hebi97@fema.gov,4769894280,Male,$3002.67,WWUXL7892X,0,0,0,0
12266092162,Gerek,Ridgedell,1989-12-10,gridgedell98@kickstarter.com,2477021170,Male,$3411.05,NGDID5972T,1,0,0,0
12208954765,Rogers,Frankton,1990-12-29,rfrankton99@myspace.com,4789761446,Male,$8841.64,YEZUF5627R,0,0,0,0
12246641747,Blinny,Pues,1963-07-25,bpues9a@gov.uk,7845798111,Female,$8167.19,ALPZG5909B,1,0,0,0
12240923925,Blayne,Sissons,1981-02-04,bsissons9b@berkeley.edu,5028411972,Male,$9259.63,RFGKK5735H,0,0,0,0
12203376038,Ferris,Reddoch,1980-07-13,freddoch9c@twitpic.com,7749738760,Male,$9241.64,VPILK1076U,0,0,0,0
12214490450,Tymothy,La Wille,1987-04-28,tlawille9d@skype.com,9788360491,Male,$6974.80,VNRGV6307V,0,1,0,0
12252316281,Ewart,Ruilton,1980-12-09,eruilton9e@i2i.jp,7749757367,Male,$7716.03,MRKNA4534O,0,0,0,0
12299193826,Morry,Jancey,1996-06-25,mjancey9f@house.gov,3586703926,Male,$8834.35,HYKYH8938U,1,0,0,0
12205386560,Liane,Flanders,1963-03-31,lflanders9g@nyu.edu,4221823480,Female,$3055.46,FZWOG7266V,0,0,0,0
12263304999,Billie,Truss,1995-09-06,btruss9h@businesswire.com,1421695258,Female,$7556.04,JSSHW1720P,0,0,1,0
12229607015,Nonie,Asplin,1989-09-20,nasplin9i@google.fr,3906329012,Genderfluid,$8733.84,BOVFE5268B,0,0,0,0
12249937119,Jodie,Statefield,1978-08-18,jstatefield9j@admin.ch,1261007625,Male,$3127.43,ZMRBN6288H,0,0,0,0
12249230541,Melisa,Brazear,1971-06-03,mbrazear9k@dion.ne.jp,2611369122,Female,$4714.72,PPNXG2866Z,1,0,0,0
12201474099,Henryetta,Pinchen,1966-04-29,hpinchen9l@amazon.de,5524825410,Female,$5963.47,FZCXW6655P,0,0,0,0
12269729165,Melisandra,Espinazo,1967-11-19,mespinazo9m@oakley.com,5592652037,Female,$10482.65,JDVYR6696A,0,0,0,0
12285543131,Ilka,Weddeburn - Scrimgeour,1960-11-08,iweddeburnscrimgeour9n@google.de,3504354897,Female,$8729.34,XSHOW4716F,0,0,0,0
12232711705,Petronella,Minchenton,1979-02-10,pminchenton9o@lulu.com,7175265502,Female,$7147.23,MUUON2428R,0,0,0,0
12249262064,Fabiano,Goulden,1983-02-17,fgoulden9p@naver.com,6176684918,Male,$9668.59,LIZYH0395S,0,0,0,0
12209460928,Kati,Gregg,1980-07-29,kgregg9q@privacy.gov.au,2098819978,Female,$9601.54,FVGOV7713Y,0,0,0,0
12285243793,Reagan,Rosewarne,1972-08-23,rrosewarne9r@archive.org,2523567152,Male,$4631.32,ARGBI6328B,0,0,0,0
12214156270,Bay,Rewcastle,1970-04-16,brewcastle9s@omniture.com,5273477138,Male,$7138.14,KYCEF6430A,1,0,0,0
12211993859,Wilfrid,Meakin,1972-11-27,wmeakin9t@mediafire.com,7709993266,Male,$2784.98,FODTS4499W,0,0,0,0
12262545916,Debora,Stobart,1997-02-04,dstobart9u@mayoclinic.com,1022876882,Polygender,$9415.55,HWZHE4685D,1,0,0,0
12271019156,Evan,Sigge,1987-01-30,esigge9v@github.com,7698831885,Male,$3802.43,UZYMW8681C,0,1,0,0
12286428798,Francisca,Shacklady,1970-09-19,fshacklady9w@sohu.com,1226457841,Female,$7116.31,ZUTBX5248I,0,0,0,0
12272867777,Johnny,Roache,1977-12-30,jroache9x@cpanel.net,8013884159,Genderfluid,$3777.05,DZZXL8687H,0,0,0,0
12294083357,Perice,MacCaughey,1992-12-25,pmaccaughey9y@naver.com,9036804283,Male,$4196.24,CRXTP6598Y,0,0,0,0
12231358320,Kelsy,Gobbett,1984-05-23,kgobbett9z@xrea.com,5428683172,Female,$9099.08,PLXXE6897L,0,0,0,0
12252106873,Bo,Liepmann,1996-02-25,bliepmanna0@prweb.com,9948248717,Male,$7688.34,PJCNR3924Y,0,0,0,0
12223415109,Bevan,Pimm,1999-08-10,bpimma1@gmpg.org,7662782101,Male,$8641.48,RXTQE2788F,0,0,0,0
12275705286,Archibaldo,Emmot,1968-03-12,aemmota2@eepurl.com,8115063949,Male,$4245.89,QBZIB7208T,0,0,0,0
12221220019,Editha,Abbys,1973-04-06,eabbysa3@google.pl,1835516433,Female,$4456.46,ATUSM8068D,0,0,0,0
12297348655,Anna-diane,Pointin,1990-09-28,apointina4@canalblog.com,5716877264,Female,$4301.32,JQELJ1846F,0,0,0,0
12223143845,Jamie,Timmons,1964-04-10,jtimmonsa5@creativecommons.org,1518726739,Male,$7038.86,NZHAV4394K,0,0,0,0
12257142088,Wainwright,Eringey,1964-02-26,weringeya6@163.com,9584361889,Male,$6225.15,OENOR5196B,0,0,0,0
12201069474,Lindsy,Corbyn,1965-04-17,lcorbyna7@fda.gov,3862708608,Female,$4419.21,HWRUF1208T,0,0,0,0
12204507186,Daphna,Withrop,1985-02-11,dwithropa8@deliciousdays.com,9006505235,Female,$8240.47,MYKVG0727K,0,0,0,0
12204136701,Tadio,Lude,1964-09-25,tludea9@eepurl.com,3469221432,Male,$2583.28,OCUQO7566H,0,0,0,0
12257573028,Leo,Hedger,1982-05-20,lhedgeraa@dailymotion.com,7452892004,Male,$8136.38,SQCBO4066U,0,0,0,0
12228356536,Saundra,Dellit,1995-06-25,sdellitab@vkontakte.ru,2062118223,Female,$6334.94,TVULO9474Y,0,0,0,0
12231089627,Nollie,Ridge,1985-09-08,nridgeac@infoseek.co.jp,5329550207,Male,$9006.04,HOCXG1205E,1,0,0,0
12248944341,Meridel,Borrott,1982-07-28,mborrottad@cnet.com,8646311715,Female,$5535.83,JASMF9041V,0,0,0,0
12267526947,Erskine,O'Hagan,1969-10-08,eohaganae@jalbum.net,4331889672,Male,$8814.33,WYMFE8726T,0,0,0,0
12250204421,Talbot,Hanne,1966-04-25,thanneaf@phpbb.com,2134128151,Male,$8793.36,PWJWK7775V,0,0,0,0
12265629675,Dory,Wynch,1990-07-17,dwynchag@state.gov,4645569533,Male,$3661.07,PFJLZ7198Z,0,0,0,0
12227388095,Daune,Matyushkin,1988-06-19,dmatyushkinah@hp.com,4716016760,Female,$5890.06,HEFIY3912A,0,0,0,0
12209598331,Arni,Dulson,1984-08-06,adulsonai@yelp.com,1959484389,Male,$7257.75,BGVOQ6105Z,0,0,0,0
12274843986,Didi,Suttie,1976-03-13,dsuttieaj@deliciousdays.com,2726963872,Female,$5778.04,PHHCH5902A,0,0,0,0
12259192295,Vania,Alcido,1962-08-29,valcidoak@aol.com,3679507933,Female,$9848.43,LLCNP4754F,0,0,0,0
12238635772,Sheppard,Pretswell,1987-08-02,spretswellal@wp.com,5685485065,Male,$6434.04,RGVWZ2055D,0,0,0,0
12222345082,Paquito,Meachen,1964-01-15,pmeachenam@house.gov,9774157654,Male,$4868.18,BLTSC0294F,0,0,0,0
12202661016,Courtney,Barrowcliffe,1971-08-16,cbarrowcliffean@vinaora.com,2987541400,Male,$6510.69,GCMIY9268B,1,0,0,0
12290178043,Kiley,Milmith,1989-01-08,kmilmithao@google.it,1968173355,Agender,$3813.41,VBAFM1485R,0,0,0,0
12262219744,Hakeem,Stuttman,1992-05-16,hstuttmanap@zdnet.com,3044775564,Male,$2684.76,WYKWN6225P,0,0,0,0
12267262582,Ilyse,Doogan,1986-11-20,idooganaq@nymag.com,9371601684,Female,$6519.90,DHLVF0656L,0,0,0,0
12296542253,Erna,Cottrill,1982-10-14,ecottrillar@symantec.com,2354688278,Female,$7911.77,DEGGC9358D,0,0,0,0
12267964691,Courtenay,Dimanche,1988-01-21,cdimancheas@taobao.com,1563851439,Female,$4746.92,ZVMJS2959S,0,0,0,0
12262051282,Prue,Rowett,1993-07-12,prowettat@flavors.me,9116991046,Polygender,$4369.89,YKUVL3943Q,1,0,0,0
12271353729,Jewell,Tooley,1994-06-10,jtooleyau@apache.org,6306435317,Female,$10085.45,GSQDA0389I,0,0,0,0
12295569577,Jayson,Burston,1988-06-05,jburstonav@irs.gov,8229975771,Male,$3520.78,JVMXF8696J,0,0,0,0
12264070479,Skipper,Caizley,1968-04-27,scaizleyaw@sbwire.com,7449438738,Male,$3926.31,ZLADM2004N,0,0,0,0
12232367048,Averill,Wigan,1972-09-04,awiganax@usa.gov,3143037649,Male,$7303.11,NWJJM7216L,0,0,0,0
12298623772,Eleanor,McGaughay,1988-01-26,emcgaughayay@howstuffworks.com,9468591708,Female,$8309.50,JKHNG4593T,0,1,0,0
12292613325,Quent,Dudin,1994-02-20,qdudinaz@boston.com,8801709079,Male,$5383.79,XOIDS5791M,0,0,0,0
12252105927,Ivy,Schrir,1983-09-13,ischrirb0@oakley.com,4788615149,Female,$3598.39,PHZIC4982L,0,0,0,0
12230162596,Valentine,de Nore,2000-04-11,vdenoreb1@fotki.com,6089793221,Male,$4813.87,ONUUP6154D,0,0,0,0
12265197558,Casar,Blazi,1984-08-26,cblazib2@nymag.com,5893430983,Male,$6616.87,GPAIT0939K,0,1,0,0
12251962594,Dotti,Owbridge,1999-05-19,dowbridgeb3@rakuten.co.jp,6851051642,Female,$3610.82,SOFEP9520A,0,0,0,0
12236301392,Murray,Kem,1976-06-11,mkemb4@netlog.com,4977273885,Male,$5943.27,QSBHP8397A,0,0,0,0
12284590139,Isador,Pozzo,1970-08-01,ipozzob5@theguardian.com,4582067898,Male,$3695.47,QQBOY8581B,0,1,0,0
12263989428,Madelle,Chrishop,1992-09-22,mchrishopb6@mlb.com,1982410375,Female,$3149.98,XKEGZ5115L,0,0,0,0
12234918207,Grantham,Sanbroke,1961-01-24,gsanbrokeb7@ehow.com,1725410549,Male,$7140.60,FWJSI4994E,0,0,0,0
12200393602,Raquel,Doumic,1987-04-12,rdoumicb8@unicef.org,7772299711,Female,$3897.39,PVUZI2240C,0,0,0,0
12217016071,Masha,Purseglove,1969-09-22,mpursegloveb9@barnesandnoble.com,4568863925,Agender,$7212.29,WZRCQ3029L,0,0,0,0
12210749941,Meredeth,Deakin,1990-09-02,mdeakinba@salon.com,5661682935,Male,$4465.30,RYHOU4522U,0,0,0,0
12260546791,Edin,Hawes,1960-01-11,ehawesbb@smugmug.com,3509020014,Female,$4903.35,COCSR9841L,0,0,0,0
12206806753,Nissa,Savery,1974-03-12,nsaverybc@comsenz.com,9526173910,Female,$9290.07,PSCZF2429C,1,0,0,0
12202143472,Rafaelita,Shacklady,1965-08-26,rshackladybd@diigo.com,2783531331,Female,$8520.42,QVYJU3723H,0,0,0,0
12205468138,Koren,Klaus,1996-12-10,kklausbe@bing.com,7734009694,Female,$7538.10,YKFZE2367M,0,0,0,0
12291485233,Raddy,Baudone,1988-02-05,rbaudonebf@facebook.com,9621032627,Male,$9067.30,PLOOY8271A,0,0,0,0
12261714995,Estella,Khadir,1995-01-06,ekhadirbg@amazonaws.com,3561249049,Female,$6261.38,OMVDY8110F,0,0,0,0
12256080847,Rollin,Fishley,1994-10-08,rfishleybh@hibu.com,1525834284,Genderqueer,$4998.64,TOQWG9222C,0,0,0,0
12225430046,Olly,Nise,1981-12-29,onisebi@springer.com,3139093929,Male,$5569.48,DAMUN0696X,0,0,0,0
12259596284,Baxter,Bernaert,1978-02-21,bbernaertbj@clickbank.net,3692408536,Male,$7144.43,IFZNI7968X,0,0,0,0
12245671819,Jordain,Regi,1984-10-08,jregibk@acquirethisname.com,1128267696,Female,$9008.37,TPQEV3050M,0,0,0,0
12221036259,Maurita,Geddes,1982-04-10,mgeddesbl@so-net.ne.jp,8324863921,Genderfluid,$3065.66,NAJCI7010E,0,0,0,0
12231635855,Jard,Hellewell,1999-12-08,jhellewellbm@sciencedaily.com,9068545001,Male,$8117.48,HFMIE4961F,0,1,0,0
12241124071,Matthias,Carmo,1981-06-22,mcarmobn@irs.gov,4435445954,Male,$5763.48,NSXZM0821K,0,0,0,0
12288442235,Drud,Whopples,1963-12-05,dwhopplesbo@4shared.com,1088989553,Male,$6377.99,LWENO7612A,1,1,0,0
12219401108,Leanna,Birtle,1982-07-04,lbirtlebp@jigsy.com,8143917574,Female,$4587.51,LNYCG4936N,0,0,0,0
12282453861,Colin,Tolliday,1986-03-30,ctollidaybq@amazon.co.jp,3747040679,Genderfluid,$5964.28,FSLKH4831N,0,0,1,0
12283117927,Timoteo,Lishman,1991-05-28,tlishmanbr@digg.com,3337847875,Male,$9281.87,QRVJT5201Q,0,0,0,0
12212085055,Doyle,Twentyman,1995-10-24,dtwentymanbs@nifty.com,5183828054,Male,$7186.55,EDSQJ3814Z,0,0,0,0
12230143482,Briny,de Lloyd,1967-09-18,bdelloydbt@eventbrite.com,6764275288,Non-binary,$4433.52,YXYNR1431R,0,0,0,0
12231013936,Alisa,Gibbens,1960-09-01,agibbensbu@oakley.com,4706915542,Female,$6735.04,ZCKOX2322B,0,0,1,0
12203728707,Berenice,Balaisot,1980-09-28,bbalaisotbv@trellian.com,6774181684,Female,$2665.40,DAJCI6839L,0,0,0,0
12270336880,Lissa,Waller,1983-03-17,lwallerbw@irs.gov,8969512233,Female,$8562.05,AGEBD1660B,1,0,0,0
12263165722,Tonya,Byles,1997-11-01,tbylesbx@samsung.com,6967522330,Female,$2866.01,SEKQC5485S,0,0,0,0
12274734445,Eleonore,Bockmann,1962-12-04,ebockmannby@globo.com,5917845869,Agender,$7233.73,QDGRK3529H,0,0,0,0
12222662818,Rivy,Gull,1978-08-03,rgullbz@about.me,7028343880,Female,$10005.95,NBVCV2116I,1,0,0,0
12228549402,Karen,Volette,1983-09-04,kvolettec0@usda.gov,5774524459,Female,$7319.44,FQAAL8445T,1,0,1,0
12282848500,Rochella,Danniel,1985-10-28,rdannielc1@ox.ac.uk,1393447354,Female,$9670.41,SWGBK9348A,0,1,0,0
12219480649,Ludvig,Overington,1965-09-22,loveringtonc2@nsw.gov.au,5342505307,Male,$3671.29,XULDV1163A,0,1,0,0
12265737575,Brendon,Sammes,1990-01-07,bsammesc3@dmoz.org,2826590700,Male,$10088.57,OMUDC5645Z,0,0,0,0
12291798898,Avril,Swaby,1978-06-11,aswabyc4@friendfeed.com,2924722046,Polygender,$3247.49,ZHFTE8834R,0,1,0,0
12233708495,Sherman,Jefferd,1979-02-18,sjefferdc5@virginia.edu,6358624505,Male,$4152.72,CKCCG7261N,0,1,1,0
12256312706,Perkin,Blasetti,1965-06-20,pblasettic6@home.pl,3015129247,Male,$6250.78,VBAPT9732D,0,0,0,0
12258397203,Johnna,Crabtree,1996-12-25,jcrabtreec7@creativecommons.org,4909780934,Female,$3545.34,KPZKD3953N,0,0,1,0
12267552064,Denice,Sinkinson,1975-11-23,dsinkinsonc8@mlb.com,1247202585,Female,$7142.98,KGDPR9545R,0,0,0,0
12202030221,Wendel,Cullum,1983-06-21,wcullumc9@omniture.com,3593911571,Male,$4095.36,IXLMB7761F,0,0,0,0
12235421978,Ray,Danilevich,1978-03-10,rdanilevichca@wordpress.com,2616121516,Male,$10298.41,PYJUZ2653L,0,1,0,0
12207514354,Dillie,Snead,1973-01-16,dsneadcb@123-reg.co.uk,7541674987,Male,$5918.62,HXYPA9269A,0,0,0,0
12272394773,Gabriel,Cheales,1964-04-22,gchealescc@topsy.com,3018983312,Polygender,$10387.38,FESER8995G,1,0,0,0
12223158257,Antonella,Rushsorth,1960-03-05,arushsorthcd@deliciousdays.com,3023736194,Female,$6461.14,TAQQE8348G,0,0,0,0
12219850133,Sapphire,Romayn,1977-12-23,sromaynce@51.la,5647544784,Female,$9633.81,AESCN8760U,0,0,0,0
12236992688,Lyell,Ettritch,1980-01-06,lettritchcf@tripod.com,2566520507,Male,$9040.77,JJWNX3618Y,0,0,0,0
12277432224,Sig,Kacheller,1970-10-15,skachellercg@deliciousdays.com,3977370033,Male,$4845.12,ZITEB3662W,0,0,0,0
12210363714,Loy,Martellini,1977-07-17,lmartellinich@ted.com,6721782492,Male,$7943.98,OAYPC2087O,0,0,0,0
12280674278,Nikaniki,Dispencer,1966-01-11,ndispencerci@flickr.com,7242274958,Female,$5669.57,FAHGK6165R,1,0,0,0
12204648990,Bronson,Bedlington,1976-08-27,bbedlingtoncj@scientificamerican.com,8118563502,Male,$8540.97,YHBFH8709S,0,0,0,0
12295773586,Joanie,Killbey,1991-02-08,jkillbeyck@comcast.net,7675404156,Female,$8239.54,YFDHS8312W,0,0,0,0
12263459523,Iona,Clemot,1960-12-12,iclemotcl@friendfeed.com,7703853625,Female,$3644.12,VCLLG0060F,0,0,0,0
12208499174,Theodosia,Top,1968-11-29,ttopcm@ca.gov,1392708338,Female,$6172.79,IBWXV3339F,0,0,0,0
12261063955,Emelia,Ineson,1963-09-15,einesoncn@senate.gov,1341231643,Female,$8144.86,EHOJL1348U,0,0,0,0
12237402816,Almire,Van Der Walt,1973-07-27,avanderwaltco@thetimes.co.uk,3975620328,Female,$10258.98,SARVJ2548G,0,1,0,1
12239264884,Dael,Stockin,1976-01-02,dstockincp@abc.net.au,2315229811,Genderfluid,$8052.66,QEBJQ7055K,0,0,0,0
12241030340,Arnie,Goolding,1977-05-31,agooldingcq@sfgate.com,6059063294,Male,$4788.65,NTVAA5324R,1,0,0,0
12261698391,Rosemarie,Ambrogelli,1961-01-04,rambrogellicr@smugmug.com,3829155282,Female,$5989.82,SOHCQ3484R,0,0,0,0
12244556263,Polly,Kevlin,2000-08-03,pkevlincs@blinklist.com,6218952916,Female,$2876.43,JFJGC9137N,0,0,0,0
12244735502,Camile,Probate,1975-05-18,cprobatect@drupal.org,7175631966,Female,$9367.97,QSLQK3735P,0,0,0,0
12283480944,Therine,Hearnes,1984-11-14,thearnescu@reverbnation.com,3801138502,Female,$4291.45,PXDHK8513I,0,0,0,0
12238182152,Anatole,Kalinovich,1973-09-10,akalinovichcv@imageshack.us,5475669974,Male,$4603.25,YZLBY9244W,1,0,0,1
12203017979,Paloma,Filochov,1984-05-09,pfilochovcw@51.la,1775348533,Female,$10179.59,JDLHA4622X,1,1,0,0
12285339555,Rubin,Flageul,1968-04-19,rflageulcx@ca.gov,5169407409,Male,$3540.10,LRMCH9784K,0,0,0,1
12289733122,Clareta,Blackmuir,1997-01-03,cblackmuircy@addtoany.com,5455787359,Female,$8470.05,SIFXG6044G,1,0,0,0
12262452066,Sullivan,Colbridge,1993-07-28,scolbridgecz@quantcast.com,6726387717,Male,$4044.51,HTFKR8135G,0,0,0,0
12259224677,Klement,Sandle,1999-09-11,ksandled0@uol.com.br,1753830464,Male,$4968.81,IJKBN9316Y,0,0,0,0
12273767755,Adriano,Dudden,1976-09-27,aduddend1@simplemachines.org,7516878197,Male,$2631.88,DAJZM5236P,0,0,0,0
12291710064,Jamaal,Olenov,1971-09-24,jolenovd2@zdnet.com,5661838267,Male,$9117.45,EFVHO2542R,0,0,0,1
12261181866,Kayne,Cherrett,1961-10-15,kcherrettd3@instagram.com,5861182949,Male,$8296.45,JUYNC5223U,0,0,0,0
12240234518,Sylvan,Butt,1979-04-28,sbuttd4@ehow.com,5832230431,Male,$4016.63,JUKSH5156V,0,1,0,0
12292868946,Granny,Burtwell,1991-08-03,gburtwelld5@wunderground.com,4839095000,Male,$4027.94,PUIQM0083I,0,0,0,0
12213156108,Sofia,Sefton,1981-05-31,sseftond6@woothemes.com,9486433826,Female,$10472.70,IGTXC0642D,0,0,0,0
12210246837,Celestine,Gaynesford,1997-12-04,cgaynesfordd7@blogspot.com,7473703337,Agender,$4119.37,RKHCU8619U,0,0,0,0
12254282176,Clementius,Roisen,1986-07-21,croisend8@people.com.cn,1152188817,Male,$2921.12,FUEIC0370T,0,0,0,0
12264588599,Kermit,Bonner,1976-05-30,kbonnerd9@icq.com,9269892439,Male,$9462.60,XSRRC6541G,1,0,0,0
12234511626,Hannah,McCreath,1990-12-24,hmccreathda@diigo.com,6426010257,Female,$7974.42,VLNZM3248D,0,1,0,0
12269895044,Georg,Hanney,1969-04-14,ghanneydb@mit.edu,7405207391,Male,$5184.70,KWPNU1901P,1,0,0,0
12225909665,Merrill,Draye,1995-07-30,mdrayedc@ovh.net,5894003588,Female,$3032.79,YKYKE1591W,0,0,0,0
12246469700,Ronna,Palfrey,1986-06-03,rpalfreydd@1688.com,1075709143,Female,$9189.49,BCROT0876L,0,0,0,0
12241713616,Shelley,Tringham,1990-07-09,stringhamde@reddit.com,7188934784,Female,$3069.88,QDXTO7278N,0,0,1,0
12216830585,Keslie,Capineer,1968-12-21,kcapineerdf@about.me,2916749107,Female,$8459.80,XBBJK6262Z,1,0,0,0
12281706218,Bonnee,Schuricht,2000-01-09,bschurichtdg@vimeo.com,1715076526,Female,$4950.15,JEYBI9675G,0,0,0,1
12255050416,Charles,Cromie,1986-11-20,ccromiedh@statcounter.com,4862199757,Male,$6507.75,ZIOID6640I,0,0,0,0
12276131629,Killie,Rodgier,1990-02-03,krodgierdi@howstuffworks.com,5614925693,Male,$7882.83,SRMDN6323V,0,0,1,0
12242188732,Vassily,Nowlan,1977-02-24,vnowlandj@oakley.com,4822649818,Male,$4613.69,GGSTE6624S,0,0,1,0
12207184267,Marlo,Mullis,1974-05-26,mmullisdk@hubpages.com,4665071293,Female,$4933.41,OBREF9592L,0,0,0,0
12227911101,Lizzie,Corro,1989-05-23,lcorrodl@google.com.au,5868933019,Female,$7059.68,RIWEI7274V,1,0,0,0
12286818917,Steffie,Nezey,1975-06-11,snezeydm@mayoclinic.com,3231902986,Female,$2828.07,IJODP6697N,0,0,0,0
12281661098,Novelia,Craise,1960-01-06,ncraisedn@photobucket.com,1909254774,Female,$3207.75,TRJPN5698C,0,0,0,0
12284265261,Biron,de Pinna,1978-08-10,bdepinnado@ucoz.com,7725383578,Male,$6982.06,HGCQB1526Z,0,0,0,0
12246315915,Eddie,Pietrzak,1996-01-09,epietrzakdp@mlb.com,6471852288,Female,$7680.13,GPTDH2824N,1,0,0,0
12234254471,Tandy,Purkess,1981-11-10,tpurkessdq@vk.com,2507298411,Female,$5473.15,YZVOC4457X,0,0,0,0
12221503699,Lawry,Lottrington,1967-03-11,llottringtondr@who.int,3116150619,Male,$2764.51,PDWKB9997H,0,0,0,0
12268893948,Lucilia,Brevitt,1982-10-06,lbrevittds@pcworld.com,4339122735,Female,$3769.05,MBLDS7324P,0,0,0,0
12207005624,Saundra,Solleme,2000-06-19,ssollemedt@sina.com.cn,2468125012,Polygender,$9706.79,CBSCI8025H,0,0,0,0
12281100017,Mead,Handyside,2001-01-08,mhandysidedu@lycos.com,4985006381,Male,$8245.34,UOGEM4558M,0,0,0,0
12212282633,Gustaf,Bargery,1960-05-31,gbargerydv@lycos.com,7011901974,Male,$9505.43,TUDPN7955L,0,0,0,0
