CIF Id,first_name,last_name,DOB,email,Mobile No,gender,Salary,PAN,Credit Card,Home Loan,Car Loan,Insurance
12153482376,Eveline,Sibray,1977-11-12,esibray0@kickstarter.com,2226101924,Female,$5542.41,HBUOW8279K,1,0,0,0
12182996566,Virgie,Hulatt,1997-05-20,vhulatt1@sphinn.com,7758383536,Female,$5146.42,MDUQK2387O,0,0,0,0
12116474231,Helene,Dytham,1985-12-14,hdytham2@skype.com,8671097769,Female,$5800.01,ITYHS1390R,0,0,0,0
12113920260,Euphemia,Aspinal,1981-08-08,easpinal3@hugedomains.com,7513709243,Female,$5066.58,JIYJB6124Y,0,0,0,0
12181549144,Mickie,Capron,1969-08-04,mcapron4@dedecms.com,2054730113,Female,$8891.31,DKUVG7979P,0,0,0,0
12160336842,Allie,Kryszkiecicz,1987-05-19,akryszkiecicz5@github.com,5174447309,Male,$6387.49,VWFIS1405P,0,0,0,0
12134785126,Ingar,Alkins,1971-03-21,ialkins6@jiathis.com,6063058468,Male,$4474.37,YFDMK4107J,1,0,0,0
12162524525,Tanitansy,Basilio,1974-12-02,tbasilio7@bbb.org,6619191442,Female,$3484.23,MBGQG5567K,0,0,0,0
12198299456,Chelsae,Padfield,1979-03-23,cpadfield8@livejournal.com,2175709108,Female,$6595.36,HDLTS9891X,1,0,0,0
12192865911,Phillipe,Skellen,1983-11-21,pskellen9@indiegogo.com,5463077767,Male,$2945.65,SBAUF4025T,1,0,0,0
12184366247,Elana,Kloser,1998-01-21,eklosera@google.cn,5672863937,Female,$7494.95,VRCSZ3764H,0,0,0,0
12140878665,Glynda,Ertel,1990-07-03,gertelb@usatoday.com,2943831667,Female,$9480.48,WPCKH6275O,0,1,1,0
12155975955,Blondie,Widdowes,1990-07-02,bwiddowesc@google.nl,3413840092,Female,$9637.04,PJQKK5913A,0,0,1,0
12101562207,Andie,Poad,1990-10-27,apoadd@canalblog.com,3409955402,Agender,$8003.15,YOHFC8933C,0,0,0,0
12145939503,Dickie,Govey,1979-04-19,dgoveye@a8.net,5607823927,Agender,$9753.95,ETBSP2199J,0,0,0,0
12104786998,Niall,Kiddey,1974-12-16,nkiddeyf@digg.com,5859131857,Male,$7555.33,DZFUL4379H,0,0,0,0
12180558468,Mehetabel,Peschet,1982-08-26,mpeschetg@ocn.ne.jp,9566643366,Female,$4303.63,DOTUL2316L,0,0,0,0
12106190493,Donica,Canizares,1995-02-11,dcanizaresh@home.pl,4578385688,Female,$6084.59,GOJTN1597G,0,0,0,0
12127904053,Chrissy,Cullum,1991-02-26,ccullumi@narod.ru,1869240237,Female,$7374.63,EKKUC2826Y,0,0,0,0
12120188775,Brietta,Taphouse,1982-11-08,btaphousej@mashable.com,4822118506,Genderqueer,$7211.25,UGZZU7727C,0,0,0,0
12136255348,Dwain,Netherwood,1965-11-14,dnetherwoodk@deviantart.com,1547577649,Male,$8516.99,XXZGO6801I,0,0,0,0
12177405755,Edlin,Truelock,1964-08-20,etruelockl@sbwire.com,3069796185,Male,$3521.37,TCGNB5167O,0,1,1,0
12170089398,Lyndsie,Rothman,1987-07-22,lrothmanm@elegantthemes.com,6387991299,Female,$8441.69,PHTLC7993O,0,0,0,1
12123592911,Karel,Ibanez,1966-06-22,kibanezn@shutterfly.com,6166850719,Male,$5596.24,NHVXW5888O,0,0,0,0
12139869469,Inessa,Kubica,1965-04-14,ikubicao@scientificamerican.com,7891296474,Female,$10457.47,TYIRL6393F,0,0,0,0
12100096074,Toni,Camber,1994-12-01,tcamberp@merriam-webster.com,2345693713,Female,$7612.67,BXKRP4044N,0,1,0,0
12138262006,Martino,Challener,1962-07-03,mchallenerq@wikipedia.org,9914500414,Male,$4211.64,MWYUN3382N,0,0,0,0
12137756197,Tomasine,Loveridge,1986-01-27,tloveridger@odnoklassniki.ru,3662425990,Female,$7024.50,ACFYZ5019U,0,0,0,0
12101006087,Manya,Dannell,1992-06-10,mdannells@va.gov,9756395437,Female,$4130.23,DRMWO3085T,0,0,0,0
12143847846,Duff,Greatex,1999-07-13,dgreatext@twitter.com,4807098675,Male,$7180.62,SRZUI7505Q,0,0,0,0
12121117431,Konrad,Staneland,1960-05-17,kstanelandu@msn.com,1927793387,Male,$3825.21,WHYSW6787Q,0,0,1,0
12167548884,Willie,Sorbey,1970-02-18,wsorbeyv@eventbrite.com,4351150583,Male,$7938.19,THESF6173D,0,0,0,0
12166492223,Ewart,Lawlie,1989-01-29,elawliew@xing.com,9848465803,Male,$5153.10,YMLWR0168Y,0,0,0,0
12163414180,Paxon,Lillo,2000-08-21,plillox@digg.com,4355445038,Male,$7122.05,MUYJY6113M,0,0,0,0
12122621423,Flossi,Nornasell,1968-11-06,fnornaselly@dell.com,6823291692,Female,$8285.46,IGWWI8093N,0,0,0,0
12167356559,Phylis,Allerton,1974-03-01,pallertonz@ycombinator.com,9143842220,Non-binary,$9560.24,TUZLU3912V,0,0,0,0
12170513713,Neall,Gierck,1999-09-09,ngierck10@statcounter.com,9475849592,Male,$8603.60,SFIHZ6721O,1,0,0,0
12137995197,June,Spurr,1994-01-24,jspurr11@facebook.com,4192353513,Non-binary,$3035.76,JBPRU9231O,0,0,0,0
12198716866,D'arcy,Drysdell,1999-03-20,ddrysdell12@unicef.org,3241756395,Male,$5185.28,SSGDZ3373A,0,0,0,1
12148737349,Jackie,Blinde,1989-11-15,jblinde13@jigsy.com,3203430181,Female,$5474.30,VBFMD6863Z,0,0,0,0
12132083608,Karim,Belvard,1962-10-25,kbelvard14@spiegel.de,7579423113,Male,$8661.23,IWGHM6924M,0,0,0,0
12175710343,Reid,Aucott,1997-10-11,raucott15@smugmug.com,6025005363,Non-binary,$4584.02,SVNXG8005Q,0,0,0,0
12121429788,Celeste,Lie,1985-06-26,clie16@usnews.com,7125313337,Female,$6485.65,WPCKJ0430D,0,0,0,0
12150748156,Obadias,Tirrey,1982-05-05,otirrey17@telegraph.co.uk,4661757676,Male,$5966.04,IJKAG6186F,0,0,0,1
12137846285,Krista,Landrieu,1968-10-03,klandrieu18@nbcnews.com,2631469307,Female,$8191.28,GVLYE6260T,0,0,0,0
12125988261,Corliss,Eat,1981-07-02,ceat19@house.gov,6748344099,Female,$3893.32,DVAMS1391R,0,1,0,0
12193372809,Ruthi,Hallbord,1983-07-01,rhallbord1a@blogs.com,6651383332,Female,$9783.43,UVFLQ1728N,0,0,0,0
12108639112,Sonnie,Torbard,1977-02-21,storbard1b@mail.ru,1583356830,Female,$5445.85,YVKYZ6553K,0,0,0,0
12140942961,Iver,Diggar,1976-11-13,idiggar1c@bing.com,5145466812,Male,$4558.17,PAAXM8997Y,0,0,0,0
12182959625,Lonnard,Guterson,1993-08-27,lguterson1d@msn.com,3648240662,Male,$6520.08,VTJLF6365X,0,0,0,0
12183422417,Kynthia,Dow,1973-05-12,kdow1e@mysql.com,4783315122,Female,$4225.76,HZQOR1007W,0,1,0,0
12164643047,Ellette,Liebermann,1991-09-01,eliebermann1f@cyberchimps.com,2522001254,Genderfluid,$9498.36,QRWVS9095H,0,0,0,0
12115378575,Edgard,Cromb,1988-05-09,ecromb1g@lulu.com,6797531581,Male,$2853.20,SSHSM0956U,0,0,0,0
12173339055,Eugen,Matches,1973-10-24,ematches1h@arizona.edu,5206666493,Male,$5629.14,CLZAY1170W,0,0,0,0
12192591525,Enrico,Titterell,1962-08-28,etitterell1i@gmpg.org,8024236363,Male,$9791.96,LPLNL5869X,0,0,0,0
12131038720,Cathy,Meehan,1983-01-23,cmeehan1j@domainmarket.com,1513237978,Female,$8471.44,WCFNR1065P,1,1,0,0
12119639129,Leif,Normanell,1960-09-22,lnormanell1k@flickr.com,8968659892,Male,$7878.28,NBNOE8183S,0,0,0,0
12184014851,Giffie,Munro,1995-05-21,gmunro1l@163.com,7851650776,Bigender,$5208.19,BQNKI7911T,0,0,0,0
12132948791,Dollie,Fieldgate,1974-12-13,dfieldgate1m@gmpg.org,7564039199,Female,$3250.58,KMATR5486E,0,1,0,0
12187410779,Thornie,Dermot,1999-01-11,tdermot1n@kickstarter.com,4447076225,Male,$4519.13,HSBTB6456B,1,0,0,1
12189992649,Chaddie,Ellwell,1988-02-07,cellwell1o@cbslocal.com,4058479665,Male,$4618.24,RVLYB8013I,0,0,0,0
12110450940,Alisha,Jaukovic,1994-10-28,ajaukovic1p@unblog.fr,9566588255,Female,$9319.47,RUQZL0804F,0,0,0,0
12197656502,Elicia,McLaine,1965-12-19,emclaine1q@google.com.au,1074059899,Female,$3300.82,KFCWX6782F,0,0,0,0
12180188372,Cassie,Eckersley,1964-09-06,ceckersley1r@newsvine.com,9555356995,Female,$3296.70,BTQBR0288A,0,0,0,0
12184357810,Niall,Kemsley,1976-10-13,nkemsley1s@prnewswire.com,3414171329,Male,$8775.38,OVUWY9434Z,0,0,0,0
12156545225,Ermanno,Cookman,1989-10-19,ecookman1t@google.com.br,3151637975,Male,$7872.01,RNWMY9945Z,0,0,0,0
12170592683,Renault,Elgie,1994-04-22,relgie1u@parallels.com,7318007427,Male,$8903.19,SKSXR8928I,1,0,0,0
12120898503,Matthias,Winwright,1974-08-20,mwinwright1v@usgs.gov,3106752596,Male,$7445.20,LPDFL4903Y,0,0,0,0
12193540523,Giff,Bethell,1991-07-01,gbethell1w@g.co,6642218548,Male,$5699.96,SERHH9353R,1,1,0,0
12123621252,Corella,Zottoli,1992-09-09,czottoli1x@a8.net,7545950680,Female,$8113.72,QNKSZ4467J,0,0,0,0
12148356831,Vin,Hupka,1961-05-17,vhupka1y@java.com,6441149627,Genderqueer,$4004.07,OZHUX1516A,0,0,0,0
12187972799,Johannes,Grayson,1971-02-15,jgrayson1z@reverbnation.com,7409775322,Male,$6717.24,URNPU9914B,0,1,0,0
12135415726,Candie,Tanzer,1963-10-18,ctanzer20@topsy.com,9021730302,Genderfluid,$5950.41,EAGJG9852A,0,0,0,0
12134279141,Philis,Capey,1985-02-04,pcapey21@unblog.fr,7218568660,Female,$9710.64,EJLKV2117V,0,0,0,0
12169317104,Hoebart,Hayen,1963-02-02,hhayen22@shutterfly.com,8513948195,Male,$2552.63,DAPKD8696V,0,0,0,0
12198010386,Winifield,Lindner,1995-01-15,wlindner23@histats.com,6249171061,Male,$5028.84,CYOSH8245D,0,0,0,0
12196836559,Fifi,Andrys,1991-08-22,fandrys24@theatlantic.com,4193016899,Female,$4717.62,FPZKZ0082V,0,0,0,0
12138939752,Pepito,Banane,1985-11-10,pbanane25@wisc.edu,9298518516,Genderfluid,$8556.50,OVMHL9273H,0,0,0,0
12183375981,Trudie,Coggings,1984-07-27,tcoggings26@theguardian.com,8126270181,Female,$7828.31,CNXNO2864Y,0,0,0,0
12155169302,Illa,Simmens,1981-01-05,isimmens27@nature.com,9459361281,Female,$4397.82,QOZAF3131R,0,0,0,0
12127248463,Chen,Chesswas,1981-08-28,cchesswas28@netscape.com,3601246967,Male,$3423.32,EWQWJ1791X,0,0,0,0
12160093549,Briney,Craw,1973-06-21,bcraw29@squarespace.com,4455565522,Female,$9799.08,CINCM5573L,0,1,0,0
12158006265,Ardelia,Clemencet,1972-04-27,aclemencet2a@jugem.jp,7248066599,Female,$9484.67,OZRIU6346H,0,0,0,0
12135752953,Terra,Dudman,1983-12-31,tdudman2b@yolasite.com,6576990173,Female,$4085.94,SMKAT6109Z,0,0,0,0
12106689214,Alexis,Ruse,1970-04-22,aruse2c@sourceforge.net,2214533891,Male,$3371.28,WNZBL7585G,0,1,0,0
12123408229,Eldin,Newberry,1983-05-16,enewberry2d@vimeo.com,7384158416,Male,$6794.30,XPNQE0781U,0,0,1,0
12148730615,Jessa,Vergine,1995-02-16,jvergine2e@tmall.com,8105746076,Female,$9364.80,JFFPK5900U,0,0,0,0
12102453266,Aube,Beville,1991-09-11,abeville2f@jimdo.com,3793280422,Male,$9227.28,WLKIC1769Y,0,0,0,0
12172561829,Viviyan,Denslow,1968-03-23,vdenslow2g@paginegialle.it,9986188483,Female,$4351.24,ZRRUG7687G,1,0,0,0
12165371362,Marin,Ketteringham,1964-01-04,mketteringham2h@rambler.ru,3673060909,Female,$4867.89,HUXRH1080N,0,1,0,0
12114112985,Kathleen,Ianittello,1978-08-06,kianittello2i@dmoz.org,8943541025,Female,$5585.80,DACJA1757Q,1,0,0,1
12175294940,Urbanus,Orbell,1975-03-05,uorbell2j@techcrunch.com,3172635071,Male,$5985.15,TBNRI0719K,0,0,0,1
12140322579,Urbain,Kassidy,1969-07-03,ukassidy2k@nbcnews.com,2899707570,Male,$2673.72,OYNZF0287N,0,0,0,0
12176529213,Caryl,Dymock,1986-01-05,cdymock2l@biglobe.ne.jp,6405862802,Male,$3232.53,BTIJQ8227U,0,0,0,0
12121989945,Dorrie,Rayer,1982-01-25,drayer2m@networkadvertising.org,3477059160,Female,$5117.73,HOBKT2533U,0,0,0,0
12192755807,Theressa,Kitchinghan,1962-11-07,tkitchinghan2n@washington.edu,8561032494,Female,$9379.83,YYFEV7860M,0,0,0,0
12153848592,Conway,Spinks,1971-03-20,cspinks2o@123-reg.co.uk,9047572810,Male,$4833.56,GZTLB3957Y,0,0,0,0
12175051522,Bryce,Cinavas,1975-10-30,bcinavas2p@google.ru,5505156120,Male,$6107.36,FAPNH5281L,0,0,0,1
12121449270,Clementia,Sneller,1989-10-18,csneller2q@mashable.com,4329000860,Female,$6645.94,QGFAF7999X,0,0,0,0
12181578919,Nicoline,Devitt,1988-05-29,ndevitt2r@kickstarter.com,4969757595,Female,$5551.66,EULZL6756Y,0,0,0,0
12183952145,Marcelo,Shadwick,1991-12-08,mshadwick2s@timesonline.co.uk,3902849601,Male,$6691.64,XFYBI5580J,0,0,0,0
12190483884,Meredithe,Skingley,1981-09-21,mskingley2t@github.com,6819000037,Female,$2878.41,LBQCV0447W,0,1,0,0
12140396488,Arabele,Varker,1998-09-03,avarker2u@wikia.com,6116276964,Female,$10428.06,FDXJP8220N,0,0,1,0
12139403691,Mariann,Longfut,1984-10-09,mlongfut2v@flavors.me,9704291460,Female,$9299.48,TZKUE4555G,0,0,0,0
12114579717,Trefor,Attewill,1962-08-27,tattewill2w@unblog.fr,5984511931,Male,$3680.29,ILOYV2743P,0,0,0,0
12176554311,Winny,Franses,1984-06-14,wfranses2x@reference.com,4232286311,Female,$8076.50,NFGFP1556X,0,0,0,0
12145972344,Hart,Edlestone,1973-12-02,hedlestone2y@theguardian.com,7438338654,Male,$3794.01,WEMMS8397G,0,0,0,0
12126578674,Aldis,Brimmacombe,1990-08-10,abrimmacombe2z@zimbio.com,1539262727,Male,$9912.72,EUZHD7246K,0,1,0,0
12160428556,Burgess,Trelevan,1972-07-19,btrelevan30@w3.org,2684871124,Male,$8610.43,CHMBA0814Q,0,0,1,0
12140137408,Enoch,Dayborne,1986-09-01,edayborne31@live.com,9815905395,Male,$5510.79,FYLJJ7756G,0,0,0,0
12159917209,Devora,Yuill,1996-06-22,dyuill32@howstuffworks.com,3035513736,Female,$10253.11,AGOCN3918F,0,1,0,0
12182228649,Moyna,Label,1979-03-22,mlabel33@hud.gov,4812887948,Female,$3039.30,TAWZP9857W,0,1,0,0
12170085126,Minda,McIan,1987-05-29,mmcian34@accuweather.com,3978131344,Female,$9435.11,QQLER3855L,0,0,0,0
12162764582,Lem,Saffer,1991-05-06,lsaffer35@usda.gov,6753790855,Male,$7255.20,SVMVA2728M,0,0,0,0
12164990130,Gerladina,Binney,1968-08-04,gbinney36@slate.com,4728259974,Female,$8714.20,HYKFF3869U,0,0,0,0
12195137471,Delinda,Pestricke,1979-05-01,dpestricke37@nydailynews.com,7484067669,Female,$10346.71,MAEJP1896P,0,0,0,0
12188545044,Jazmin,Whimpenny,1986-12-03,jwhimpenny38@php.net,7374695554,Female,$8111.49,SILDP9424P,0,0,0,0
12112988378,Fanny,Behnke,1972-12-29,fbehnke39@twitter.com,6063669784,Female,$2695.84,MKHXP5161E,0,0,0,0
12143037312,Evelyn,Jeandel,1993-02-03,ejeandel3a@irs.gov,2978052523,Female,$7479.68,GLJNS8749D,0,0,0,0
12178942283,Marti,Flack,1980-05-20,mflack3b@nature.com,2387696787,Female,$6989.14,LRSLI0549J,1,0,0,0
12140177252,Carlyn,Yerill,1991-05-28,cyerill3c@reference.com,8926839395,Female,$10007.36,OXOHE9765Y,0,0,0,0
12124141867,Suzi,Gallie,1961-12-25,sgallie3d@ehow.com,8731759253,Female,$2980.31,WQPUQ2233J,1,0,0,0
12154809033,Nadya,Iddison,1993-11-18,niddison3e@ezinearticles.com,7194781277,Female,$9838.55,MBOVT1467B,1,1,0,0
12103457401,Sascha,Goldstone,1961-05-16,sgoldstone3f@mapy.cz,4978350742,Male,$3349.00,ILEWH6698G,0,0,0,0
12184232589,Phineas,Dobbyn,1961-07-06,pdobbyn3g@geocities.jp,6908908333,Genderqueer,$10233.55,LPBLR7864Z,0,1,1,0
12190875414,Andris,Shapcott,1976-10-18,ashapcott3h@feedburner.com,5808390173,Male,$3682.13,JAEAP1185F,0,0,0,0
12190069523,Tuesday,Miles,1991-08-22,tmiles3i@theatlantic.com,3142901686,Female,$10029.29,YFTXM6478F,0,0,0,0
12190438323,Leif,Mease,1961-03-27,lmease3j@nasa.gov,7264775972,Male,$7322.38,YRUJD8479Z,1,0,0,0
12177997588,Monroe,Jeeves,1991-08-28,mjeeves3k@engadget.com,6119090399,Male,$8042.26,GLPCJ0648H,0,0,0,0
12181987402,Randall,Baldazzi,1966-04-01,rbaldazzi3l@amazonaws.com,7133237377,Male,$5891.60,CIEKM5971I,0,0,0,0
12158367146,Willard,Elger,1966-07-22,welger3m@ucoz.ru,9395026161,Male,$9556.02,BAKRS2505K,0,0,0,0
12155354753,Carlie,Gedney,1971-09-17,cgedney3n@forbes.com,2906415712,Male,$9741.50,NQAIM2877F,1,0,0,0
12111868683,Lori,Loudwell,1985-07-18,lloudwell3o@vk.com,6574749229,Female,$2859.13,WINPL8478L,0,0,1,0
12174829671,Kandace,Cocher,1973-11-23,kcocher3p@com.com,8557640537,Female,$3931.81,VZLRV9827M,0,0,0,0
12126165701,Agretha,Daburn,1966-05-11,adaburn3q@huffingtonpost.com,7979243917,Non-binary,$5204.17,WBSKG3654J,0,0,0,0
12180869926,Neils,Tuddenham,1992-09-24,ntuddenham3r@privacy.gov.au,5904245078,Polygender,$6768.89,PQWDM4570Z,1,0,0,0
12173660153,Normie,Toffano,1994-04-02,ntoffano3s@desdev.cn,9572565618,Male,$4256.09,GQLVR6467G,1,0,0,0
12188602269,Vladamir,Hallibone,1997-08-22,vhallibone3t@globo.com,8247478987,Male,$7482.99,NECJE8398Y,0,0,0,1
12190081514,Hollie,Cleminshaw,1978-11-14,hcleminshaw3u@symantec.com,7825186676,Female,$7459.65,ZOTZB9231I,1,0,0,0
12108709178,Ardath,Murrthum,1994-08-19,amurrthum3v@msn.com,3985515179,Female,$5428.28,CCLJB2192V,0,0,0,0
12152312723,Herc,Trytsman,1997-01-20,htrytsman3w@usnews.com,1786989763,Male,$4379.91,PZJPA8951U,0,0,0,0
12148606135,Kelbee,Golborn,1971-07-12,kgolborn3x@tinypic.com,2202607913,Male,$4539.08,IZUWY1063U,0,0,0,0
12144343121,Silvan,Cisland,1967-08-31,scisland3y@usda.gov,2428283631,Male,$7117.68,OAGLP0625T,0,0,0,0
12111570685,Rebecka,Chastanet,1982-11-17,rchastanet3z@shareasale.com,5594074414,Female,$8983.93,JQMNW1088Z,0,0,1,0
12126165141,Lennard,Forty,1974-10-09,lforty40@shinystat.com,2626246323,Male,$7034.25,UCKGN6331T,0,0,0,0
12143730313,Mavra,Hought,1983-03-23,mhought41@mashable.com,8006203439,Female,$4236.07,TDCWP9473F,1,0,0,0
12143060826,Abbie,Everix,1968-06-17,aeverix42@ask.com,1042779050,Male,$7495.95,GYXML7680L,0,0,0,1
12158541383,Merell,Mayhew,1961-02-07,mmayhew43@hexun.com,8702135483,Male,$3866.79,YPBNF0789S,0,0,0,0
12155606746,Hedi,Dennert,1968-06-15,hdennert44@so-net.ne.jp,9397358445,Female,$6147.97,YLMTZ4108A,0,0,0,0
12199057728,Stephie,Brewster,1981-10-17,sbrewster45@unc.edu,7059027117,Female,$2792.01,QAQGD0558V,0,0,0,0
12116703940,Perla,Franciotti,1967-07-25,pfranciotti46@microsoft.com,1165014376,Female,$7387.72,NJVFZ0988J,0,0,0,1
12154389812,Elmer,Suddards,1996-10-16,esuddards47@hhs.gov,3756628496,Male,$7378.59,HRFFX0873Q,0,0,0,0
12113136890,Aile,Criple,1978-05-28,acriple48@indiatimes.com,1385327553,Female,$9011.68,NWFOR3676Y,0,0,0,0
12149124651,Law,Lecointe,1984-05-28,llecointe49@epa.gov,7316295578,Male,$3833.83,YZVEB7621C,0,0,0,1
12183336140,Chadd,Blewis,1998-08-06,cblewis4a@cdc.gov,2109565001,Male,$5952.05,JZVPM3142J,0,0,0,0
12168734829,Audrie,Pischel,1980-05-09,apischel4b@clickbank.net,1375899634,Female,$9555.56,OXGSG9596C,1,0,0,0
12100529707,Cass,Skilbeck,1971-11-21,cskilbeck4c@springer.com,2794910775,Female,$6999.55,EFDSA2196K,1,0,0,0
12179411338,Gerladina,Pollok,1969-06-21,gpollok4d@bing.com,8884106921,Female,$6868.47,UKNOR1844V,0,0,0,0
12174582694,Allayne,Poyntz,1980-08-23,apoyntz4e@sourceforge.net,8508705796,Male,$4579.44,IVEIK4906X,0,0,0,0
12195213058,Chris,Marquot,1973-05-04,cmarquot4f@java.com,9779543884,Female,$9147.49,HAEHM7298V,0,0,0,0
12163734187,Griffith,Grabbam,1989-07-06,ggrabbam4g@xinhuanet.com,1218636758,Male,$8278.87,GEQEQ4371L,0,0,0,0
12124005513,Torey,Kift,1982-12-07,tkift4h@blinklist.com,6345552416,Male,$5029.76,FDKEX3317G,0,0,0,0
12156842670,Rosemaria,Amorine,1964-08-14,ramorine4i@zdnet.com,2697034234,Female,$2753.74,WJBZD2910F,0,0,0,0
12134166516,Nicolais,Brunton,1977-10-23,nbrunton4j@abc.net.au,1511411240,Male,$8379.59,SRNZI9935P,0,0,0,0
12177903718,Ximenez,Firidolfi,1996-03-05,xfiridolfi4k@deliciousdays.com,6248670787,Male,$2978.19,MJFIV8776Z,0,0,0,0
12171146114,Bonni,Tellenbrook,1996-01-24,btellenbrook4l@imdb.com,1899733546,Female,$6620.72,YJQKS1003Y,0,0,0,0
12160904782,Jacobo,Esson,1973-11-29,jesson4m@latimes.com,1415240531,Male,$4622.42,HPQIE5810H,0,0,0,0
12156809290,Nataline,Kleinplac,1974-03-02,nkleinplac4n@ucsd.edu,4594874316,Female,$6224.45,LJPQZ8121W,0,1,1,0
12131250120,Yettie,Tomblings,1978-01-09,ytomblings4o@wiley.com,9138163028,Female,$5494.95,IHJZI8985O,1,0,0,0
12180792668,Cornie,Blackney,1977-11-05,cblackney4p@wikispaces.com,4449312984,Female,$2920.61,CDVWP3220S,1,0,0,0
12184976957,Pepillo,Petrushka,1995-10-24,ppetrushka4q@abc.net.au,3379319206,Male,$7081.67,HASAG7281G,0,0,0,1
12128540213,Kareem,Banton,1976-11-05,kbanton4r@army.mil,1371416230,Male,$10157.04,FOETH4556H,0,0,0,0
12144825780,Powell,Cullen,1985-09-11,pcullen4s@bbc.co.uk,7826928168,Male,$6748.38,RAROK9637B,0,0,0,0
12172969656,Lyndsay,Casham,1979-11-07,lcasham4t@archive.org,6054629750,Female,$7419.68,LFRLW9159C,0,0,0,0
12161100525,Jannel,Brentnall,1991-05-12,jbrentnall4u@indiatimes.com,5834298264,Female,$4855.92,GXWEV9523R,0,0,0,0
12146800932,Demott,O' Reagan,1970-12-07,doreagan4v@bluehost.com,8173842893,Male,$5252.39,FJPVQ1782P,0,0,0,0
12192332217,Violet,Dumbelton,1990-02-26,vdumbelton4w@fda.gov,6176725572,Female,$9358.57,EBBNE1955C,0,0,0,0
12171072921,Augustin,Kinvan,1970-04-30,akinvan4x@artisteer.com,7432540087,Male,$3339.06,KIWCL1131H,0,0,0,0
12148110601,Gerianne,Eckly,1980-09-23,geckly4y@edublogs.org,7533956336,Female,$5070.80,PPHBN1526B,0,0,0,0
12119202158,Celestyn,Terron,1990-01-05,cterron4z@paginegialle.it,1827259612,Female,$5712.55,JMGIB7657D,0,0,1,0
12154870094,Hurley,Swanger,1966-02-13,hswanger50@pbs.org,4802514708,Male,$8738.33,UYXUC1215C,0,0,0,0
12178351993,Francoise,Le Barr,1972-02-11,flebarr51@live.com,9058038417,Genderqueer,$6474.03,AZREF0672D,0,0,0,0
12152365245,Willamina,Franckton,1997-12-10,wfranckton52@java.com,2027289658,Female,$7015.43,STMOD4511C,0,0,0,0
12120397451,Lenka,MacShirrie,1970-05-19,lmacshirrie53@go.com,5764553603,Female,$8886.04,IFGIC7179H,0,0,0,0
12161908254,Westleigh,Bertomier,1960-12-03,wbertomier54@usnews.com,7982216314,Male,$9793.92,UCUTM8080D,0,0,0,0
12142784274,Berri,Custance,1989-02-16,bcustance55@fotki.com,9191017740,Female,$2577.61,DYNTT4579K,0,0,0,0
12142823772,Scarface,Tingle,1990-02-22,stingle56@home.pl,5168953651,Male,$5629.60,THNBP0104I,1,0,0,0
12107112583,Guglielma,Ginni,1995-06-13,gginni57@yahoo.co.jp,3675074084,Female,$6339.90,ZAIBB4429X,0,0,0,0
12197648297,Baron,Bridgestock,1980-02-20,bbridgestock58@google.it,6409839109,Male,$5714.10,HFTTI4581J,1,0,1,0
12113184866,Eugine,Bussey,1991-08-10,ebussey59@ycombinator.com,7944643162,Female,$7520.94,FLVUZ6391L,0,0,0,0
12185582705,Sallee,Copper,1988-10-13,scopper5a@xrea.com,5448378748,Genderqueer,$5523.64,WMOOZ3739B,0,0,1,0
12141968163,Shanna,Willcox,1985-07-02,swillcox5b@foxnews.com,8909461473,Genderfluid,$4608.54,DCWWU6987F,0,0,0,0
12182536824,Liane,Boscott,1984-09-25,lboscott5c@bravesites.com,7393687082,Female,$9295.82,MDZPR4155I,0,0,0,0
12133742695,Bordie,Yeaman,1983-03-27,byeaman5d@abc.net.au,5861818127,Male,$10392.35,XXPEL6642K,1,1,0,0
12150994924,Lucie,Kirsop,1984-03-24,lkirsop5e@google.nl,3583672572,Female,$3603.97,GHBHL4807W,0,0,0,0
12198149510,Rozamond,Laister,1961-09-09,rlaister5f@paginegialle.it,1469577112,Female,$9843.43,FKESV8334G,0,0,0,0
12119844309,Brandea,Thirsk,1961-03-17,bthirsk5g@arstechnica.com,2903594713,Female,$6808.52,OOZTU6732Q,0,0,0,0
12111624586,Renault,Sabater,1988-10-17,rsabater5h@hao123.com,8742171755,Male,$8645.11,IEFWN0139H,0,0,0,0
12185686879,Dayle,Jowsey,1968-07-23,djowsey5i@feedburner.com,6628735958,Female,$6563.07,HUVVT2759X,0,0,0,0
12178612759,Ingrim,Rown,1990-09-25,irown5j@instagram.com,1987367977,Male,$4862.78,DVQCL0172M,0,0,0,0
12131267055,Romona,O'Sheeryne,1989-11-06,rosheeryne5k@sphinn.com,3332784683,Female,$3251.55,VASIV1468K,0,0,0,0
12127267804,Sherlock,Clout,1983-03-13,sclout5l@mit.edu,5882196436,Male,$9983.10,OWCXC1839N,0,0,0,0
12157775424,Stafani,Drance,1999-05-14,sdrance5m@chronoengine.com,3918617705,Female,$5711.48,IBKWN4119E,0,0,0,0
12162417362,Cosette,Glavis,1987-12-19,cglavis5n@dion.ne.jp,6538693172,Female,$7992.43,WSWIT0960G,0,1,0,0
12133635419,Brewster,Jobb,1986-11-27,bjobb5o@wix.com,9733846366,Male,$7895.98,YUVKS4923C,0,0,0,1
12112301515,Brandi,Topley,1980-12-08,btopley5p@mediafire.com,2647577311,Female,$7676.56,JXKJY5073Y,0,0,0,0
12172234524,Enid,Mowne,1969-10-25,emowne5q@disqus.com,3452090119,Female,$9319.89,IVNLS1380Q,0,0,0,0
12121206259,Concordia,Baumler,1979-03-03,cbaumler5r@google.com.au,3368961209,Female,$8146.43,CRXWT3347K,0,0,0,0
12152877440,Renie,Portman,1994-07-12,rportman5s@seattletimes.com,7135221842,Female,$3091.97,WKZEN6404M,0,0,0,0
12181864034,Arch,Warrell,1993-04-16,awarrell5t@nyu.edu,8954592266,Genderqueer,$8714.69,TSPXK1237Q,0,0,1,0
12194850752,Rozele,Gibberd,1994-07-02,rgibberd5u@live.com,2812115376,Female,$8366.86,VAWDR5510P,1,0,0,0
12120423929,Perren,Mallett,1966-04-17,pmallett5v@alexa.com,9414881875,Male,$2754.55,COMRG7179P,0,0,0,0
12119265644,Barb,Temblett,1975-05-12,btemblett5w@mit.edu,8198691808,Female,$6837.58,MFYST1724J,0,0,0,0
12117862640,Madeline,Biasotti,1976-08-29,mbiasotti5x@wp.com,4009087267,Female,$4431.88,PWVMZ8055C,1,1,0,1
12158480269,Gerianne,Sysland,1984-04-01,gsysland5y@1und1.de,2625382215,Female,$3085.65,UQOBW7482N,0,0,0,0
12133438697,Rand,Enbury,1971-10-17,renbury5z@wikimedia.org,3341776508,Male,$5979.53,FKFXO2075N,1,1,0,0
12181165610,Jackquelin,Timmis,1971-05-11,jtimmis60@sohu.com,7881410531,Female,$5992.97,GZQJN4914K,0,0,0,0
12118389154,Rogerio,Cheves,1980-11-06,rcheves61@ucoz.com,2026480600,Male,$7000.26,AXPZI9407Z,0,0,0,0
12115903109,Tanya,Swatridge,1972-05-06,tswatridge62@feedburner.com,3274773695,Female,$3086.35,DXZPA1390W,0,0,0,0
12105163515,Jamesy,MacPharlain,1970-07-18,jmacpharlain63@senate.gov,7757201896,Male,$8309.84,TICMN4233V,0,0,0,0
12102968048,Chrissy,Aveson,1968-03-07,caveson64@constantcontact.com,2861958004,Female,$6745.56,OTFLM0061J,0,1,0,0
12179535718,Jeniffer,Brassill,1969-01-03,jbrassill65@facebook.com,7496312040,Female,$5127.24,BPCZX3999J,0,0,0,0
12131772407,Pauly,Bransom,1968-09-20,pbransom66@apple.com,5604721971,Female,$6101.14,SQRVS2891B,0,0,0,0
12109380185,Orella,Asser,1995-07-15,oasser67@hostgator.com,7343290213,Female,$6849.44,RARQZ0645J,0,0,0,0
12195628137,Bran,Erett,1983-03-04,berett68@cafepress.com,9742631845,Male,$4600.89,LDHSF0984E,0,0,0,0
12153301176,Katheryn,Couche,1981-03-28,kcouche69@squidoo.com,6192492287,Female,$9909.32,SWBTP8372H,1,0,0,0
12160045713,Cecilius,Micheli,1963-02-15,cmicheli6a@house.gov,3707853259,Male,$4484.55,AMSCH4981Z,0,0,0,0
12147860525,Phip,Bolter,1989-04-30,pbolter6b@linkedin.com,2361994283,Male,$2857.54,TEFEJ1060V,0,0,0,0
12158258671,Kari,Bettenay,1972-06-13,kbettenay6c@sfgate.com,3367052314,Female,$4758.29,JQIDK8049U,0,0,0,0
12130863682,Carolynn,Knyvett,1986-10-22,cknyvett6d@xrea.com,9307474509,Bigender,$7220.98,MAUPY6534N,0,0,0,0
12163160411,Henrie,Loughhead,1982-09-10,hloughhead6e@mediafire.com,9968757946,Female,$6229.21,KHPVY0352L,0,0,0,0
12124207545,Pepillo,Estabrook,1982-03-30,pestabrook6f@cbsnews.com,4675118872,Male,$10060.95,DJPFU2562M,0,0,0,0
12129780125,Ludwig,McMechan,1991-07-29,lmcmechan6g@imgur.com,4208258242,Male,$3707.32,BMRFH7444L,0,0,0,0
12108286424,Lance,Kearton,1986-11-10,lkearton6h@de.vu,9423765441,Male,$10214.58,ANWMY5425O,0,0,0,0
12139804636,Domenic,Fyndon,1996-10-08,dfyndon6i@ed.gov,4112981822,Male,$9399.96,TNKVF1815D,0,0,0,0
12121071442,Roxi,Girault,1971-01-29,rgirault6j@dailymail.co.uk,1882622564,Female,$2634.88,CHTNL2216F,0,0,0,0
12103124543,Charil,Farress,1966-09-08,cfarress6k@netscape.com,1228355611,Female,$4931.82,NIDQB5268B,0,0,0,0
12100136983,Constantin,Blondell,1966-03-08,cblondell6l@google.com.br,4478884300,Male,$7274.05,KXUSG4273I,0,0,0,0
12193695300,Donnell,Di Bartolomeo,2000-12-28,ddibartolomeo6m@amazonaws.com,6159546032,Male,$6684.92,PYFJF9586V,0,1,0,0
12153206102,Jaquith,Mickan,1977-05-04,jmickan6n@liveinternet.ru,6361621223,Female,$3882.18,FEXZV5445P,0,0,0,0
12183679648,Colene,Bunford,1991-05-24,cbunford6o@un.org,9999849390,Female,$9954.25,LEDYH5859A,0,0,0,0
12168634467,Donica,Slimming,1994-08-08,dslimming6p@tiny.cc,4554946883,Female,$9309.10,NMTEW4191V,0,0,0,0
12119074796,Reuven,Purdie,1986-08-02,rpurdie6q@liveinternet.ru,1641389899,Male,$3559.93,BAWGG5659T,0,0,0,0
12118472569,Holly,Batting,1985-05-06,hbatting6r@diigo.com,3401383967,Male,$8481.92,UUOHC2685O,0,0,0,1
12126411765,Constantin,Clipston,1980-06-10,cclipston6s@blog.com,6786484039,Male,$3237.03,HXVIB6900P,0,0,0,0
12159616880,Silvanus,Lydford,1982-04-26,slydford6t@pagesperso-orange.fr,6649795108,Genderfluid,$7996.44,BWQCX2547D,0,0,0,0
12161100554,Law,Pollendine,1979-06-16,lpollendine6u@virginia.edu,1387515658,Male,$5826.08,YFRMA2282I,1,0,0,0
12149510742,Britta,Alker,1969-05-26,balker6v@cdc.gov,9207805637,Female,$8558.05,ZSDWD0396F,0,0,0,0
12101586803,Mattheus,Fonzone,1995-03-05,mfonzone6w@prlog.org,1333892089,Male,$4868.03,JDDYG5266S,0,0,0,0
12185380013,Demott,Drewet,1974-07-18,ddrewet6x@com.com,2682078317,Male,$5246.63,YDJVZ9824X,1,0,0,0
12168802815,Shela,Edworthie,1980-10-26,sedworthie6y@example.com,9396945316,Female,$4734.16,MQUOW7771E,0,1,0,0
12190330664,Lilli,Muglestone,1996-11-27,lmuglestone6z@posterous.com,4495171510,Female,$3115.86,FZMXI2891T,0,0,0,0
12131990205,Milli,Shurmer,1989-03-05,mshurmer70@comcast.net,4347471982,Female,$6582.18,EXAHP2688U,0,0,0,0
12169033436,Fremont,MacCaffery,1973-08-09,fmaccaffery71@meetup.com,8939536796,Male,$9817.74,HUODA2293C,0,0,0,0
12138563185,Raquela,Francie,1962-02-24,rfrancie72@oakley.com,8458528765,Female,$8060.43,OAVXJ4040E,0,0,0,0
12194401340,Aleen,Sweedy,1960-07-19,asweedy73@ow.ly,4283913157,Female,$5444.98,GUFYY9312F,0,0,0,0
12177108038,Massimiliano,Bartol,1966-10-21,mbartol74@redcross.org,7341100199,Male,$10101.14,BUVMS3465V,0,0,0,0
12136374101,Brittan,Yare,1969-10-13,byare75@epa.gov,8014502652,Non-binary,$7325.50,ZPCVE1337F,1,0,0,0
12191799836,Elvis,Aylward,1972-05-28,eaylward76@1688.com,3118589334,Male,$2757.90,KTGOV2372H,0,0,0,0
12177855675,Gunter,Marieton,1997-08-12,gmarieton77@unblog.fr,4768391929,Male,$4910.50,EYSKE9880E,0,0,0,0
12106952098,Felecia,Speechley,1984-10-03,fspeechley78@hibu.com,2259308262,Female,$10280.64,GUZPW1532O,0,0,0,0
12102176661,Olga,Gabala,1989-07-08,ogabala79@t-online.de,2588085842,Agender,$4518.46,EZRKO7509J,0,0,0,0
12194977554,Odella,Berzins,1978-05-22,oberzins7a@de.vu,4547563120,Female,$8432.50,JVKBW7029G,0,0,0,0
12166672356,Cherlyn,Stainland,1997-01-14,cstainland7b@123-reg.co.uk,5683322790,Female,$9847.14,UJJIN0838D,0,0,0,0
12198811716,Charis,Rudolfer,1990-01-31,crudolfer7c@1688.com,2463189630,Female,$6985.66,ZWPYZ7888M,1,1,0,0
12115019839,Kendrick,Palliser,1978-01-29,kpalliser7d@vistaprint.com,1824941760,Male,$9941.10,CPADG1439D,1,0,0,0
12132467689,Josephina,Meachan,1980-12-20,jmeachan7e@meetup.com,1831363058,Female,$8382.47,GEMQC5104R,0,0,0,0
12102466542,Nevin,Fullegar,1978-02-15,nfullegar7f@state.tx.us,7919608238,Male,$6587.79,AFKXI3267U,0,0,0,0
12150196358,Royal,O' Shea,1984-10-20,roshea7g@businesswire.com,8689702434,Male,$4486.37,ORYDB5353J,0,0,0,0
12148712269,Thatcher,De Gregario,1968-06-24,tdegregario7h@newyorker.com,4415756857,Male,$6849.33,TTAQR4894Q,0,0,0,0
12117463345,Cordie,Langeren,2000-06-07,clangeren7i@google.com.hk,3991280268,Male,$8899.90,PYNKK1376N,0,0,0,0
12162871906,Berton,MacEveley,1987-10-16,bmaceveley7j@washingtonpost.com,9337814392,Genderqueer,$7108.49,EFSQY5415L,0,0,0,0
12131742581,De,Taill,1972-10-23,dtaill7k@stanford.edu,1239271448,Genderqueer,$9418.80,DKYWI8710Q,0,0,0,0
12182365927,Pippo,Baber,1987-07-15,pbaber7l@paginegialle.it,4688462670,Male,$8311.97,VEKTJ9002U,0,0,0,0
12130636946,Peter,Dockrell,1977-05-04,pdockrell7m@ameblo.jp,8381771830,Male,$6422.01,HVOFV4462U,0,0,0,0
12101396370,Griz,De Michele,1979-12-19,gdemichele7n@slideshare.net,7455722492,Male,$4920.39,ENYKJ5454F,0,0,0,0
12118709385,Herminia,Kempster,1986-10-17,hkempster7o@freewebs.com,8906843494,Female,$8037.61,YNAZN3558J,0,0,1,0
12136080214,Wynnie,Matuskiewicz,1988-05-03,wmatuskiewicz7p@msn.com,9501047043,Female,$5674.10,MIHZG0755R,0,0,0,0
12110639933,Annalee,Bevan,1978-09-17,abevan7q@bing.com,7932096202,Female,$8774.43,GNGRV9390B,1,0,1,0
12193111859,Cherie,Donneely,1960-10-22,cdonneely7r@accuweather.com,8496339427,Female,$7037.67,ZOWEL1866O,0,0,0,0
12133769749,Rudolph,Longstaff,1975-04-15,rlongstaff7s@networkadvertising.org,4381950206,Male,$4620.88,GYLUZ2358C,0,0,1,0
12183231605,Perceval,Danieli,1976-07-26,pdanieli7t@deliciousdays.com,3924621309,Male,$3674.21,TJRNR8701V,0,0,0,0
12109737969,Yvon,Weathers,1962-08-02,yweathers7u@mysql.com,4772330321,Male,$10419.09,YCFQV4028F,0,0,0,0
12166247760,Birch,Popeley,1981-02-25,bpopeley7v@time.com,2109304375,Male,$8697.82,QSHGK8850W,0,0,0,0
12189950312,Dallis,Bhar,1992-08-14,dbhar7w@freewebs.com,9353807130,Male,$4814.62,JRFJB6592U,1,1,0,0
12163304922,Dione,Dusting,1973-04-18,ddusting7x@issuu.com,9794232457,Female,$3321.21,ITUJW9790J,0,0,0,0
12130385414,Lorant,Endicott,1993-06-02,lendicott7y@sourceforge.net,4246517124,Male,$7111.72,GOLLV5264N,0,0,0,1
12195020453,Johnnie,Ledgister,1979-11-02,jledgister7z@newsvine.com,8928238184,Genderfluid,$3536.22,EPUER0796M,0,0,0,0
12114999398,Tania,Lauthian,1961-06-15,tlauthian80@yolasite.com,1431687791,Female,$9762.79,DSUHK0079M,0,0,0,0
12156730380,Rhys,Rowland,1987-01-16,rrowland81@globo.com,4529817730,Male,$7552.45,SARXN6884H,0,0,0,0
12176614999,Etta,Willshaw,1971-09-17,ewillshaw82@bandcamp.com,7732203667,Female,$5290.73,BHDQB1406W,0,0,0,0
12133367060,Obie,Rivard,1960-07-06,orivard83@wordpress.com,1069633728,Male,$4111.14,KIXLO4156J,1,0,0,1
12142652771,Dallas,Draisey,1982-04-14,ddraisey84@unesco.org,7737703185,Male,$8729.14,YHHYF0378Q,0,0,0,0
12113340882,Marie-ann,Zecchii,1984-12-17,mzecchii85@ovh.net,1377036675,Female,$4454.33,EMHQZ7027U,1,0,0,0
12126760065,Gilburt,Vahey,1994-01-24,gvahey86@hao123.com,6313549893,Male,$7100.76,XEJMJ4099E,1,0,0,0
12129671029,Zolly,Siman,1965-11-17,zsiman87@reference.com,6648296225,Male,$8906.65,LXFBI4555I,0,0,0,0
12158659177,Dorris,Tollerton,1964-06-09,dtollerton88@bing.com,1629435124,Female,$3021.15,DEOEG4233J,0,0,0,0
12154878167,Isabeau,Risely,1971-08-08,irisely89@census.gov,6498251399,Female,$10125.07,SVUWA9770I,0,0,0,0
12181006771,Gabbie,Ewan,1965-03-14,gewan8a@wisc.edu,8289335260,Female,$3668.45,KFGIG7683A,0,0,0,0
12126699817,Dino,Rappa,1963-12-19,drappa8b@fc2.com,3337120390,Male,$10326.25,ZALAP8150Y,0,0,0,0
12145153236,Aurie,Cayley,1990-02-25,acayley8c@huffingtonpost.com,3586370444,Female,$8677.33,BCWCV6360P,0,0,0,0
12174113873,Elsinore,Flear,1997-05-04,eflear8d@woothemes.com,3496638132,Female,$7750.83,VBLAJ5258V,0,0,0,0
12193181175,Percy,Truggian,1983-04-05,ptruggian8e@linkedin.com,8308021765,Male,$6897.55,WCXVE2690D,0,0,1,0
12159840143,Normy,Trow,1974-12-08,ntrow8f@opera.com,6758367542,Male,$3512.76,ZAPVP3977Z,0,0,0,0
12146592384,Mela,Andreutti,1963-09-08,mandreutti8g@mac.com,9207680804,Female,$9707.27,FCXLW4666M,0,0,0,0
12141704558,Christin,Salmen,1971-02-08,csalmen8h@icio.us,7506160540,Female,$10468.28,BTLIR5393R,0,0,0,0
12180119987,Jamaal,Mosten,1963-04-17,jmosten8i@wordpress.org,3689960343,Male,$7184.79,DVGZK4748H,1,0,0,0
12158445297,Dion,Elward,1986-01-02,delward8j@whitehouse.gov,9754390633,Male,$4984.30,UQHHG4862I,0,0,1,0
12166800226,Gertrude,Sacchetti,1976-03-13,gsacchetti8k@reference.com,3637043823,Agender,$9690.28,QIEUR5287T,0,0,0,0
12109264880,Winny,Smylie,1977-08-19,wsmylie8l@blinklist.com,1417735351,Male,$6157.18,MVXHA6883Y,0,0,0,0
12143697461,Naomi,Kerfut,1972-12-04,nkerfut8m@netscape.com,6898244591,Female,$6396.12,ZNEUE0950B,0,0,0,0
12179685463,Kahlil,Barnicott,1999-12-25,kbarnicott8n@myspace.com,8985917052,Male,$10127.50,PRFTI0387W,0,0,0,0
12146781939,Annabel,McCosker,1975-10-20,amccosker8o@hexun.com,1266927546,Female,$6331.55,ZCLQB8608S,0,1,0,0
12144982667,Quent,Latore,1998-05-09,qlatore8p@shop-pro.jp,9336491175,Bigender,$7983.78,ISEXG1287Y,0,1,0,0
12106027528,Aubrey,Parchment,1983-12-09,aparchment8q@toplist.cz,8245337682,Male,$2571.53,NUXPV1798B,0,0,0,0
12148441173,Arabel,Elleton,1976-12-13,aelleton8r@nature.com,8538072468,Female,$4472.68,ERVBB8599V,0,0,0,0
12106814867,Willie,Longson,1974-01-13,wlongson8s@chron.com,7263207705,Male,$8053.36,TTDNI8233E,0,0,0,0
12166831262,Eberhard,Stubbins,1988-08-18,estubbins8t@economist.com,7759195564,Male,$10285.00,JGXCQ2938R,0,0,0,0
12190110672,Nicholas,Larderot,1998-09-27,nlarderot8u@unblog.fr,8206512681,Male,$5923.13,HOMPY2793Z,0,0,0,0
12139426649,Quinta,Gutteridge,1968-05-09,qgutteridge8v@cbslocal.com,5207131199,Polygender,$10367.80,SVAOS8622K,1,0,0,1
12197699711,Lucais,Scougal,1977-12-16,lscougal8w@biblegateway.com,3605077121,Non-binary,$3746.63,XKLJL0723G,1,0,0,0
12138485641,Christophorus,Garrigan,1996-02-29,cgarrigan8x@storify.com,9468727353,Male,$7333.91,CIBUV9508V,0,0,0,0
12129811590,Rodney,Winslet,1970-03-02,rwinslet8y@tumblr.com,8715966215,Male,$4875.34,AZYYI9209W,0,0,0,1
12100897213,Sidoney,Ordish,1979-03-07,sordish8z@xing.com,3848411522,Female,$6121.93,RSTLR2349Y,1,0,1,0
12101423432,Bastian,Aery,1990-04-02,baery90@reverbnation.com,3256253607,Male,$8498.19,VQCMQ3851R,1,0,0,0
12150012279,Falkner,Cluitt,1978-03-28,fcluitt91@flickr.com,3138830437,Male,$8866.88,AILFM1266T,1,0,0,0
12162777226,Lynn,Enticknap,1971-03-14,lenticknap92@vkontakte.ru,7231143542,Female,$8364.83,OMFJA2407N,0,1,0,0
12139122805,Scarlet,Hazley,1970-12-01,shazley93@paypal.com,5104720889,Female,$6819.25,TXFKY5444B,0,0,0,0
12112349335,Korella,Cownden,1976-04-15,kcownden94@sfgate.com,4552048131,Female,$5092.75,IUYFP9853H,1,0,0,0
12170691217,Kamillah,Flattman,1990-05-05,kflattman95@dell.com,8318483948,Female,$3536.02,OVLTQ9172Z,0,0,0,0
12110968883,Borden,Pickersgill,1994-12-19,bpickersgill96@fotki.com,3068846885,Male,$7022.44,BAWZD4406F,0,0,0,1
12170210554,Meggi,Pozzo,1994-04-13,mpozzo97@google.nl,2521232168,Female,$7225.90,ZGNKC3799W,0,0,0,0
12193101878,Dino,Windrum,1961-02-04,dwindrum98@google.it,4375337824,Male,$4602.96,BUKBB0269W,0,0,0,0
12157730139,Taryn,Voisey,1978-05-22,tvoisey99@cmu.edu,7146377169,Female,$7154.33,GUWZJ3341F,0,0,0,1
12188546987,Brena,Fritz,1972-08-14,bfritz9a@goo.ne.jp,8157164121,Female,$9814.21,CYVXI0490Y,0,0,0,0
12136256222,Hermina,Garretts,1981-11-25,hgarretts9b@reuters.com,3976188791,Female,$2632.77,FRPEG5602X,0,0,0,0
12166533914,Gilbertina,Colby,1967-09-29,gcolby9c@cyberchimps.com,7107254432,Female,$9560.08,OTQHC1482G,0,0,0,0
12152376564,Sheeree,Girodier,1991-05-16,sgirodier9d@utexas.edu,1936576797,Non-binary,$7370.27,BAZMS4507V,0,0,0,0
12175421419,Chandler,McInteer,1980-05-09,cmcinteer9e@arizona.edu,4416836519,Male,$4413.74,JYSEQ1386Y,0,0,0,0
12176874329,Gertrudis,Restieaux,1968-03-11,grestieaux9f@salon.com,1008490047,Female,$5176.95,KFLDF2579I,0,0,0,0
12112784461,Bertram,Akenhead,1986-01-02,bakenhead9g@cnbc.com,3583259506,Male,$7921.00,OFJQA4051K,0,0,0,0
12195862167,Benedicto,Martynka,1990-11-23,bmartynka9h@who.int,5628627305,Male,$4832.97,CLTGG9953M,0,0,0,0
12156397588,Sauveur,Radoux,1975-02-01,sradoux9i@nifty.com,7353511833,Polygender,$7411.66,BGTUJ9392J,0,0,0,0
12161664546,Codi,Rolf,1977-04-19,crolf9j@nba.com,1505961805,Male,$4947.77,UEWVP3783I,0,0,0,0
12135033244,Hercules,Lafond,1972-06-15,hlafond9k@slashdot.org,9421424103,Male,$6885.70,LUWZO9963A,0,0,0,0
12175199845,Perkin,Suston,1967-05-03,psuston9l@trellian.com,7993627108,Male,$7680.22,PYBFN1216Q,0,0,0,0
12111447676,Shirlee,Davison,1979-09-23,sdavison9m@mozilla.com,7323473222,Female,$8092.68,LSCMR3376Z,0,0,0,0
12135167066,Keith,Stare,1999-06-17,kstare9n@tmall.com,3709179653,Male,$6094.39,ADNSN4891K,1,0,0,0
12181544793,Netti,Glanz,1963-03-14,nglanz9o@tumblr.com,7488123862,Female,$6995.14,EXPFK1171Q,0,0,0,0
12163852736,Nicole,Cobbled,1978-06-25,ncobbled9p@gizmodo.com,8252247180,Female,$4393.56,LFPVI8205F,0,1,0,0
12178363403,Archibaldo,Gowenlock,1979-12-02,agowenlock9q@xrea.com,2478886668,Male,$7555.49,UFYSG3044Q,0,0,0,0
12182660517,Otto,Wortman,1981-09-22,owortman9r@lycos.com,6684942820,Male,$9000.66,TXUTM9479V,0,1,0,0
12176591541,Calv,Cossentine,1982-04-16,ccossentine9s@com.com,4777854063,Male,$5514.46,SZQOB5826I,0,0,0,0
12122468181,Reginald,Bantham,1976-05-24,rbantham9t@cornell.edu,5544974582,Male,$7196.04,PVDEJ7218G,0,0,0,0
12153518911,Aland,MacGiolla,1987-01-11,amacgiolla9u@youku.com,6778106726,Male,$9442.42,DVXOE1860X,0,0,0,0
12106786469,Barri,Duffy,1975-06-25,bduffy9v@mtv.com,9751697097,Male,$5360.63,FEIZL0822B,1,1,0,1
12115776322,Culley,Earle,1985-10-30,cearle9w@angelfire.com,1806040179,Male,$9206.48,IPRYF1092M,0,0,0,0
12196604622,Richardo,Yoodall,1976-09-03,ryoodall9x@hatena.ne.jp,1927343877,Male,$5543.57,NUEII2013B,1,0,0,0
12146938640,Cammie,Goford,1983-03-27,cgoford9y@icq.com,7099160470,Female,$3015.59,QOWCF4789Q,0,0,0,0
12127068088,Johnathon,Pigeram,1993-05-14,jpigeram9z@cornell.edu,6488557324,Male,$10023.15,LZDDK4301L,1,0,0,0
12141678606,Odessa,Cousans,1994-02-27,ocousansa0@digg.com,7577273956,Female,$9065.54,ERCGO3653M,0,0,0,0
12186161085,Adolphe,McKellen,1966-03-10,amckellena1@discovery.com,8365499677,Male,$7074.97,VRUWF9465J,0,0,0,0
12197669135,Andres,Berntsson,1964-12-12,aberntssona2@macromedia.com,7391791749,Male,$9465.19,ILFEY2507Q,0,0,0,0
12115293657,Oswald,Reiling,1965-01-30,oreilinga3@altervista.org,5136283893,Male,$6510.56,FTONB6420A,0,0,0,0
12142110725,Amelita,Spellward,1983-02-09,aspellwarda4@yandex.ru,1492279409,Female,$10213.92,DKERE6800C,1,0,0,0
12113250012,Modesty,Skellorne,1973-07-11,mskellornea5@smugmug.com,9367317337,Female,$6654.60,PVMVN3764H,1,0,0,0
12156130152,Crissy,Nend,1968-06-09,cnenda6@miibeian.gov.cn,1965444358,Female,$3717.07,XLMCC7935H,0,0,0,0
12196841916,Fanya,Klaiser,1991-07-17,fklaisera7@bbc.co.uk,4049887537,Female,$4089.59,VXMYQ9840A,0,0,0,0
12145943919,Wendell,Domnick,1993-09-27,wdomnicka8@dion.ne.jp,6344168276,Male,$5915.93,BJFUR7084R,0,0,0,0
12102816313,Dasya,Feeley,1971-05-12,dfeeleya9@wp.com,5327929801,Female,$2892.68,XIRWP3781D,0,0,0,0
12168745628,Davie,Drillingcourt,1985-12-07,ddrillingcourtaa@creativecommons.org,9645180481,Male,$3758.98,RCPNP1646S,0,0,0,0
12107649148,Cicely,Callcott,1985-08-11,ccallcottab@twitpic.com,9438045933,Female,$9720.86,AJMYP3854T,0,0,0,0
12101512728,Jeth,Fido,1970-04-07,jfidoac@vinaora.com,1578951939,Male,$4382.69,CAFRI3069I,0,0,0,0
12175801510,Davita,Janiak,1987-07-07,djaniakad@mashable.com,6509879327,Female,$8742.39,OAJDJ1946K,1,0,0,0
12143459606,Massimiliano,Emby,1965-08-02,membyae@msu.edu,1819461092,Male,$7661.52,UGDEZ0005N,1,0,0,0
12193666353,Jeffry,Wheater,1972-12-01,jwheateraf@example.com,4237648201,Bigender,$4202.61,NWYGW7449K,0,1,0,0
12108792692,Marje,Henkens,1966-01-22,mhenkensag@delicious.com,1216186674,Female,$5009.64,GODMP6176L,0,0,0,0
12182475408,Tadeas,Seabrocke,1991-01-28,tseabrockeah@live.com,8578986133,Male,$7134.28,XAHNB9936F,1,0,0,0
12139231983,Karl,Mennithorp,1964-12-13,kmennithorpai@uiuc.edu,3137874375,Male,$4757.03,YBFLW4986O,0,0,0,0
12168584910,Kele,Tow,1983-08-13,ktowaj@elegantthemes.com,5036385997,Male,$3508.04,BOQML1975U,0,0,0,0
12164393474,Torey,Coombs,1975-11-12,tcoombsak@sohu.com,7282224699,Male,$9606.92,LEQAA7232Y,0,0,0,0
12105641868,Danita,Hanfrey,1977-07-14,dhanfreyal@kickstarter.com,7557484446,Female,$3362.20,BUVUP6103A,0,0,0,0
12162966079,Donny,Oddey,1972-12-21,doddeyam@drupal.org,3721270762,Female,$2955.06,BWQHT5325R,0,0,0,0
12160002939,Amerigo,Armfirld,1963-11-27,aarmfirldan@rediff.com,8098199373,Male,$7479.25,JZGNA7442A,1,0,0,0
12127207055,Devin,Fillery,2000-05-18,dfilleryao@telegraph.co.uk,1838255766,Male,$3809.23,YCTHH4215F,1,1,0,0
12172473451,Donall,Garland,1990-01-07,dgarlandap@yandex.ru,3089860376,Male,$6187.79,BYJWN2268E,0,0,0,0
12174423262,Darb,Baudins,1960-11-30,dbaudinsaq@loc.gov,2463780921,Female,$2971.00,SHLTR0618Q,0,0,0,0
12195798668,Ellwood,Mazzeo,1994-10-23,emazzeoar@amazonaws.com,5917935382,Male,$3846.18,XOYBM1595Q,0,0,0,0
12194459599,Libbie,Barcke,1972-04-07,lbarckeas@histats.com,3652893699,Female,$7658.29,MAVLE9051B,1,0,0,0
12177858296,Farah,Driffill,1994-03-12,fdriffillat@storify.com,8578568219,Female,$6778.59,KVQNA4157X,0,0,0,0
12111464090,Shepperd,Cruikshank,1963-06-18,scruikshankau@zdnet.com,1233647803,Male,$6779.50,JSEDU9643Z,0,0,0,0
12165809458,Morganne,Jouanny,1991-04-19,mjouannyav@wordpress.org,7622614435,Female,$3427.15,ODBNM1734Z,0,0,0,0
12194288917,Sarita,Abramzon,1990-01-04,sabramzonaw@usgs.gov,8403317956,Female,$8757.94,EWOMC5483V,0,0,0,0
12196061173,Rob,Padbery,1975-05-02,rpadberyax@opera.com,4299562591,Male,$8394.99,KAVWY4779K,0,0,1,0
12119989136,Alessandro,Chumley,1961-05-19,achumleyay@hc360.com,7171268984,Male,$5148.25,HETBG3929A,1,0,0,0
12137755286,Alex,Antonin,1962-10-03,aantoninaz@msn.com,1515232364,Male,$9077.15,YDFOG4735G,1,0,0,0
12149253041,Pooh,Conradie,1992-11-24,pconradieb0@flavors.me,7341911187,Male,$5283.75,MNVHV9925O,0,0,0,0
12165535939,Jorry,Mableson,1984-06-04,jmablesonb1@sakura.ne.jp,1712243534,Polygender,$3335.47,UOLDX6019B,0,0,0,0
12172732132,Wynnie,Brindle,1982-12-22,wbrindleb2@github.com,9243118556,Female,$5638.07,VFUDA6712L,0,0,0,0
12173724342,Katheryn,Povlsen,1963-04-28,kpovlsenb3@feedburner.com,1993149611,Bigender,$9590.19,NEFRF0029Q,0,1,0,0
12199459308,Demetri,Delucia,1982-09-26,ddeluciab4@furl.net,5186411293,Male,$4952.92,YHZEZ6155X,0,1,0,0
12129712757,Ignacio,Rushford,1965-07-16,irushfordb5@nationalgeographic.com,2167489246,Male,$3892.22,HOUNE8421Q,0,0,0,0
12185042421,Orin,Clingoe,1994-11-21,oclingoeb6@ezinearticles.com,9883782846,Male,$8077.83,DDFOC7775W,0,0,0,0
12106633633,Lorrie,Knok,1965-01-16,lknokb7@slideshare.net,4541844277,Female,$5422.89,BOVFX0432I,0,0,0,0
12137386589,Stanley,Batterbee,1965-01-04,sbatterbeeb8@virginia.edu,5128875330,Polygender,$4782.90,REPWA7863Q,0,0,0,0
12137085596,Odelinda,Ambrosch,1972-03-10,oambroschb9@last.fm,6748031338,Female,$8869.09,XBFAX7148B,0,0,0,0
12137399426,Kelly,Feander,1991-09-13,kfeanderba@blogs.com,9199625262,Polygender,$3558.44,DRIYL0433A,0,0,0,0
12143113668,Ciro,Renahan,1960-10-13,crenahanbb@myspace.com,1303950335,Male,$3168.27,KMCIP1135T,0,0,0,0
12167206035,Stormy,Gherarducci,1990-07-04,sgherarduccibc@bloomberg.com,9548876938,Female,$2894.35,RWLMX3077Y,0,0,0,0
12127545116,Waring,Coppeard,1967-09-26,wcoppeardbd@buzzfeed.com,1212865126,Male,$5046.88,YTSHI9552B,0,0,0,0
12168112222,Andrej,Hostan,1969-07-18,ahostanbe@ftc.gov,9234719171,Male,$4049.82,LQNJB8539H,0,0,0,0
12136123166,Dorelia,Sleit,1976-11-27,dsleitbf@meetup.com,8945357106,Genderqueer,$3784.34,FYQFB9362E,0,0,0,0
12149711202,Etheline,Hambers,1961-03-31,ehambersbg@howstuffworks.com,8268980597,Agender,$9927.45,TXTXJ0637P,0,0,0,0
12110318457,Jethro,Catanheira,1991-12-03,jcatanheirabh@linkedin.com,6258513587,Male,$9985.40,RAAVH5647B,0,0,0,0
12113053793,Blinny,Spink,1971-02-21,bspinkbi@dell.com,1138814654,Female,$8122.08,GCKVD4608I,0,0,0,0
12107735106,Ramona,Percy,1962-06-24,rpercybj@ihg.com,7306514806,Female,$7749.62,LZMVI2921F,0,0,0,0
12143235789,Leela,Devons,1964-10-20,ldevonsbk@edublogs.org,6609558198,Genderqueer,$7365.12,XOWXQ1644N,0,0,0,0
12165511514,Melina,Murkitt,1971-06-20,mmurkittbl@joomla.org,5483973336,Female,$7569.51,UAARN1491Q,0,0,0,0
12104781565,Karina,Matskevich,1971-04-17,kmatskevichbm@acquirethisname.com,3553004846,Female,$8674.59,JZHXQ6000W,0,0,0,1
12105166026,Aguie,Spincke,2000-12-15,aspinckebn@china.com.cn,9703887407,Male,$6830.35,QQQOJ8405U,0,0,0,0
12159142596,Monte,Beals,1987-04-07,mbealsbo@tinypic.com,9042939522,Male,$6725.02,IVGAT7583S,0,1,0,0
12174534157,Noami,Lamblot,1971-04-27,nlamblotbp@shinystat.com,5047363867,Female,$6761.20,RTZIQ1279J,0,0,0,0
12103026706,Adams,Carlile,1988-12-21,acarlilebq@psu.edu,7345318947,Male,$3325.89,CQSBF4756O,0,0,0,0
12149826438,Dari,Tebbet,1974-05-19,dtebbetbr@youku.com,5925123211,Female,$8252.69,XAULR7233G,0,0,0,1
12140049778,Desmond,Cordova,1965-05-11,dcordovabs@photobucket.com,9936188906,Male,$5435.56,EWVIO6087S,0,0,0,0
12118579044,Whitby,Hanhardt,1987-01-01,whanhardtbt@wisc.edu,1771879657,Male,$9233.66,PQYXX5536J,0,0,0,0
12187775232,Peyton,Meininking,1988-07-08,pmeininkingbu@prweb.com,2037728801,Male,$8769.90,CBUBG3439Z,1,1,0,0
12102651630,Bronny,Sanderson,1966-11-11,bsandersonbv@tiny.cc,4109434851,Male,$5195.61,GZOGW7987G,1,0,1,0
12181537588,Andonis,McKelvey,1977-08-01,amckelveybw@redcross.org,2634877985,Male,$9177.33,GPWBW6647E,0,1,0,0
12199852246,Alvy,Sherel,1962-11-12,asherelbx@geocities.com,5397152056,Male,$5021.36,XWQDC8258P,0,0,0,0
12148972614,Florette,Holligan,1963-01-19,fholliganby@wired.com,2187865634,Female,$4414.53,MYBXO4925W,0,0,0,0
12157636425,Creigh,Bernardini,1960-11-21,cbernardinibz@comsenz.com,1362573902,Male,$4833.63,OZZMW5683L,0,0,0,0
12134170383,Felicia,Chafney,1970-08-04,fchafneyc0@mashable.com,2379006219,Female,$9740.95,XADZL6966O,0,0,0,0
12199712169,Lambert,Andersson,1970-03-18,landerssonc1@istockphoto.com,3996398074,Male,$9384.25,GBBJB7839N,1,0,0,0
12150215991,Erena,Herrema,1977-07-07,eherremac2@fda.gov,8839316930,Female,$3586.55,ZINAG5166O,0,0,0,0
12130921146,Doretta,Fray,1973-07-31,dfrayc3@hc360.com,9691164673,Female,$5772.37,LRGGU1697S,0,1,0,0
12186064769,Lorettalorna,Helks,1987-10-06,lhelksc4@jiathis.com,3828121213,Female,$4242.94,VRUGE5575M,0,0,0,1
12178890220,Osborn,Raubenheimers,1977-04-29,oraubenheimersc5@harvard.edu,8977885496,Male,$5863.09,KUWJA4032M,0,1,0,0
12190806651,Vernen,Servis,1989-07-15,vservisc6@blogtalkradio.com,4907508484,Male,$8265.35,YHWAJ3557E,1,1,0,0
12186050208,Xenos,Oswald,1989-07-05,xoswaldc7@usda.gov,8908451334,Male,$2836.89,URAKW0873A,1,0,0,0
12146553254,Mira,MacRury,1976-01-31,mmacruryc8@squarespace.com,9943087114,Female,$5810.56,FVCHU3488P,0,0,0,0
12187086762,Savina,Staggs,1996-10-26,sstaggsc9@dion.ne.jp,4357439645,Female,$8113.30,LNFGJ9905K,0,0,0,0
12164892737,Ashlee,Rubin,1994-10-03,arubinca@dailymotion.com,4901046253,Female,$5105.13,FNNUD9751S,0,0,0,0
12146315438,Michell,Pottage,1990-10-23,mpottagecb@dmoz.org,3543161747,Female,$6366.36,XXIEL1975E,0,0,0,0
12109743378,Quinn,Coye,1978-11-15,qcoyecc@furl.net,6242026647,Male,$4701.86,BXLWL8894O,0,0,0,0
12107351084,Glen,Seabourne,1964-08-26,gseabournecd@de.vu,5353860815,Male,$8576.27,MDDLY9988S,0,1,1,0
12185219525,Juieta,Oslar,1982-05-14,joslarce@guardian.co.uk,1756956042,Non-binary,$3455.50,PSFFC0448J,0,0,0,0
12124352493,Bridie,Rikel,1999-10-09,brikelcf@indiegogo.com,7033905722,Female,$5754.76,RKAFB0250N,1,0,0,0
12124454261,Cal,Malitrott,1981-05-23,cmalitrottcg@statcounter.com,8303121923,Female,$8398.32,CUSIO3328U,0,0,0,0
12182254446,Roxanna,Baumann,1987-03-24,rbaumannch@ft.com,2196805793,Female,$10160.89,NWOUP8032Z,0,0,0,0
12137234680,Georgette,Neames,1994-12-03,gneamesci@usda.gov,2157760833,Female,$9299.19,KXFCC0885J,0,0,0,0
12150887790,Liam,Buggy,1983-03-29,lbuggycj@blinklist.com,9474485663,Male,$7358.35,IELER0694H,0,0,0,0
12193328851,Katee,Cyson,1974-10-06,kcysonck@xing.com,4211583269,Female,$7274.02,KPBNE0072O,0,0,0,0
12156085263,Shelba,Gratrix,1985-07-22,sgratrixcl@pagesperso-orange.fr,2178513866,Female,$6163.47,HBRAG9263W,0,0,0,0
12102337376,Valli,Chattington,1985-07-14,vchattingtoncm@wufoo.com,7137086279,Bigender,$9790.72,JKEWC9555X,1,1,0,0
12193906352,Emogene,Risely,1999-12-05,eriselycn@globo.com,6035992244,Female,$3043.23,TEVVY7876Z,0,0,0,0
12169318110,Antonino,Wandless,1988-11-16,awandlessco@whitehouse.gov,3036591064,Male,$9092.73,DLFED2543O,0,0,0,0
12163834703,Johannah,Fletcher,1992-12-07,jfletchercp@flickr.com,8545597385,Female,$8656.07,WVBDW3401E,0,0,0,1
12141365741,Rayshell,Pareman,1978-09-30,rparemancq@telegraph.co.uk,4936491461,Female,$9671.68,LBAOA2369M,0,1,0,0
12181103310,Maritsa,Taylo,1976-10-07,mtaylocr@berkeley.edu,7733974026,Genderfluid,$8574.84,ZNGLC7672M,0,0,0,1
12198019730,Moritz,Grainge,1969-06-02,mgraingecs@live.com,1599801108,Male,$7045.54,XSBHK5352E,0,0,0,0
12179489919,Clarence,Rossey,1992-07-15,crosseyct@loc.gov,4555907297,Male,$8135.47,LDQMK3813L,0,0,0,0
12164189053,Alec,Bowmer,1960-04-20,abowmercu@usda.gov,1287025988,Male,$6241.92,QWZYZ0938G,0,0,0,0
12124165579,Talia,Jardein,1994-01-24,tjardeincv@bloglovin.com,8829146404,Female,$6543.15,QPGIB3434O,0,0,0,0
12145661821,Rebbecca,Yggo,1974-12-24,ryggocw@sun.com,8851681999,Female,$6017.38,QGDST3851E,0,1,0,0
12126628192,Gilemette,Lambarton,1985-11-02,glambartoncx@stumbleupon.com,7641359426,Female,$7723.32,ZLDAG2275N,0,0,0,0
12192911137,Hakim,Landre,1972-04-06,hlandrecy@noaa.gov,7487925641,Male,$8588.17,YPHBZ0085Q,0,0,0,0
12123933734,Mendie,Gaiter,1982-11-06,mgaitercz@google.com.hk,5753089898,Polygender,$9305.06,IERAF7080B,0,0,0,0
12140094951,D'arcy,Gosenell,1999-11-02,dgosenelld0@ning.com,7619058571,Male,$5327.09,IAIXX1520B,0,0,0,0
12199356430,Estele,Threadgold,1989-04-02,ethreadgoldd1@europa.eu,1472798493,Female,$4995.25,RWHJZ1445G,0,0,0,0
12139206116,Gordan,Beardsworth,1978-07-28,gbeardsworthd2@japanpost.jp,7153866889,Male,$9814.51,BIVGL6124S,1,0,0,0
12115083180,Linnet,Clemett,1962-03-21,lclemettd3@sphinn.com,8652126637,Female,$6095.25,ODIAB9403S,0,1,0,0
12150925458,Parrnell,Paffot,1980-08-25,ppaffotd4@oakley.com,1856711803,Non-binary,$6771.77,HDXJE4274L,0,1,0,1
12121508696,Mayor,Clemente,1980-09-02,mclemented5@yolasite.com,8391140582,Male,$4600.60,KMEAR6196L,1,0,0,0
12184882157,Wheeler,Claffey,1961-03-10,wclaffeyd6@examiner.com,3706817557,Male,$10435.05,JDODU0783T,0,0,1,0
12134112494,Madelon,Swatridge,1961-10-27,mswatridged7@hexun.com,1217283335,Female,$5330.23,MCRVU1164L,0,0,0,0
12110342480,Adriena,Ketteman,1994-02-21,akettemand8@linkedin.com,9747738575,Female,$5676.76,MFUEC4038C,0,0,0,0
12156959111,Stearn,Giabucci,1990-07-25,sgiabuccid9@globo.com,1202917413,Male,$6430.75,FWLIV8376X,0,0,0,0
12154537504,Blanch,Maass,1960-10-14,bmaassda@bluehost.com,4072803182,Female,$8725.21,FTZXL2979F,0,0,0,0
12134519291,Cozmo,Ivetts,1972-06-17,civettsdb@chron.com,2211052754,Male,$7044.68,EYBHT7548R,1,0,0,0
12182098648,Theda,McKendo,1990-01-27,tmckendodc@1688.com,5251419098,Female,$2725.65,LZUXK7047B,0,0,0,1
12118290104,Franny,Cage,1993-01-23,fcagedd@cmu.edu,1919414991,Female,$8344.06,RZIUY2942Q,0,0,0,0
12156324587,Melli,Duffield,2000-09-19,mduffieldde@flavors.me,8934726991,Female,$3672.91,JKUIZ0241W,0,1,0,0
12174450758,Devlin,Done,1967-07-28,ddonedf@kickstarter.com,3311318143,Male,$4290.85,SHEWK7524L,0,0,0,0
12180637070,Sapphire,Gronav,1981-04-28,sgronavdg@bbb.org,3381076052,Non-binary,$9298.79,ELHTC8785J,0,0,0,0
12179928724,Stu,Dymocke,1975-10-24,sdymockedh@lycos.com,2729500900,Male,$9709.19,AKHXY2199G,0,1,0,0
12135221151,Nate,Adcocks,1982-04-16,nadcocksdi@storify.com,4819480150,Male,$9722.74,SEMJC3497R,0,0,0,0
12148524892,Martguerita,Lowdyane,1975-02-25,mlowdyanedj@smugmug.com,5062167893,Polygender,$5076.95,OOIST5951K,0,0,0,0
12180901700,Janetta,Karus,1979-12-22,jkarusdk@wordpress.org,8726517173,Female,$8231.04,RIFIF7869S,0,1,0,0
12164024528,Ingeborg,Rosthorn,1960-10-03,irosthorndl@jalbum.net,2678896897,Female,$9435.69,RKIZP9460D,0,0,0,0
12188378273,Evie,Demsey,1960-06-09,edemseydm@icio.us,6931193149,Female,$7079.29,QGWUQ6479Z,0,0,0,1
12163192421,Austina,Itzchaky,1999-05-18,aitzchakydn@globo.com,4306280279,Female,$2602.99,DMAIA0464O,0,0,0,0
12188792085,Alexina,Burkman,1968-04-13,aburkmando@google.nl,8399896956,Genderfluid,$5706.92,SXMRB3422O,0,0,0,0
12167939847,Brok,Basketter,1994-03-10,bbasketterdp@ucsd.edu,9747715637,Male,$4610.69,HSJOR1074Q,0,0,0,0
12166229140,Benjamen,Mainston,1961-07-22,bmainstondq@mashable.com,4927161731,Male,$4901.14,MFHFE3452V,0,0,0,0
12139271911,Ansley,Frankiewicz,1998-03-04,afrankiewiczdr@newyorker.com,7317712512,Female,$3054.71,TVKRX3828L,0,0,1,0
12144755306,Christyna,Quartly,1993-06-02,cquartlyds@homestead.com,5874233725,Female,$5896.56,LNPIG4174A,0,0,0,0
12134249603,Thibaud,Oaker,1975-12-26,toakerdt@moonfruit.com,9499471674,Male,$8098.97,OPNZA8800U,0,0,0,0
12152548659,Hailee,Sterricker,1974-04-19,hsterrickerdu@a8.net,3184726810,Female,$4607.99,ZUTXF7766L,0,0,0,0
12163641699,Marcelia,Maplethorpe,1991-04-14,mmaplethorpedv@admin.ch,6943899398,Female,$3631.57,BAJHI1317M,0,0,0,1
