CIF Id,first_name,last_name,DOB,email,Mobile No,gender,Salary,PAN,Credit Card,Home Loan,Car Loan,Insurance
21140651964,Shalne,Pritty,1995-06-24,spritty0@dailymail.co.uk,9161464320,Female,$9801.03,RJGDU1647A,1,0,0,0
21103171886,Northrop,Arton,1984-10-20,narton1@w3.org,4188545436,Male,$6115.84,DWMQG8673D,0,0,0,0
21110480653,Alejandro,Primett,1985-12-12,aprimett2@dyndns.org,3178166456,Male,$9640.46,VLPTS6139D,0,0,1,0
21118465412,Glad,Nosworthy,1971-03-17,gnosworthy3@china.com.cn,2833728605,Female,$5515.56,QBPBT3932O,0,0,0,0
21146599956,Rustie,Brinkley,1978-08-16,rbrinkley4@twitter.com,2461885253,Male,$8412.44,QPPXX5988H,0,0,0,0
21190420591,Major,Reichardt,1970-01-15,mreichardt5@simplemachines.org,9836261814,Male,$6456.47,MPBXO2299C,0,0,0,0
21115162086,Jeno,Orrobin,2000-06-01,jorrobin6@whitehouse.gov,1305602250,Male,$3171.19,FWJOV8916T,0,0,0,0
21107051482,Katinka,Ashford,1980-02-06,kashford7@4shared.com,6702756354,Female,$4795.90,ZGWKB0899N,0,1,0,0
21179801306,Catrina,Paviour,1990-10-20,cpaviour8@mtv.com,4531377222,Female,$5016.82,CTUMT7884K,1,0,1,1
21175920386,Nariko,Biggs,2000-03-10,nbiggs9@odnoklassniki.ru,4763900524,Female,$7875.87,XJUJZ0435Q,0,0,0,0
21100234067,Olenka,Harkins,1994-08-27,oharkinsa@foxnews.com,2915377357,Bigender,$2802.33,URGWW7419Q,1,0,0,0
21189784414,Mickey,Wackett,1961-06-10,mwackettb@thetimes.co.uk,2585142025,Male,$4628.19,WZOPD8287F,0,0,1,0
21108850305,Bartel,Hamshaw,1965-04-09,bhamshawc@soup.io,7317223083,Male,$4380.25,JDCUE7329I,0,0,0,0
21131248461,Thorin,Roloff,1984-10-05,troloffd@hhs.gov,2333552671,Male,$4651.30,RHFBF8986W,0,0,0,0
21169075963,Linell,Brocket,1979-05-18,lbrockete@amazon.com,2282640928,Female,$8747.52,LQHUW6791R,1,0,0,0
21165018368,Dorey,Battelle,1993-10-05,dbattellef@princeton.edu,8075042282,Female,$7422.90,NZIBH2666N,0,0,0,0
21179374843,Orsola,Berisford,1999-12-11,oberisfordg@ucoz.com,7831630372,Female,$10292.22,TWGXT5343D,0,0,0,0
21124108296,Onfroi,Semmens,1969-03-28,osemmensh@pen.io,7888893758,Male,$7335.02,VEUCW5882B,0,0,1,0
21187291103,Stevena,Rylett,1981-07-22,sryletti@gravatar.com,9208008811,Female,$4068.64,VAAVZ8405H,1,0,0,0
21170145369,Pancho,Sollas,1977-09-01,psollasj@icio.us,4678825880,Male,$9640.19,BJAFP9781A,0,0,0,0
21193126707,Algernon,Hauger,1970-05-03,ahaugerk@ezinearticles.com,7443871356,Male,$8778.68,DSOIO5973A,0,0,0,0
21124263173,Cindelyn,Chorlton,1998-05-02,cchorltonl@nba.com,1433120487,Female,$9635.20,DZJIT4310K,0,0,0,1
21151085793,Everett,Starie,1964-10-10,estariem@wunderground.com,8739865645,Male,$3899.57,PYNQD5130Y,0,0,0,0
21188529674,Cordie,Squeers,2000-05-18,csqueersn@deliciousdays.com,7645304621,Female,$5726.63,VUCKQ9791E,0,0,0,0
21169128443,Hattie,Rhydderch,1994-07-03,hrhyddercho@vimeo.com,4479782865,Female,$4299.61,LNZBI5155E,0,0,0,0
21134287628,Drucy,Koop,1985-08-05,dkoopp@weebly.com,1428065816,Female,$5214.67,JAWIV2520G,0,0,0,0
21141695624,Tisha,Dimitresco,1987-11-20,tdimitrescoq@hexun.com,2635640569,Female,$3695.95,QIWWR5839W,0,0,0,0
21120548717,Mahmoud,Orneblow,1979-04-15,morneblowr@samsung.com,3631916428,Genderqueer,$6752.00,BLHMH7274M,0,0,0,0
21140647039,Cordelia,Gerrill,1982-06-21,cgerrills@cnet.com,9998430696,Female,$2865.55,DNFKP9839O,0,0,0,0
21138181865,Meghann,Berthon,1960-09-19,mberthont@prlog.org,9994509928,Female,$4829.19,RKLEF3845B,1,1,0,0
21111538769,Shellie,Hessle,1997-06-05,shessleu@thetimes.co.uk,1358474279,Polygender,$5338.42,EGMBH7233D,0,0,0,0
21130215268,Ninnette,Iacovacci,1970-12-29,niacovacciv@prnewswire.com,3031502298,Female,$3473.21,DMWHQ1317K,0,0,0,0
21144163049,Lara,Ivancevic,1996-01-10,livancevicw@google.pl,8961604952,Female,$4303.95,RXKVH1918M,1,1,0,0
21176861607,Delphinia,Croix,1981-10-12,dcroixx@e-recht24.de,8464073353,Female,$10208.48,NDCNO5560M,0,0,1,0
21175328263,Lisle,Taaffe,1994-05-24,ltaaffey@histats.com,5311265610,Male,$9014.11,HEHCW9862W,0,0,0,0
21109000457,Marigold,Squibbes,1965-12-18,msquibbesz@g.co,5035781314,Female,$8862.42,YIKQP2777O,0,0,0,0
21158123718,Helaine,Skull,1988-07-08,hskull10@sogou.com,7113352239,Female,$4750.72,UJKZW6536W,1,0,0,0
21139396295,Sabrina,Spondley,1987-11-08,sspondley11@mtv.com,2205021581,Female,$7119.64,BPYCY1823G,0,0,0,0
21175037121,Fidelity,Prendiville,1991-01-01,fprendiville12@who.int,5276829950,Female,$8245.09,PWDKX8999C,0,0,0,0
21182440170,Chelsae,Crouch,1994-10-13,ccrouch13@cdc.gov,8694591040,Female,$9723.75,KGUHN4551M,0,0,0,1
21154849155,Buffy,Cowdery,1966-01-25,bcowdery14@wunderground.com,7856105156,Female,$8279.31,IUIIX3148A,0,0,0,0
21140264348,Artair,Yatman,1982-04-12,ayatman15@dagondesign.com,4031005599,Male,$9901.36,VFMAV4382H,0,0,0,0
21196953960,Konstance,Hargess,1978-09-28,khargess16@reddit.com,2475820852,Female,$3776.52,GWLZJ0583Y,0,0,0,0
21117746009,Laurie,Hemphill,1978-08-30,lhemphill17@cbsnews.com,7645645896,Female,$6343.29,QBCNP7315W,0,0,0,0
21177489770,Seumas,Tewkesberrie,1964-05-27,stewkesberrie18@nymag.com,6831985829,Male,$7772.92,SOIQW0402W,0,0,0,0
21179466248,Dorolice,Sturte,1995-05-11,dsturte19@house.gov,1237648834,Female,$4737.97,DNKUF9702Q,0,0,0,0
21163596360,Nobe,Dobble,1972-03-05,ndobble1a@weather.com,9859626854,Male,$5687.37,GHLIM4662T,0,0,0,0
21120139248,Lucias,Lumox,1970-05-15,llumox1b@typepad.com,8209869215,Male,$9861.31,BVTDV0080Y,0,0,0,0
21161113378,Ara,Hearmon,1970-11-26,ahearmon1c@google.cn,7265166362,Female,$8404.25,BBIPN9119E,0,0,0,0
21152152572,Jermaine,Elsdon,1968-02-24,jelsdon1d@jimdo.com,6012676966,Male,$2654.78,EKVXL4730Y,0,0,0,0
21125896935,Dominica,Bulle,1977-02-12,dbulle1e@techcrunch.com,3853416517,Female,$4299.25,IDYAX0434I,0,0,0,0
21126774418,Mick,Bastard,1973-01-16,mbastard1f@ibm.com,8428007661,Male,$4506.00,MXWQN7004F,1,0,0,0
21133985578,Lynnette,Pettendrich,1984-06-15,lpettendrich1g@apple.com,7331665287,Female,$4830.73,DZNJF3922N,0,0,0,0
21116342299,Kile,Lindstedt,1978-11-03,klindstedt1h@slideshare.net,8837347656,Male,$4722.42,UIGME4398M,0,0,0,0
21190736978,Haven,Patemore,1989-06-26,hpatemore1i@paginegialle.it,4059504953,Male,$3053.20,YUJGG7669L,0,0,0,0
21124036511,Sue,Wornum,1996-09-03,swornum1j@go.com,1257161657,Female,$10224.25,KRLBJ3036T,0,0,0,0
21129807482,Gian,Loynton,1977-05-08,gloynton1k@etsy.com,2471867419,Male,$10399.91,TILAK7863R,1,0,0,0
21151601903,Erik,Andreacci,1998-05-28,eandreacci1l@macromedia.com,2516257461,Male,$3218.48,APHPJ7051R,0,1,0,0
21166445423,Jacquetta,Marconi,1979-05-21,jmarconi1m@google.com,7705355010,Female,$3277.58,PQSTV5074W,0,0,0,0
21106023044,Ara,Grindrod,1984-07-04,agrindrod1n@yelp.com,7336812254,Female,$2929.70,XOUOC9973K,0,0,1,0
21196955044,Lorne,Czajkowska,1975-12-17,lczajkowska1o@jimdo.com,1939546518,Male,$10307.34,UKIMU6540M,0,0,0,0
21153815247,Georgianne,Roebuck,1979-07-21,groebuck1p@ustream.tv,9649066855,Female,$2910.31,DMODK8231I,0,0,0,1
21104216474,Moses,Jeaffreson,1989-08-31,mjeaffreson1q@behance.net,7158320955,Male,$6055.26,JJAMF9294L,0,0,0,0
21181827351,Fianna,Cisland,1988-08-30,fcisland1r@dailymotion.com,3047825038,Female,$9971.97,CKEYU6342Y,0,0,0,0
21183414725,Lydon,Eagle,1990-07-02,leagle1s@zimbio.com,9044732128,Bigender,$4896.11,RVWRF3124L,0,1,0,0
21144388653,Shaylah,Barritt,1994-08-04,sbarritt1t@imageshack.us,4783173874,Female,$5919.71,LQOKQ1590H,0,0,0,0
21134266368,Samson,Treske,1972-06-24,streske1u@multiply.com,5766820667,Polygender,$3494.25,XNJCV1722Z,0,0,0,0
21183278809,Yevette,Crinson,1968-03-11,ycrinson1v@admin.ch,1401874965,Female,$10321.74,GIGLH9132T,0,0,0,0
21127033606,Robena,Wyon,1989-04-25,rwyon1w@webnode.com,4635823487,Bigender,$3011.32,CNLDT6262G,0,1,0,1
21120639865,Salvatore,Merryfield,1992-10-01,smerryfield1x@europa.eu,9578444604,Male,$6199.73,VGWPH6669E,0,0,0,0
21145137814,Nedi,Kenwrick,1966-01-26,nkenwrick1y@cyberchimps.com,3735012496,Female,$6587.73,UNNUR4404I,0,0,0,1
21184281803,Karel,Penritt,1999-05-21,kpenritt1z@shareasale.com,8595616204,Male,$5310.80,DDSDM9851J,0,1,0,0
21194858971,Gonzales,Megainey,1962-06-27,gmegainey20@smugmug.com,5098928386,Male,$9276.11,ENKHT7583U,0,0,0,0
21198075425,Natale,Elderkin,1991-12-03,nelderkin21@bravesites.com,9432707928,Male,$8315.14,BPELC0027X,1,0,0,0
21189816136,Max,Ostler,2000-11-03,mostler22@skype.com,8107318426,Female,$2913.92,MDDNQ4293O,0,0,0,0
21114190044,Frederick,Odcroft,1987-01-14,fodcroft23@reuters.com,1631138015,Male,$7381.99,WQCCQ8556K,0,0,0,0
21161565055,Amitie,Wenderott,1975-02-28,awenderott24@biblegateway.com,9361982345,Female,$5733.56,FVHRG0314I,1,0,0,0
21159494586,Melisenda,Abbotson,1982-05-30,mabbotson25@ow.ly,6723156124,Female,$9265.55,KLLZH8431C,0,0,0,0
21114067702,Fernanda,Agett,1971-09-06,fagett26@typepad.com,2391843961,Female,$8587.26,HREDK5030W,0,0,0,0
21120306554,Patton,Glyde,1989-12-08,pglyde27@plala.or.jp,8865310816,Male,$8770.54,IUPUR8649T,0,0,0,0
21131905060,Peirce,Harcombe,1983-04-10,pharcombe28@msn.com,6733505563,Genderfluid,$5107.10,OBJAV2939C,0,0,0,0
21139453208,Addia,Neiland,1994-05-05,aneiland29@simplemachines.org,3386264708,Female,$9851.34,GIGIP2992H,0,0,0,0
21139141218,Redford,Carcas,1962-04-28,rcarcas2a@photobucket.com,1422368044,Male,$8342.88,TJQWZ1591X,0,1,0,0
21180863210,Prissie,Stiles,1961-07-27,pstiles2b@wikia.com,9982382132,Female,$4253.63,ERCSX3153Q,0,0,0,0
21128970751,Solomon,Feldhammer,1980-03-29,sfeldhammer2c@sakura.ne.jp,3842387147,Male,$4366.13,FOUHW5473L,0,0,0,0
21129445403,Spencer,Hinken,1971-07-30,shinken2d@ftc.gov,3303874253,Male,$7715.82,FVIQW7445J,0,0,0,0
21196705677,Joanna,Moland,1968-01-22,jmoland2e@ehow.com,7399585966,Female,$5622.68,BYNBI7096P,1,0,0,0
21174322729,Padget,Tansly,1965-09-03,ptansly2f@wordpress.org,3833079732,Male,$9544.99,DQOEL9973V,0,0,0,1
21182774142,Christophorus,Blakeney,1996-09-26,cblakeney2g@mit.edu,6322708695,Male,$7267.00,EMRVM6027N,0,0,0,0
21115386782,Caspar,Franciottoi,1971-05-23,cfranciottoi2h@mayoclinic.com,4518492683,Male,$2500.09,OQSTE7439S,0,0,0,0
21183933680,Cazzie,Abotson,1972-09-22,cabotson2i@tamu.edu,3843328592,Male,$7087.06,DITBQ6556B,0,0,0,0
21128799969,Jeth,Birden,1986-05-22,jbirden2j@sphinn.com,3984761354,Male,$8629.68,OFHSY5715F,0,0,0,0
21183695057,Fanya,Toler,1978-04-27,ftoler2k@huffingtonpost.com,8954549797,Female,$8291.46,KUEGS9816F,0,0,1,0
21193828117,Willy,Theaker,1994-02-08,wtheaker2l@bravesites.com,6154390890,Female,$7928.83,TZZUN5108Y,0,0,0,0
21144569692,Bartholomew,Fane,1992-12-13,bfane2m@list-manage.com,6709956868,Male,$9230.71,FLMDB8910H,0,0,0,0
21126555478,Isacco,Florentine,1964-11-24,iflorentine2n@ihg.com,4147257739,Genderfluid,$2907.11,DTPUM4010A,0,0,0,0
21163056008,Angele,Swendell,1972-07-11,aswendell2o@home.pl,2192638665,Female,$2568.23,QBZUI5851D,0,0,0,0
21104785675,Cleon,Hartman,1960-05-07,chartman2p@surveymonkey.com,2619425800,Male,$7996.00,DYJSI7040G,0,0,0,0
21181144737,Hyacinthie,Heckle,1999-11-15,hheckle2q@narod.ru,1325096202,Female,$9486.33,IQCGK5813R,0,0,0,0
21167807444,Redford,Delhay,1980-08-20,rdelhay2r@dell.com,3104483922,Male,$9586.87,KYCMG8491J,0,0,0,0
21126367388,Olly,Tripe,1963-01-31,otripe2s@google.com,3949706140,Male,$7330.54,MKYDK6778S,0,0,0,0
21118805129,Virge,De Mitris,1975-08-30,vdemitris2t@creativecommons.org,7687114789,Male,$6682.60,RVNQQ7027W,0,0,0,0
21164813039,Grace,Uzielli,1978-06-07,guzielli2u@histats.com,7511330809,Female,$8435.33,SRARW9019P,1,1,0,0
21103566983,Selig,Dimmick,1968-04-02,sdimmick2v@jigsy.com,3567154587,Male,$2899.34,XEEFR7807O,0,0,0,0
21151244281,Ezekiel,Segge,1980-05-13,esegge2w@baidu.com,7725305919,Male,$6730.50,KQZJS0031W,0,0,0,0
21192181378,Jard,Wattisham,1968-09-20,jwattisham2x@unblog.fr,9967975391,Male,$6064.42,VFMZV1254Q,0,0,0,1
21163039761,Justus,Devenport,1999-01-18,jdevenport2y@woothemes.com,9308923734,Male,$3633.68,ENAPJ0036W,0,0,0,0
21158140446,Kathye,Hallum,1965-05-09,khallum2z@mozilla.org,9467911506,Female,$7841.38,SAKIJ5337O,0,0,0,0
21151661349,Alejandrina,Fulloway,1989-09-02,afulloway30@booking.com,3049934847,Female,$3229.45,IMZOA5398S,0,0,0,0
21183337140,Sonny,Oxx,1963-01-29,soxx31@ca.gov,5821424901,Non-binary,$3812.69,UYPLY2193B,1,0,0,1
21169208495,Amandie,Nowaczyk,1986-12-04,anowaczyk32@marriott.com,6202527020,Female,$7804.31,DPCWY2059O,0,1,0,0
21133823503,Herby,Devita,1983-12-04,hdevita33@indiatimes.com,3568701553,Male,$8659.26,NNUAT3315C,0,0,0,0
21109280352,Tammy,Dizlie,1980-12-03,tdizlie34@dyndns.org,7371203375,Male,$8405.57,UBVBL0492K,0,0,0,0
21107019352,Shana,Beverley,1986-07-02,sbeverley35@mac.com,3016918133,Female,$3032.01,FMRVO8361Z,1,0,0,0
21110478139,Rosabelle,Gerrett,2000-01-25,rgerrett36@weebly.com,8703234978,Female,$5369.80,QYXOS3381C,0,0,0,0
21116042676,Christiane,Robion,1983-01-27,crobion37@usatoday.com,4174400352,Female,$4110.62,ZPQOO3402N,1,0,1,0
21176534358,Vikky,Naylor,2000-09-02,vnaylor38@scientificamerican.com,1829626383,Female,$3730.37,YDTYK9148J,0,0,0,0
21189355397,Wood,Ravenscroft,1997-12-13,wravenscroft39@dot.gov,5783921384,Male,$9827.45,KDFRS1590V,0,0,0,0
21171838059,Una,Clynter,1989-05-22,uclynter3a@businessinsider.com,9396737117,Female,$10039.59,BLTUW0089N,0,1,0,0
21143958676,Barny,Sheppard,1988-06-05,bsheppard3b@feedburner.com,9647582225,Male,$6879.78,QYPKB0905V,0,0,0,0
21195297180,Carline,Lawrenceson,1992-12-10,clawrenceson3c@hud.gov,6709692607,Female,$6531.99,JYPWN9457T,0,0,0,0
21192459249,Edd,Hess,1989-05-09,ehess3d@indiatimes.com,9187822406,Male,$7398.30,IOCLT2759G,0,0,0,0
21150550787,Micky,Minghi,1982-10-10,mminghi3e@wsj.com,3368569700,Male,$2972.73,OTAGE0956U,0,0,0,0
21188736229,Randal,Wegener,1986-02-04,rwegener3f@yahoo.com,6016113337,Male,$4119.55,QLGOJ3450V,0,0,0,0
21144152982,Eliza,Talks,1993-10-13,etalks3g@myspace.com,1788588210,Female,$7263.03,FODMV1531Y,0,0,0,0
21139064107,Jammal,Trenam,1981-09-18,jtrenam3h@drupal.org,9841919560,Male,$3234.25,GLGRQ9722C,0,1,1,0
21130463593,Winona,Symon,1986-07-18,wsymon3i@symantec.com,5508278807,Bigender,$3725.85,WPEGL5869R,0,0,0,0
21182223636,Rozele,Merrin,1973-04-03,rmerrin3j@jimdo.com,6495795120,Genderfluid,$6760.46,KCTFA1024U,0,0,0,0
21125387482,Sheilakathryn,Aleksandrov,1966-08-14,saleksandrov3k@twitter.com,5261406644,Female,$4096.56,LTUDT4801V,0,0,0,0
21163503420,Dannye,Huxster,1992-02-23,dhuxster3l@bravesites.com,6572952185,Female,$3130.46,SHGQJ8179M,0,0,0,0
21108107522,Cam,Colborn,1978-09-27,ccolborn3m@seesaa.net,3738072524,Male,$10190.70,MPOWJ1658M,1,1,0,0
21150939298,Adrienne,Edinburgh,1995-01-05,aedinburgh3n@amazonaws.com,7539114933,Female,$3119.60,QEGOX9802F,0,0,0,0
21100354529,Christi,McKeller,1961-12-28,cmckeller3o@merriam-webster.com,1736286603,Female,$10278.19,IOYKY4618M,0,1,0,0
21170401002,Cass,Ruselin,1981-06-09,cruselin3p@ycombinator.com,9231970383,Agender,$7412.65,IHFPX9734W,0,0,0,0
21160722427,Heinrick,Ducarne,1967-10-31,hducarne3q@e-recht24.de,6865351553,Male,$2743.29,NCYYE0534R,0,0,0,0
21123598374,Maddi,Gipp,1997-05-21,mgipp3r@fema.gov,8129436918,Female,$7345.13,RYVBI5194U,0,0,0,0
21172234925,Baxter,Snary,1960-08-27,bsnary3s@networkadvertising.org,3148245092,Male,$4707.66,UGMIC1697B,0,0,0,0
21127834656,Chris,Sawers,1988-11-01,csawers3t@sourceforge.net,3971197208,Agender,$7672.74,JMSAO3627G,0,0,0,0
21132278717,Jeffrey,Spehr,1982-09-26,jspehr3u@joomla.org,7637983894,Male,$9324.82,JBQOJ1446Z,1,0,0,0
21133942092,Malcolm,Georgeon,1961-03-29,mgeorgeon3v@github.com,1984541701,Male,$3251.09,NZDLU8254W,0,0,0,0
21173227880,Ruben,Stidson,1978-11-20,rstidson3w@google.pl,6489703626,Male,$9830.86,KZUNT5386P,0,1,0,1
21151803493,Marcellus,Spellacey,1992-07-21,mspellacey3x@moonfruit.com,8145035695,Male,$9430.28,POEIN2604M,0,0,0,0
21186537279,Ernesto,Jugging,1984-11-01,ejugging3y@comcast.net,7347372433,Male,$6117.87,NKRLB8155Z,0,0,0,0
21135971083,Lance,Ayrs,1968-11-06,layrs3z@hao123.com,6462542199,Male,$5078.60,UBDSP2941X,0,0,0,0
21145187926,Stewart,O'Cannon,1975-01-10,socannon40@weather.com,4281611421,Male,$5162.38,NMAXM9356E,0,0,0,0
21197042884,Della,Bullivent,1994-01-31,dbullivent41@tmall.com,9661615714,Female,$9091.42,XHTLO6206G,0,0,0,0
21164236640,Whit,Melledy,1991-01-19,wmelledy42@sohu.com,5243044618,Male,$8391.94,EJDHR2155F,0,0,0,0
21135101593,Yule,Vedenyakin,1974-07-02,yvedenyakin43@shinystat.com,6133737934,Male,$10073.68,IJELD7804R,0,0,0,0
21146398762,Arturo,Sansam,1961-12-06,asansam44@nps.gov,4434541245,Male,$3654.11,TZFAK7694D,0,0,0,0
21129662698,Efrem,Rearie,1976-07-04,erearie45@house.gov,4029093180,Male,$3195.00,KWDVZ8774X,0,0,0,1
21133780622,Berta,Addams,1968-01-14,baddams46@scientificamerican.com,2591184583,Female,$5846.30,XWIGW0562Y,0,0,0,0
21182217423,Tomasine,Rewcassell,1989-02-06,trewcassell47@smugmug.com,8704847807,Female,$2842.79,TIXXX5085M,0,0,0,0
21199240073,Quinn,Winslett,1994-05-21,qwinslett48@google.cn,7116249378,Female,$2755.84,TENPA3615O,0,0,0,1
21154722068,Pete,Milberry,2000-11-13,pmilberry49@studiopress.com,4653092705,Male,$8520.60,JVBLX4515C,0,0,0,0
21197656188,Dee,Darth,1992-04-19,ddarth4a@de.vu,3402748912,Female,$7209.47,BFDRZ8403X,0,0,0,0
21117104259,Fax,Frany,1969-03-16,ffrany4b@simplemachines.org,2003874375,Male,$4016.02,PRZRE8436R,0,1,0,0
21149997841,Antony,Moret,1968-09-19,amoret4c@uol.com.br,8443530742,Male,$3228.77,AOYTS4418Z,1,0,0,0
21198745216,Rudyard,Pochon,1979-11-24,rpochon4d@multiply.com,6959039761,Male,$10496.01,EWMTP2374N,1,0,0,0
21111539302,Pam,Have,1971-05-10,phave4e@joomla.org,1808165186,Female,$3235.03,UNKDL2661U,0,0,0,0
21189938148,Evaleen,Crole,1962-10-29,ecrole4f@time.com,4959261445,Female,$9163.72,AGOQX7189J,0,0,0,0
21140531368,Courtnay,Peiro,1982-10-31,cpeiro4g@constantcontact.com,3364301640,Male,$3125.06,STGYP6518J,1,0,0,0
21112552425,Joellen,Jell,1972-04-16,jjell4h@bbc.co.uk,3666614348,Female,$4198.67,YRYHF9982T,0,0,0,0
21166479466,Celisse,Banfield,1978-01-09,cbanfield4i@wufoo.com,3218278792,Female,$4828.85,GQWPZ3655U,0,0,0,0
21165765606,Clarisse,Janson,1974-03-26,cjanson4j@dion.ne.jp,2879887010,Female,$4650.09,BNKMY7626R,0,0,0,0
21111800034,Ronnie,Edwardes,1979-08-14,redwardes4k@printfriendly.com,3324486974,Female,$7164.35,QONBP0696I,0,0,0,0
21178323457,Staford,Wardlow,1992-09-10,swardlow4l@technorati.com,9881865022,Male,$3577.75,ULCAZ4267V,0,0,0,0
21110680753,Anabal,Pass,1966-10-30,apass4m@multiply.com,6082351702,Female,$2528.00,PLYIC7167Z,0,0,0,0
21175967435,Keane,Roser,1961-08-18,kroser4n@tinyurl.com,4341873548,Male,$3301.90,XEEYI6032F,0,0,0,0
21141765615,Francyne,Cragell,1988-12-17,fcragell4o@prlog.org,1216886050,Female,$2832.56,PVFQN9429Y,1,0,0,0
21121902279,Amandie,Beattie,1990-09-17,abeattie4p@latimes.com,4056003846,Female,$3524.83,MMJGQ5909O,0,0,0,1
21153935364,Teador,Darmody,1992-10-18,tdarmody4q@oracle.com,5932089252,Male,$7109.80,CBUQN7226Z,0,0,0,0
21133906519,Ray,Thody,1997-05-26,rthody4r@nymag.com,6094666079,Female,$7892.31,PDOOD7996R,0,0,0,0
21176327044,Daffie,Smitton,1976-06-07,dsmitton4s@digg.com,8473321508,Female,$4191.21,WBXLO9856D,0,0,0,0
21123458226,Niven,Teenan,1998-09-24,nteenan4t@google.de,4045296001,Male,$9575.25,AAMNJ3126E,0,0,0,0
21157524644,Euell,Sarjeant,1966-09-07,esarjeant4u@disqus.com,6139407498,Male,$8824.31,YTIJN8227G,1,1,0,0
21179439413,Cory,Bloxham,1985-05-07,cbloxham4v@tinypic.com,9051691196,Female,$5941.23,RQTRP9363Z,0,0,0,0
21110829397,Belita,Valentine,1981-07-07,bvalentine4w@yahoo.co.jp,4123314813,Female,$3045.01,YRIEW2260M,0,0,0,0
21130777978,Darb,Karchowski,1985-08-28,dkarchowski4x@ucsd.edu,5636893353,Male,$5534.74,CSLSP3820X,0,0,0,0
21150977686,Darsey,Offner,1960-08-26,doffner4y@seesaa.net,1314964903,Genderqueer,$2618.79,PRPFL4703N,0,0,1,0
21146211310,Johnathan,De Beauchamp,2000-06-29,jdebeauchamp4z@opensource.org,6315018309,Male,$6182.60,NXIQN4231X,0,0,0,0
21102273098,Maighdiln,Pendrich,1975-06-23,mpendrich50@bloglines.com,6245666189,Female,$9045.72,LITFC8331I,0,0,0,0
21101623414,Myranda,Gegg,1973-05-11,mgegg51@so-net.ne.jp,6374110968,Female,$6321.01,XUCZR2329P,0,0,0,0
21121083545,Thurston,Anthiftle,1969-02-05,tanthiftle52@mac.com,8099852630,Male,$9288.13,VNAJN3757D,0,0,0,0
21100797979,Cam,O'Towey,1984-09-13,cotowey53@bloglines.com,1334715053,Female,$6775.41,CQEPI2456I,0,0,0,0
21123948958,Gerry,Crampsy,1976-05-12,gcrampsy54@unesco.org,7173963155,Female,$4591.61,DCWCQ1111L,1,1,0,0
21108027481,Yankee,Gerwood,1972-08-07,ygerwood55@twitter.com,9235543444,Male,$9233.84,ZRKTS1748W,0,0,0,0
21137378177,Datha,Gearty,1983-02-11,dgearty56@taobao.com,1331713582,Female,$3223.66,JSWHO7832S,0,0,0,0
21159913687,Kiri,Riddler,1986-05-08,kriddler57@phoca.cz,7663470973,Female,$8997.50,TEJQC2168U,0,0,0,0
21107691953,Lia,Fleet,1963-04-19,lfleet58@liveinternet.ru,5669492553,Female,$4208.50,WXPMC4315U,0,0,0,0
21129745993,Claybourne,Duchateau,1976-06-28,cduchateau59@miitbeian.gov.cn,6513435749,Genderfluid,$7138.17,GUJTR5394U,1,0,0,0
21111759563,Armstrong,Raymond,1991-05-28,araymond5a@apple.com,9934535509,Male,$7577.10,DQRJU6086J,0,0,0,0
21112243595,Gearard,Paz,1968-12-17,gpaz5b@mediafire.com,3239866075,Male,$3336.98,PGARY9926K,0,0,0,0
21177981663,Essa,Ballach,1998-04-26,eballach5c@discovery.com,6724066646,Female,$9776.12,ZOTAR3275D,0,0,0,0
21107594681,Ilene,Hritzko,1970-11-17,ihritzko5d@hc360.com,5066133971,Female,$7244.45,DSRII4394N,0,1,0,0
21164148213,Conrado,Kurt,1998-08-15,ckurt5e@spotify.com,8773163204,Male,$6986.44,TMWDD6164W,0,1,0,0
21127186514,Mair,Clutton,1990-10-26,mclutton5f@cbsnews.com,3278777051,Polygender,$5979.67,EPYBF9991Q,0,0,0,0
21186649037,Orlan,Tadgell,1966-01-18,otadgell5g@unc.edu,5155727535,Male,$8858.49,SPEIL6721M,0,0,0,0
21120351050,Jodie,Lelliott,1997-06-25,jlelliott5h@omniture.com,5391927919,Female,$8830.21,QFDPT1618W,0,0,0,0
21159882748,Marcille,Abarough,1967-04-19,mabarough5i@sitemeter.com,1813050250,Female,$4832.19,PDHMG8508B,0,0,0,0
21146692763,Kristofer,Muddiman,1976-11-12,kmuddiman5j@mac.com,7845207848,Male,$8141.96,GQFSF7497T,0,0,0,0
21193257352,Lou,Bone,1972-01-16,lbone5k@bloglovin.com,1804552349,Female,$3866.57,AVFRO4264M,0,0,0,0
21128879186,Delaney,Snelson,1991-04-22,dsnelson5l@slideshare.net,2235902170,Male,$10444.44,XUAKT0811M,0,0,0,0
21153870669,Blair,Rendle,1979-08-13,brendle5m@hubpages.com,3112673402,Male,$6753.29,MNYAF1088S,0,0,0,0
21172689928,Suzi,Andrioli,1986-10-31,sandrioli5n@huffingtonpost.com,2791062086,Female,$9315.45,BOCOM6541A,0,0,0,0
21168146257,Augustina,McNirlan,1970-04-14,amcnirlan5o@ucla.edu,5049926392,Female,$2981.00,WEAIL7471I,0,0,0,0
21132236159,Tull,Audas,1962-10-15,taudas5p@comsenz.com,8847393899,Male,$9837.32,FFCSS3964X,0,0,0,0
21138306847,Alec,Cregin,1966-08-29,acregin5q@phoca.cz,6286520210,Male,$4488.83,ZJOXL5308V,0,0,0,0
21180489117,Ellene,Yelland,1964-03-06,eyelland5r@printfriendly.com,1005667407,Female,$3954.00,IXWMZ8030H,0,0,0,0
21137540735,Beverly,Eddie,1992-05-13,beddie5s@example.com,1914816343,Female,$3617.33,YMYSA9471R,0,0,0,0
21148538283,Ignacius,Wollacott,1976-11-22,iwollacott5t@nih.gov,3353957929,Male,$10136.27,ZKYMI9587B,0,0,0,0
21172625716,Ruperta,Jealous,1989-03-30,rjealous5u@spotify.com,6147291878,Female,$4955.01,GSSBV6429G,0,0,0,0
21139809153,Fredrika,Mundie,2000-12-20,fmundie5v@forbes.com,7319775423,Female,$7256.03,DVMTH6338G,1,0,0,1
21139334383,Lewie,Lamy,1986-10-02,llamy5w@naver.com,2639416328,Male,$5795.09,XBGPW6865M,0,0,0,1
21192407131,Frasco,Muckley,1987-05-25,fmuckley5x@google.fr,9287996559,Male,$5806.93,XLROJ4504I,1,0,0,0
21114257771,Abraham,Eathorne,1986-06-13,aeathorne5y@dailymail.co.uk,5911156437,Male,$4855.47,MVVUK0499C,0,0,0,0
21149273147,Teresina,Farnish,1978-01-27,tfarnish5z@tripadvisor.com,6148948117,Female,$6795.72,ZOUOH4202Q,0,0,0,0
21172326761,Sergio,Vasilic,1988-07-23,svasilic60@ca.gov,1675922306,Male,$3527.17,ANCFZ3577S,0,0,0,0
21179530447,Randee,Perrot,1984-06-27,rperrot61@dailymotion.com,3993294203,Genderqueer,$6424.36,UVXNM8326Y,0,0,0,0
21148229597,Saudra,Tilt,1965-01-26,stilt62@rediff.com,4592133093,Female,$4466.99,UQZUU4954M,0,0,0,0
21197636482,Jocko,Bourton,1982-09-17,jbourton63@netlog.com,4168760566,Male,$10241.22,OECYJ2657A,0,0,0,0
21147508261,Jess,Nisbet,1973-12-13,jnisbet64@livejournal.com,5565322561,Male,$2902.51,YKTAZ4334D,0,0,0,0
21158489473,Filberte,Shoebrook,1975-05-19,fshoebrook65@google.com.au,7764564396,Male,$10007.17,TBCQU2097W,0,1,0,0
21126739584,Marie,Shave,1989-01-02,mshave66@e-recht24.de,3087894200,Female,$2537.65,QBOXF2843Q,1,0,0,0
21158331077,Nanny,Doherty,1982-03-27,ndoherty67@seattletimes.com,1126458999,Female,$2821.70,LTYVY2728B,0,0,0,0
21190049841,Damita,Dahmel,1968-09-27,ddahmel68@fotki.com,6634667795,Female,$9210.49,IQGLX7323H,0,0,0,0
21174165668,Tonia,Dudbridge,1982-08-16,tdudbridge69@house.gov,8075091632,Female,$7663.06,RNNZZ9905T,0,0,0,0
21114898800,Bard,Fain,1973-06-28,bfain6a@sun.com,3433427314,Male,$8833.46,XFDDP2382F,0,0,0,1
21179670983,Caralie,Scolland,1962-07-18,cscolland6b@arstechnica.com,9761029879,Female,$4055.84,VRADV7954N,1,0,0,0
21184490187,Ogdan,Corey,1978-01-26,ocorey6c@yahoo.com,2587344382,Male,$3225.45,ZKJIA2599I,0,0,0,0
21108882092,Walther,Godlip,1979-03-25,wgodlip6d@bigcartel.com,9571889289,Male,$3202.50,TLMFF3732D,0,1,0,0
21197906259,Bern,Dempster,1961-01-09,bdempster6e@sogou.com,4483727065,Male,$2726.83,XXCQO2253B,0,0,0,0
21176915962,Rozina,Pickerin,1986-10-06,rpickerin6f@elpais.com,3778600053,Female,$8009.48,QNNYU6654S,0,0,0,0
21178925498,Eleni,Dumingo,1972-06-16,edumingo6g@livejournal.com,1466752529,Female,$8589.53,WYOYW0868X,0,1,0,0
21169677257,Wolfgang,Koenen,1964-03-25,wkoenen6h@apple.com,4623214644,Male,$7610.20,GSGAK9356W,1,0,0,0
21192121527,Abagail,Normavell,1983-05-28,anormavell6i@nationalgeographic.com,2372224217,Female,$3985.34,CLZZK0482C,0,0,0,1
21118326229,Gerrie,Fullom,1968-03-25,gfullom6j@wsj.com,3374566879,Non-binary,$9481.57,TMHZU7511A,1,0,0,0
21117887668,Fowler,McAster,1973-09-06,fmcaster6k@privacy.gov.au,1359460381,Agender,$9370.21,CBIRO1612S,1,0,0,0
21195337413,Akim,Beardsdale,1977-02-08,abeardsdale6l@senate.gov,3559693094,Male,$4498.08,VAQUJ0038F,1,0,0,0
21183352988,Rolph,Poltone,2000-07-23,rpoltone6m@google.com.au,2868292774,Male,$9502.12,KQRSH2558X,0,0,0,1
21100120866,Elnora,Ravens,1995-01-15,eravens6n@columbia.edu,3454721491,Female,$6122.55,BURWD7371U,0,0,0,0
21103392449,Alexia,Fildery,1994-06-07,afildery6o@ebay.co.uk,4949683683,Female,$7868.50,JQFUZ7133T,0,0,0,0
21174980280,Kevon,Skittrall,1985-12-20,kskittrall6p@disqus.com,7371582782,Genderqueer,$2651.77,MASIB8281L,1,0,0,0
21178250594,Nessie,Whatmough,1997-04-20,nwhatmough6q@webs.com,4812053111,Female,$7212.25,RSRLD3377U,0,0,0,0
21138904630,York,Dearlove,1980-04-27,ydearlove6r@toplist.cz,4067095087,Male,$9301.60,JSSQT3855V,0,0,0,0
21172604837,Prudence,Crass,1976-06-05,pcrass6s@1688.com,1939889489,Non-binary,$8712.94,PGZQC2814S,0,0,0,0
21102610837,Stefano,Block,1966-01-21,sblock6t@meetup.com,6783142130,Male,$3434.45,KDVDJ5372F,0,0,0,0
21107547231,Clari,Gheorghescu,1988-12-07,cgheorghescu6u@oakley.com,5286048990,Female,$8468.55,WOADY1047N,0,1,0,0
21112502720,Isaak,Eunson,1973-09-27,ieunson6v@shutterfly.com,7036527160,Male,$8212.00,LQQKM7199O,0,0,0,0
21177448761,Kellie,Duddle,1960-07-30,kduddle6w@accuweather.com,6891879681,Female,$5270.11,JBWXF0140B,0,0,0,0
21130579205,Rutger,Choldcroft,1978-09-22,rcholdcroft6x@ebay.com,3705448658,Male,$8531.09,BGCSU4612F,0,0,0,0
21147236537,Tania,McGiffie,1967-11-10,tmcgiffie6y@omniture.com,8436493350,Female,$8035.53,DKIJL8709O,0,0,1,0
21162055536,Arlie,Woolmer,1981-08-13,awoolmer6z@barnesandnoble.com,2622992744,Agender,$4771.73,QFZDO4952K,0,0,0,0
21133297949,Lindi,Roder,1972-12-23,lroder70@pbs.org,7993830372,Female,$6785.37,EKQXR2657K,0,0,0,0
21173841325,Glendon,Hof,1962-04-17,ghof71@amazon.com,1057916969,Polygender,$8565.30,JYPGJ3040G,0,1,0,0
21126701811,Kania,Cottee,1962-03-22,kcottee72@mit.edu,9204389623,Female,$8235.03,NRBDH8044Y,0,0,0,0
21163219475,Merry,Glenfield,1980-08-02,mglenfield73@nbcnews.com,2797622138,Female,$8037.62,HWGLZ1646I,0,0,0,0
21157779986,Robinett,Gamblin,1979-11-11,rgamblin74@discuz.net,8247293165,Female,$3359.33,WPVNF3752H,0,0,0,0
21181799956,Bessy,Jirasek,1972-02-25,bjirasek75@umn.edu,4038969970,Female,$3632.86,PXKOV6177J,0,0,0,0
21138305592,Meridith,Form,1969-12-03,mform76@wp.com,9608462277,Female,$6728.29,DPMRJ3158Z,0,0,0,0
21188674610,Yorgos,Leber,1977-11-10,yleber77@freewebs.com,5708450138,Male,$6653.97,MVAJH7632K,0,0,0,0
21103925779,Emelyne,Drains,1985-08-05,edrains78@globo.com,3782959301,Female,$7900.00,PLENU4042O,0,0,0,0
21109329609,Terri,Milkins,1980-04-16,tmilkins79@wired.com,4528040573,Female,$2503.65,KGZXO7357K,0,0,0,0
21110219306,Patrizio,Knath,1981-11-25,pknath7a@soup.io,4986673789,Male,$3308.91,KURGE5104P,1,0,0,0
21146725165,Kennett,Mokes,1985-03-30,kmokes7b@joomla.org,7261638144,Male,$5933.36,IBHUF3446S,0,0,0,0
21150327983,Jazmin,Josipovic,1977-10-04,jjosipovic7c@hatena.ne.jp,8175545782,Female,$10407.84,YSPVN2931H,0,0,0,0
21187103575,Molli,Kock,1976-10-27,mkock7d@youtu.be,7118559944,Female,$8421.61,UQNDS6243P,0,0,0,1
21162802981,Hans,Yegorshin,1962-05-19,hyegorshin7e@mozilla.org,9475713386,Male,$8741.38,NWFPD6404T,0,0,0,0
21109419566,Bartlet,Philippeaux,1964-11-07,bphilippeaux7f@microsoft.com,8153913890,Bigender,$5220.02,BPABD7834D,0,0,0,0
21160334914,Staci,Delete,1985-12-17,sdelete7g@mysql.com,7139556419,Genderfluid,$5932.18,FRJDW9249Z,0,0,0,0
21168965046,Aurthur,Shale,1989-05-17,ashale7h@bbc.co.uk,2074829971,Male,$6291.88,ACDOS5509Y,1,0,0,0
21141267086,Cly,Hampson,1975-05-09,champson7i@apple.com,7009273169,Agender,$6612.58,JQOHD5197O,0,0,0,0
21117091498,Birk,Vlasyev,1978-05-01,bvlasyev7j@geocities.jp,7291619231,Male,$4310.23,NNMJM7411T,0,0,0,0
21175296411,Michell,Baude,1965-04-05,mbaude7k@mac.com,5027143642,Female,$7837.43,QXNWO7911L,0,0,0,0
21189946684,Pebrook,Sallans,1988-08-24,psallans7l@virginia.edu,9108279410,Male,$2528.35,NFVMH5093V,0,0,0,0
21174497436,Selene,Zini,1963-10-24,szini7m@irs.gov,9451202907,Female,$5249.94,ORKKQ0110U,1,0,0,0
21162400575,Audry,Rablin,1995-11-11,arablin7n@ihg.com,3848804107,Polygender,$6854.35,KSPRI6527M,0,1,0,1
21184306273,Gianna,Murrthum,1979-05-13,gmurrthum7o@123-reg.co.uk,5786830286,Female,$5553.79,QYOKJ3394W,0,0,0,0
21194758527,Emlyn,Charker,1986-04-19,echarker7p@constantcontact.com,8423696794,Female,$2979.38,BGXKW6197F,0,0,0,0
21184555970,Christel,Keavy,1997-12-31,ckeavy7q@skype.com,4807062179,Female,$3724.26,WYFMZ6474F,0,0,0,0
21116349311,Kristyn,Lowre,1997-03-28,klowre7r@com.com,8794963203,Female,$9442.35,IXXKH9714G,0,0,0,0
21184928987,Chandler,Eymor,1972-04-19,ceymor7s@discovery.com,5516305753,Male,$4319.92,EGICW4246G,0,0,0,0
21183058903,Maddy,Guterson,1997-10-20,mguterson7t@lycos.com,2504704132,Female,$4151.96,YAONU5284X,1,0,0,0
21183602650,Bonni,Lotte,1967-11-02,blotte7u@google.ca,1289958672,Female,$7212.61,SYIHB0891C,0,0,0,0
21199531624,Clarabelle,Footer,1963-10-15,cfooter7v@indiegogo.com,9811622235,Female,$4752.76,IWDKN5087Y,0,1,0,0
21127630934,Timothea,Rushbrook,1965-01-01,trushbrook7w@boston.com,5426948345,Female,$10172.10,MUOIX6602B,0,0,0,0
21166662460,Colleen,Winram,1974-07-03,cwinram7x@samsung.com,5193466722,Female,$8408.37,RPESK6005M,0,0,0,0
21115459171,Stinky,Vondrasek,1967-12-22,svondrasek7y@cloudflare.com,7717746008,Non-binary,$3809.34,OWBDX4688N,0,0,0,0
21151266405,Ansel,Sign,1989-07-02,asign7z@angelfire.com,5705795300,Male,$9222.07,BWNJM6036L,0,0,0,0
21107257940,Lonnie,Drinkale,1991-11-25,ldrinkale80@wiley.com,6556952873,Female,$4852.34,ZCSTV2362U,0,0,0,0
21156867700,Florian,Veighey,1974-02-01,fveighey81@unblog.fr,7393265768,Male,$6588.83,HBWCY6485X,1,0,0,0
21184931405,Luce,Vanes,1962-10-14,lvanes82@mtv.com,6584496205,Female,$7966.34,ZGUGL5601V,1,0,0,0
21173938823,Noe,Bootton,1962-11-25,nbootton83@salon.com,2102886591,Male,$5454.60,KXXVS7550I,0,0,1,0
21189682294,Mellisa,Grastye,1979-05-25,mgrastye84@uol.com.br,7303149640,Female,$4270.50,DBDBC7881T,0,0,0,0
21194369054,Piper,Teeney,1999-01-06,pteeney85@mlb.com,4876855110,Female,$6209.98,EZOGW2373W,0,0,0,0
21127924912,Mimi,Enevold,1989-09-13,menevold86@tamu.edu,6372188361,Female,$8731.94,LGVZW8682Y,0,0,0,0
21102051150,Viole,Baggelley,1973-08-27,vbaggelley87@ox.ac.uk,1156244691,Agender,$5241.90,BUPST1667U,0,1,0,1
21101429771,Gilligan,Pierri,1982-12-24,gpierri88@nhs.uk,4937611661,Female,$3413.78,FCFFM9236M,0,0,0,0
21197222236,Daveen,Heggison,1967-06-21,dheggison89@ibm.com,1657406543,Female,$6771.95,PRJYB7777D,0,0,0,1
21174138229,Lenee,Travis,1984-07-08,ltravis8a@ow.ly,9222781513,Female,$8858.82,RKCCE1022A,0,0,0,1
21167627364,Guillema,Mawditt,1967-08-14,gmawditt8b@1688.com,5185811264,Female,$3226.03,AHWSN3138N,1,0,0,0
21113983118,Tod,Durbridge,2000-03-27,tdurbridge8c@yahoo.com,8275192344,Male,$2899.97,QWGQW0056M,0,0,0,0
21167960511,Danyelle,Sheard,1960-11-27,dsheard8d@e-recht24.de,9052943232,Female,$6412.98,JENCC6642S,0,0,0,1
21147492285,Cosette,Klaaassen,1965-02-09,cklaaassen8e@amazonaws.com,2609446526,Female,$10228.44,LHEIM5196S,0,0,0,0
21123460315,Maxim,Costelloe,1991-11-01,mcostelloe8f@cdbaby.com,9836977710,Male,$3473.35,LGXRG6882C,0,0,0,0
21153114356,Dane,Schiell,1987-05-30,dschiell8g@vinaora.com,9657768123,Bigender,$9031.89,ZCFFE4521D,0,0,0,0
21187601160,Johnna,Kasbye,1965-06-12,jkasbye8h@discovery.com,6895554801,Female,$7793.63,DZKKX0456G,0,1,0,0
21122371063,Krystle,Leachman,1974-03-23,kleachman8i@merriam-webster.com,2557591589,Female,$9651.17,XCWVU2132F,0,0,0,0
21144783796,Cyril,Landsberg,1985-06-21,clandsberg8j@bbb.org,9057500713,Male,$6117.85,VPFYJ4779I,0,0,0,0
21129395196,Shane,Peppett,1970-01-24,speppett8k@mit.edu,6265314803,Male,$2713.75,AHHYZ0791S,0,0,0,0
21151851403,Bogey,Labbet,1975-03-07,blabbet8l@canalblog.com,4647683837,Male,$7984.61,AAZDF3426B,0,0,0,0
21164872921,Odelia,China,1992-11-09,ochina8m@technorati.com,6512036150,Female,$5235.58,HQVNZ2796K,0,0,0,0
21151300771,Georgetta,Gonzales,1965-05-14,ggonzales8n@etsy.com,9851766591,Female,$7302.08,TGHDL4780E,0,0,0,0
21132690461,Bell,Sunock,1966-12-23,bsunock8o@t.co,6833345418,Female,$8023.85,CXSKG6991A,1,0,0,0
21160494398,Loni,Dobbing,1972-09-24,ldobbing8p@hostgator.com,6677040614,Female,$6078.33,GPHIG9471R,1,0,0,0
21143322853,Gayle,Mattersey,1993-03-26,gmattersey8q@china.com.cn,5181665329,Female,$3242.26,SIGYK7460Y,0,1,0,0
21161635348,Suzanne,Pattesall,2000-10-23,spattesall8r@google.pl,5538723534,Non-binary,$5014.94,QBQPY8988Y,0,0,0,0
21177277273,Hazlett,Mapother,1973-03-03,hmapother8s@europa.eu,8887542751,Male,$2546.98,OOJZX1776Y,0,1,0,0
21159766157,Drucill,Middell,1974-12-02,dmiddell8t@a8.net,4714252851,Female,$9806.80,HWPUX8726X,0,0,0,1
21146100956,Kip,Richards,1962-03-26,krichards8u@mayoclinic.com,7546878322,Male,$10346.89,XHBLX1049G,0,1,0,0
21123456048,Salomo,Cornilli,1965-07-06,scornilli8v@reference.com,4411277323,Male,$3301.61,BTGRO2364R,1,0,0,1
21103004409,Barri,World,1967-04-11,bworld8w@xrea.com,3787665100,Male,$7199.36,PUGFG3063O,0,0,0,0
21136871836,Ethelyn,Entwistle,1967-10-14,eentwistle8x@networksolutions.com,9026917999,Female,$3979.59,PRBJL5450L,0,0,0,0
21151964867,Gearalt,Meiklejohn,1969-05-04,gmeiklejohn8y@photobucket.com,7679989903,Male,$7203.02,CKBDC6994D,0,0,0,0
21120534354,Rriocard,Bosward,1969-09-03,rbosward8z@t.co,2627358608,Male,$5756.08,EZAQG5862R,1,1,0,0
21140089680,Silvanus,Brockhouse,1974-05-27,sbrockhouse90@yandex.ru,2542977543,Male,$8923.25,COWGG7958X,0,0,0,0
21187002167,Heath,Redmile,1988-01-19,hredmile91@wp.com,6309952408,Female,$4194.33,GOIQH9995Z,0,0,0,1
21183676319,Rodrigo,Tebb,1996-05-04,rtebb92@fda.gov,8431028387,Male,$5809.71,NVXQY7711Q,0,0,0,0
21118006169,Neville,Conman,1992-03-18,nconman93@sciencedirect.com,9354020160,Male,$5142.48,UMDJA0401J,0,0,0,0
21114592434,Birch,Dolman,1968-10-06,bdolman94@cyberchimps.com,6955612071,Male,$2914.65,HZJAS0469P,0,0,0,0
21191918072,Valentijn,Tocque,1998-04-26,vtocque95@go.com,1802826953,Male,$5557.00,HFGXL7909D,0,0,0,0
21168335691,Ailsun,Simonetti,2000-10-16,asimonetti96@lulu.com,7094710210,Female,$6027.25,CQVMK1148C,0,0,0,0
21163009759,Vaughn,Schleicher,1987-07-04,vschleicher97@sciencedirect.com,7449730943,Male,$5815.92,SWBSC3127Q,1,0,0,0
21106274798,Gracia,Paine,1971-12-22,gpaine98@hhs.gov,9043658916,Female,$5332.88,IPRZT1083R,0,0,0,0
21161227182,Josh,Crolla,1992-03-27,jcrolla99@csmonitor.com,6094207973,Polygender,$9940.56,FQKCZ0506Z,0,0,0,0
21195701233,Marcos,Riolfi,1960-09-27,mriolfi9a@oaic.gov.au,4453640123,Non-binary,$6932.76,ZZFLI7081J,0,0,1,0
21142899097,Cindelyn,Sackur,1991-05-04,csackur9b@ameblo.jp,3074461084,Female,$4168.96,VMZCL2458L,0,0,0,0
21121969567,Kellen,Malitrott,1985-06-02,kmalitrott9c@hibu.com,4586725417,Genderfluid,$4504.46,AIENW1621L,0,0,0,1
21189416734,Erhart,Dagnall,1995-07-08,edagnall9d@dion.ne.jp,7262086511,Male,$3649.79,ABNRX1893X,0,0,0,0
21181975871,Jackelyn,Cleef,1986-11-14,jcleef9e@clickbank.net,4148469945,Female,$4411.48,DMUOB3358D,0,0,0,0
21167115507,Melessa,McConnel,1998-09-15,mmcconnel9f@lycos.com,8063164363,Female,$2531.99,RIBOM2166B,0,0,0,0
21118654514,Torey,Perree,1972-08-07,tperree9g@theguardian.com,8914086872,Male,$5156.33,WFVXD5749E,0,0,0,0
21183385570,Catharina,McArthur,1993-04-27,cmcarthur9h@simplemachines.org,4312764170,Female,$9787.49,HSTNW4380L,0,0,0,0
21103708369,Nils,Scade,1974-09-11,nscade9i@washington.edu,2557986912,Male,$2720.80,TXKOX1916B,0,1,0,0
21145496951,Ashlen,Careless,1979-12-25,acareless9j@amazon.de,9148688388,Female,$6204.11,EOBFB7847T,0,0,0,0
21162387286,Reeva,McTavy,1976-07-20,rmctavy9k@pagesperso-orange.fr,1668586512,Female,$8248.17,SJNZI9064H,0,0,0,0
21157929815,Angela,Hindsberg,1964-05-21,ahindsberg9l@businesswire.com,5721398068,Female,$8166.44,IWZJV8200B,0,0,0,0
21165311747,Brantley,Tuley,1981-01-03,btuley9m@unicef.org,6958741491,Male,$5710.85,WVCUM6833O,0,0,0,0
21156692605,Susana,Newlove,1977-07-27,snewlove9n@mapquest.com,6076482155,Female,$5918.72,DMQQZ6174Q,0,1,0,0
21164109381,Normie,Skerritt,1962-01-10,nskerritt9o@amazon.co.uk,3033043493,Male,$3403.80,ATVCB4636T,0,0,0,0
21115225475,Eugene,Orehead,1991-11-03,eorehead9p@blogger.com,5286114686,Male,$2965.67,QHUJP7903V,0,0,0,0
21190871658,Dalenna,Kirkman,1962-07-27,dkirkman9q@51.la,5053494558,Female,$8996.67,UPDWG5401V,0,0,0,0
21190625940,Tedda,Axcel,1975-06-05,taxcel9r@toplist.cz,2648036860,Female,$10426.97,RQBAW8745O,0,0,0,0
21164542994,Winnah,Hares,1992-06-19,whares9s@arizona.edu,5679945845,Female,$5984.78,TBGYD5458D,1,0,0,0
21158748917,Rene,Mac,1971-08-12,rmac9t@phpbb.com,1483211980,Male,$3404.30,NJRME5924S,0,0,0,0
21128376543,Joli,Grastye,1968-01-21,jgrastye9u@microsoft.com,4367835399,Female,$9427.90,HMORO7452T,0,0,0,0
21154372198,Sollie,Blanchette,1991-05-26,sblanchette9v@nationalgeographic.com,3607586064,Male,$6286.79,JQUSV9345X,1,0,0,0
21124601536,Jonathon,Sergison,1972-04-24,jsergison9w@shinystat.com,1506024586,Genderfluid,$3111.24,MWHBO5347Y,0,0,0,0
21116975303,Ethelred,Kuhne,1975-03-03,ekuhne9x@go.com,2152819872,Male,$7942.17,YODQH1862L,0,0,0,0
21153094059,Law,Whyborne,1995-04-22,lwhyborne9y@gov.uk,7182910220,Male,$6697.96,KOUJY2997R,0,0,0,0
21153670488,Saunderson,Klaaassen,1988-06-22,sklaaassen9z@dropbox.com,2505777331,Male,$10206.34,GLRFE5141B,0,0,0,0
21131302692,Electra,Golt,1997-08-23,egolta0@hatena.ne.jp,6608250176,Female,$10399.97,NZDKM9484J,0,0,0,0
21132201837,Cleve,Michieli,1973-07-18,cmichielia1@scientificamerican.com,3508608869,Male,$6295.56,GQRVZ5030E,0,0,0,0
21180138726,Flo,Tinman,2000-09-05,ftinmana2@imageshack.us,8058297625,Female,$10104.31,LRUDB9024F,0,1,0,0
21119475692,Anya,Noyes,1996-06-21,anoyesa3@domainmarket.com,7033597884,Agender,$5687.79,QPSNV5153V,0,0,0,1
21142044392,Adi,Trittam,1982-08-08,atrittama4@indiegogo.com,9031025737,Female,$6117.39,BCOSV4838T,0,0,0,0
21175361818,Cristy,Ivakin,1991-12-09,civakina5@adobe.com,5306766189,Agender,$8405.21,WDWYN3484U,0,0,0,0
21153427295,Minta,Ebbles,1970-10-30,mebblesa6@netscape.com,9938553310,Female,$3527.71,SLJFC3404V,0,0,0,0
21186116748,Goldy,MacChaell,1980-01-21,gmacchaella7@telegraph.co.uk,8039304237,Female,$6472.51,IFXHT7247Y,0,0,0,0
21196467350,Cal,Koomar,1986-09-29,ckoomara8@creativecommons.org,2071401987,Male,$6304.30,BAKOV7293E,0,0,0,0
21106344228,Alexei,Swedeland,1972-03-31,aswedelanda9@jiathis.com,8455596540,Male,$8257.34,YERNH0179W,0,0,0,0
21199263002,Rudd,Whitlam,1962-01-29,rwhitlamaa@nhs.uk,9817170111,Male,$5712.41,HCEJY4965R,0,0,0,0
21100268924,Yoshiko,Forestall,1999-09-27,yforestallab@cnbc.com,7051296128,Female,$8542.97,PQDKR9161N,0,0,1,0
21116411055,Doug,Phizakarley,1976-02-18,dphizakarleyac@webnode.com,6018886789,Male,$2699.91,BBAPI5033Z,0,0,0,0
21156246332,Babara,Mosen,1983-03-31,bmosenad@eepurl.com,6618551645,Female,$8898.07,FJGAU4417E,0,0,0,0
21186216731,Cinnamon,Tomasello,1987-04-15,ctomaselloae@last.fm,2142816484,Female,$4794.40,DQNMV4086Y,0,0,0,0
21136810835,Kat,Cruess,1967-11-26,kcruessaf@msn.com,9597454574,Non-binary,$2814.17,DFSCQ5715X,0,0,0,0
21139690943,Paolo,Spottiswood,1968-08-14,pspottiswoodag@earthlink.net,7059924029,Genderqueer,$7314.15,TRPNK1068A,0,0,0,0
21101206104,Alysia,McMullen,1975-06-03,amcmullenah@tripadvisor.com,3079209335,Female,$5794.74,OEDHB2404Y,0,0,0,0
21118251302,Barty,Collier,1991-02-02,bcollierai@1688.com,9164188696,Male,$4546.77,RBWEB4824L,0,0,1,0
21154841703,Elayne,Gianneschi,1999-08-03,egianneschiaj@miibeian.gov.cn,7744817650,Female,$9194.71,SXYUR1257K,0,0,0,0
21135225586,Cybil,Thexton,1994-01-26,cthextonak@statcounter.com,9768678034,Female,$2791.00,ACTKX5375X,0,0,0,0
21167517361,Leonidas,O'Hickee,1988-11-17,lohickeeal@rambler.ru,1478182479,Male,$6557.40,GNFUT5504O,0,0,0,0
21139787234,Tine,Saunton,1989-03-29,tsauntonam@theguardian.com,1834557947,Female,$9786.11,IQNFV6697P,0,0,0,1
21197887351,Sigismundo,McCaughen,1998-03-29,smccaughenan@sohu.com,8149151160,Male,$5153.68,IKHWD6356O,0,0,0,0
21106795150,Fran,Sayburn,1988-09-14,fsayburnao@dmoz.org,1431501297,Female,$4410.29,GLYIX7381I,0,1,0,0
21148949154,Oliver,Sleeny,1994-01-10,osleenyap@multiply.com,3713293083,Male,$9877.71,PHUNH4943T,0,0,0,0
21141333347,Merrill,Drinkale,1965-03-16,mdrinkaleaq@mysql.com,2878614507,Male,$7504.41,UTNFC0234C,0,0,0,1
21196280329,Esma,Jery,1997-05-12,ejeryar@free.fr,6037928933,Female,$3517.66,DYNUM8871N,0,0,0,0
21142564873,Ernesta,MacNeilage,1995-04-12,emacneilageas@gmpg.org,8135087503,Female,$4882.64,EJQQB5858R,0,0,0,0
21123985203,Bentley,MacCarlich,1979-04-03,bmaccarlichat@liveinternet.ru,1963631513,Male,$6055.30,FXVIN4233W,0,0,0,0
21138973481,Yettie,Pillinger,2000-12-23,ypillingerau@lulu.com,3482727542,Female,$10476.34,PSUMA7113A,0,0,0,0
21120251163,Gabriell,Stoeckle,1979-04-06,gstoeckleav@dropbox.com,5651911150,Female,$5475.34,NRFRM7824G,0,0,0,0
21176950708,Hortense,Brunt,1989-10-15,hbruntaw@jiathis.com,8132544110,Female,$10456.49,YGDUX4499F,0,1,0,0
21128603764,Dolf,Micka,1964-02-28,dmickaax@un.org,3902683801,Male,$6895.73,SFMHP7658N,0,0,0,0
21105801378,Pris,Gallihaulk,1986-07-15,pgallihaulkay@arstechnica.com,3817541631,Female,$4764.53,CGJPL7337Q,0,1,0,0
21162521341,Ofilia,Skellen,1994-10-17,oskellenaz@wired.com,3665075279,Female,$9962.64,YTITT3133D,0,0,0,0
21177678224,Richard,McTrusty,1976-09-28,rmctrustyb0@homestead.com,6602797599,Male,$6910.15,NMWIT5617Y,1,0,0,1
21180922144,Rudiger,Phippard,2000-10-16,rphippardb1@prlog.org,6385390037,Male,$4912.60,YGPMD8952F,0,0,0,0
21119605705,Retha,Frisby,1963-05-23,rfrisbyb2@de.vu,6879097100,Female,$3703.24,DFFYH8811W,0,0,0,0
21196301777,Roobbie,Dinnis,1961-02-09,rdinnisb3@irs.gov,7414595303,Female,$5211.91,ZYVIG1180E,0,0,0,1
21126986880,Claudelle,Abbey,1968-02-21,cabbeyb4@360.cn,1042269317,Female,$7841.13,CPESZ5943E,0,0,0,1
21107729303,Cece,Relph,1970-08-02,crelphb5@geocities.jp,5938539853,Male,$5470.69,KCZJM2297D,0,0,0,0
21104627757,Lindsay,Meaker,1981-08-05,lmeakerb6@miibeian.gov.cn,7689629615,Female,$4026.28,ADOBD3547X,1,0,0,0
21167355178,Tobie,Curtin,1965-11-10,tcurtinb7@printfriendly.com,6509615361,Genderfluid,$6048.45,QSDIX2260R,0,0,0,1
21113420767,Eugine,Trimble,1983-12-18,etrimbleb8@creativecommons.org,8969539757,Female,$3552.96,VOGXV8631W,0,0,0,0
21101688275,Oswell,Carvil,1960-07-11,ocarvilb9@foxnews.com,4252765454,Male,$5232.34,KJCKX5924C,0,0,0,0
21190211141,Algernon,Tanton,1981-04-21,atantonba@bbb.org,2283341122,Male,$10367.10,ZXBGB2617W,0,0,0,0
21122567281,Foster,de Chastelain,1990-04-08,fdechastelainbb@ihg.com,4025675813,Male,$3782.70,RJNNZ1949I,0,0,0,0
21179804530,La verne,Keays,2000-03-30,lkeaysbc@rediff.com,6744612647,Female,$9659.86,VAXIO8494U,0,0,0,0
21124074170,Timotheus,Cappleman,1972-05-10,tcapplemanbd@i2i.jp,2937383898,Male,$7065.30,HBGVK8575N,0,0,0,0
21130516957,Mariellen,Avory,1987-02-27,mavorybe@xrea.com,3319896547,Female,$5621.56,ICRLF7314A,0,0,1,1
21181922433,Barbabas,Selvester,1968-10-13,bselvesterbf@scribd.com,6033350580,Male,$4359.83,FJUAW9562P,0,0,0,0
21159417451,Thacher,Goring,1996-05-12,tgoringbg@boston.com,5246020721,Agender,$7727.71,SUHXS8488M,0,0,0,0
21190502571,Huberto,McKeighan,1967-04-07,hmckeighanbh@apache.org,1853826023,Male,$5621.58,KVNQA4587F,0,0,0,0
21115183993,Gerald,Baynom,1962-04-29,gbaynombi@reuters.com,6952446138,Male,$4271.45,RACRB9923O,0,0,0,0
21121235552,Antonin,Warhurst,1979-09-22,awarhurstbj@pinterest.com,2601370169,Male,$3835.58,UJALE4281E,0,0,0,1
21129863918,Rodolphe,Heaker,1973-03-08,rheakerbk@eepurl.com,2378012561,Male,$3548.12,DSHNF1140T,1,0,0,0
21195237195,Merrill,Corryer,1977-09-27,mcorryerbl@reddit.com,8455638986,Female,$5102.25,ZXLGL5617G,0,0,0,1
21169621278,Dorotea,Bontine,1998-01-16,dbontinebm@bandcamp.com,9856514053,Bigender,$8079.07,DSMZI5852A,0,0,0,0
21122140645,Brittaney,Drugan,1979-10-01,bdruganbn@last.fm,4278924846,Female,$3412.84,GHWLD7444C,1,0,0,0
21178874569,Nora,Lazonby,1966-07-03,nlazonbybo@paypal.com,4323789018,Female,$2514.74,GFCBP4933D,0,0,0,1
21160651085,Ivett,Stean,1978-01-06,isteanbp@cbsnews.com,7812924714,Female,$4102.63,ZJRYC8686Y,0,0,0,0
21171575761,Danila,Kinman,1961-06-13,dkinmanbq@dropbox.com,8686753680,Female,$7909.82,GASZU7911Q,0,0,0,0
21155108619,Harold,Simonaitis,1979-09-03,hsimonaitisbr@bing.com,8161567051,Male,$8231.53,TBVLX7255S,0,0,0,0
21145035412,Darcy,Fahy,1998-05-07,dfahybs@slate.com,3942080273,Female,$2853.26,RHSSD5804U,0,0,0,0
21154976286,Etienne,Wrout,1974-07-12,ewroutbt@stanford.edu,1776595725,Male,$5451.00,KJJMR4069H,0,0,0,0
21197282973,Ileane,Barbara,1972-07-09,ibarbarabu@delicious.com,2347288519,Female,$4711.80,UPYGB9865K,0,1,0,0
21119903843,Grete,Emanuelov,1962-03-08,gemanuelovbv@i2i.jp,3635564659,Female,$6495.47,CKWFQ2940B,0,1,0,0
21134136960,Hayyim,Newarte,1971-06-19,hnewartebw@odnoklassniki.ru,6025619626,Male,$8867.05,YTAJD5904K,0,0,0,0
21183522875,Alvie,Causnett,2000-02-21,acausnettbx@nyu.edu,6051598741,Male,$4424.29,MKBNV5515W,0,0,0,0
21126967147,Cynthy,Kehri,1982-03-03,ckehriby@toplist.cz,6962223786,Female,$3828.94,QUHSY9402G,0,0,0,0
21126639487,Darryl,Pumfrey,1973-04-25,dpumfreybz@chronoengine.com,8761569496,Male,$2768.19,AZTQK8658C,0,0,0,0
21129959529,Cathe,Edington,1993-06-09,cedingtonc0@oaic.gov.au,8703692889,Female,$7365.97,USSZW9990S,0,1,0,0
21148522055,Mata,Bingle,1960-06-04,mbinglec1@jugem.jp,8059245383,Male,$5439.64,MLBLW2663G,0,0,0,0
21182229320,Lindsay,Geoghegan,1972-08-16,lgeogheganc2@booking.com,4832786082,Female,$6070.17,RDINT3982D,0,0,0,0
21160447022,Antonino,Cullington,1996-01-10,acullingtonc3@sohu.com,1004213466,Male,$6892.32,REWSB7726R,1,0,0,0
21123463345,Thornie,Smeall,1983-08-17,tsmeallc4@state.tx.us,3959168474,Male,$5880.12,VDMVU9716X,1,0,0,0
21137570198,Dionis,Epelett,1986-12-22,depelettc5@multiply.com,3126327950,Female,$5580.66,KAHYB1033Q,0,0,0,0
21147282457,Dinny,Huston,1998-02-08,dhustonc6@issuu.com,9412146323,Female,$4253.37,JWQMJ0251B,0,0,0,0
21125450717,Isis,Gall,1985-09-13,igallc7@google.com.hk,2396698632,Female,$4882.95,WZWQG3249M,0,0,0,0
21195852365,Gavra,St. Queintain,1986-06-28,gstqueintainc8@google.it,5752160012,Female,$3224.21,PCKVF3548Y,0,0,0,0
21105855446,Ketty,Bleasdille,1962-07-03,kbleasdillec9@ucoz.com,5177320310,Female,$4896.88,AURGD6006S,0,0,0,0
21116198702,Mae,Larroway,1960-07-29,mlarrowayca@disqus.com,6968558864,Female,$5675.27,FCOFY0396S,0,0,0,0
21186847376,Hagen,Beeching,1993-05-20,hbeechingcb@nbcnews.com,5116283709,Non-binary,$5777.43,IPYQG0104Z,0,0,0,0
21132772540,Mischa,Stuffins,1992-11-07,mstuffinscc@oaic.gov.au,7918867871,Male,$5014.98,BDIJT7062H,0,0,0,0
21107794429,Maxine,Summerson,2000-02-04,msummersoncd@cbsnews.com,5013178153,Genderqueer,$2953.56,WBNFA1998L,1,0,0,0
21154714328,Debee,Grainge,1993-03-22,dgraingece@upenn.edu,9855036879,Female,$3282.03,UQESJ2335D,1,0,0,0
21122474435,Rayner,Hasard,1989-11-14,rhasardcf@goo.gl,8371364724,Male,$3780.35,JKLVT4170U,1,0,0,0
21192771310,Sherilyn,Oxx,1988-05-05,soxxcg@ezinearticles.com,4198898332,Female,$3152.73,CQSON8669J,0,0,0,0
21134981215,Quinn,Norquay,1997-11-06,qnorquaych@utexas.edu,1624824182,Female,$7940.35,GVLSW7860B,0,0,0,0
21140859630,Dagny,Tebbut,1971-02-12,dtebbutci@scientificamerican.com,6029555856,Male,$7760.43,SLGAJ1642P,0,0,0,0
21127661623,Elnore,Seneschal,1989-03-16,eseneschalcj@twitpic.com,2251611600,Female,$7390.96,HOHLY3434A,0,0,0,0
21179738669,Hyacintha,Truelock,1980-03-30,htruelockck@mysql.com,5761051737,Female,$3039.00,GHZCR5871U,0,0,0,0
21140574569,Caresa,Tumini,1990-05-22,ctuminicl@freewebs.com,1027534213,Female,$4905.60,GFHCI1249B,0,0,0,1
21198904387,Antonetta,Rowles,1960-12-08,arowlescm@guardian.co.uk,8621669829,Female,$4819.82,TWTGK8341L,0,0,1,0
21178188023,Jaclin,Salkeld,1992-06-21,jsalkeldcn@delicious.com,9841321448,Female,$10226.78,AUJDT1275Y,0,0,0,0
21145939330,Laurice,Coytes,1992-03-07,lcoytesco@icq.com,1662861890,Polygender,$7529.18,IMEWJ6877C,0,0,0,0
21120524475,Leonore,Maplesden,1966-01-13,lmaplesdencp@hibu.com,5263809322,Female,$3536.15,KOFAJ6215H,0,0,0,0
21189644146,Cecily,Kenrat,1993-02-07,ckenratcq@alexa.com,1798693318,Female,$4098.76,LYKLG4742B,0,0,0,0
21194947582,Ode,Costy,1970-05-28,ocostycr@uiuc.edu,3406377852,Male,$3512.14,JPJOJ4025Y,0,0,0,0
21125696169,Lissi,Doeg,1991-10-06,ldoegcs@over-blog.com,5094004621,Female,$4499.82,ZNSOB1411D,0,0,0,0
21189948480,Townsend,Noel,1962-05-23,tnoelct@over-blog.com,9232122047,Male,$7310.50,PQPZF1924T,0,0,0,0
21149716828,Sissy,Presnell,1997-10-18,spresnellcu@i2i.jp,1359657734,Genderfluid,$7067.36,TPCSV9333G,1,1,0,0
21199992535,Claire,Adderley,1993-12-11,cadderleycv@barnesandnoble.com,6498248743,Male,$7798.67,AYKGU8590X,0,0,0,0
21159865562,Waverley,Fines,1988-08-17,wfinescw@ibm.com,4692587992,Male,$5726.68,UMZEQ3155D,0,0,0,0
21189811695,Chauncey,Jozefowicz,1974-02-11,cjozefowiczcx@salon.com,2152344547,Male,$10480.52,UFELI3722C,0,1,0,0
21183392057,Janice,Lafond,1972-02-01,jlafondcy@discuz.net,9188803324,Female,$8954.90,UKMPT7319G,0,1,0,0
21135811269,Trey,Schwerin,1967-08-22,tschwerincz@stumbleupon.com,3417026340,Male,$6436.31,EYUGC9523B,1,1,0,0
21156020851,Borden,Demeza,1996-03-03,bdemezad0@nytimes.com,1386968880,Male,$4793.12,AVMGY2996A,0,0,0,0
21137825361,Mischa,Chaplin,1997-01-30,mchaplind1@yellowpages.com,3686430933,Male,$6329.04,EGQGW9927L,0,0,0,1
21199795287,Laurene,Cantopher,1982-08-15,lcantopherd2@cbslocal.com,3193269104,Female,$4971.84,UNFVD6205Y,0,0,0,0
21123191859,Rodrick,Shawel,1984-01-02,rshaweld3@hp.com,9674343243,Bigender,$7622.30,IYLVK3149U,0,0,0,0
21194329845,Jaime,Gladeche,1995-03-18,jgladeched4@google.ca,7606976623,Male,$4816.97,PGCEG6295K,0,0,0,0
21119392659,Marigold,Aldred,1996-01-04,maldredd5@yale.edu,8412032457,Female,$6629.35,YBILP5323C,0,0,0,0
21176017129,Neddie,Larderot,2000-01-18,nlarderotd6@examiner.com,4382323505,Genderqueer,$3938.90,VWQWC0849D,1,0,0,0
21123870251,Mischa,Simcock,1988-12-07,msimcockd7@360.cn,8036536491,Male,$5124.74,VAAZF9842Z,0,0,0,0
21191497395,Alfredo,Mackie,1982-09-14,amackied8@livejournal.com,2978864045,Male,$8140.54,ZDETQ1096K,0,0,0,0
21175332596,Meryl,Finch,1973-01-21,mfinchd9@scribd.com,9456097491,Male,$5583.86,XAOZQ2728L,0,0,0,0
21141035698,Payton,Whittle,1991-02-16,pwhittleda@buzzfeed.com,4508452265,Male,$10073.17,ILBCE1384I,1,0,0,0
21116298545,Thaddeus,Streeton,1963-11-28,tstreetondb@ow.ly,6439980111,Male,$10072.18,IYEPE9472A,0,0,0,0
21126846505,Sosanna,Mazin,1995-05-29,smazindc@utexas.edu,9235905340,Female,$9184.30,VZDBY8790Q,0,0,0,0
21176112586,Paton,Robun,1997-12-12,probundd@intel.com,6507091173,Male,$5700.57,MNDDS4069T,0,0,0,0
21196560474,Carly,Hammerton,1961-02-14,chammertonde@bloglines.com,9449137391,Male,$9330.27,UTRSX1430S,0,0,1,0
21191851108,Othella,Lethebridge,1969-06-09,olethebridgedf@boston.com,1086526483,Non-binary,$4317.45,SYHQO0954T,0,0,0,0
21121858119,Arvy,Stanfield,1986-10-07,astanfielddg@pagesperso-orange.fr,2169250099,Male,$8552.69,QPEWP8592X,1,0,0,0
21125262792,Marcelline,Fielder,1982-02-03,mfielderdh@apple.com,5574218397,Female,$7898.37,WLUWE9544O,0,0,0,1
21107963870,Abagail,Bolmann,1971-03-14,abolmanndi@princeton.edu,5369035034,Female,$5675.88,QRESB7810Q,0,0,0,0
21151068226,Willy,Shales,1966-06-15,wshalesdj@pinterest.com,8487001205,Female,$6960.19,JGSLI9117H,0,0,0,1
21182635329,Mirilla,Ausiello,1980-11-23,mausiellodk@fastcompany.com,9508573141,Female,$7083.98,CUSZP2599Y,0,0,0,0
21127003023,Starlin,Tuckley,1983-03-17,stuckleydl@bloomberg.com,8921562513,Female,$5808.39,JLSZU2821Y,0,0,0,0
21132833080,Conan,Roseborough,1986-02-18,croseboroughdm@multiply.com,1609755963,Male,$3102.69,PLKKG0167R,1,0,0,0
21125492623,Steven,Memory,1969-04-12,smemorydn@skype.com,3895053798,Polygender,$8551.97,KWZGX4834J,0,0,0,0
21124720475,Andrey,Witherington,1967-01-17,awitheringtondo@oaic.gov.au,7385802751,Male,$8774.71,RRTTI9252Y,1,0,0,0
21191229064,Thurston,Ballston,1963-06-01,tballstondp@icio.us,3223602768,Male,$10124.65,WSRBV0791Z,0,1,0,0
21105136858,Kata,Latchmore,1983-04-17,klatchmoredq@wunderground.com,4408277062,Female,$7034.07,HPTDS7950T,0,0,0,0
21180862021,Riobard,Kinghorn,1998-03-05,rkinghorndr@tamu.edu,9198753359,Male,$5050.46,YTPEF3161P,0,0,0,0
21159857284,Sela,Tidman,1999-06-17,stidmands@addtoany.com,1499662934,Female,$9189.70,HDNBB3284J,0,1,0,0
21154991038,Florence,Baskeyfied,1991-03-15,fbaskeyfieddt@quantcast.com,6424067316,Female,$8869.15,OROAZ9543T,0,0,0,0
21192733158,Janet,Chazotte,1976-11-15,jchazottedu@princeton.edu,9645469727,Female,$4639.91,RRGNR5618S,1,0,1,0
21128105756,Selinda,Weiss,1985-10-31,sweissdv@google.cn,1444132668,Female,$5818.29,WUSLG7918N,0,0,0,0
