CIF Id,first_name,last_name,DOB,email,Mobile No,gender,Salary,PAN,Credit Card,Home Loan,Car Loan,Insurance
21231085865,Joanie,Delucia,1995-04-26,jdelucia0@senate.gov,1364097024,Female,$6993.86,DQDPO7022U,0,0,0,0
21240909911,Barnett,Seyfart,1994-04-03,bseyfart1@newsvine.com,4861756565,Male,$9905.07,ECSIJ1566I,1,0,0,0
21253288591,Diahann,Lindop,1961-01-13,dlindop2@barnesandnoble.com,8428919318,Female,$3439.76,IMARS5660D,1,0,0,0
21278588117,Marten,Smidmor,1963-03-05,msmidmor3@hugedomains.com,3229433101,Male,$3385.10,IFXIM5964Q,0,0,0,0
21246766454,Mala,Ley,1978-02-13,mley4@drupal.org,3014721903,Bigender,$2674.11,GBRWT6076N,0,0,0,0
21252631803,Silvie,Vasilik,1972-03-07,svasilik5@xrea.com,2404050326,Female,$4518.15,FXGFN5012T,0,0,0,1
21255850920,Samuele,Hallworth,2001-01-01,shallworth6@meetup.com,6423825642,Male,$8698.23,ASIEQ9754E,0,0,0,0
21230977715,Gregorius,Rieme,1967-07-09,grieme7@theguardian.com,7813025491,Male,$8408.52,RNPOS2891L,0,0,0,0
21263928629,Sigfried,Bredgeland,1994-02-12,sbredgeland8@yellowbook.com,2448832775,Male,$5192.68,ZWSRE6404M,0,1,0,0
21282011643,Ceciley,Sidney,1975-05-29,csidney9@reference.com,5874806010,Female,$6443.27,WJGZG2584A,1,0,0,0
21245638630,Bartlet,Hearns,1986-08-10,bhearnsa@wikipedia.org,1101215001,Male,$9643.39,AEQUN8387F,0,0,0,0
21290564915,Veradis,O' Mullane,1968-06-09,vomullaneb@google.cn,1798198544,Female,$6559.38,SUPDH7700E,0,0,0,0
21281034159,Jude,Ramel,1961-01-28,jramelc@sogou.com,6501969801,Male,$6856.95,ECQRM3838D,0,0,0,0
21270644440,Sheila,Yglesia,1998-09-02,syglesiad@boston.com,2351836952,Female,$5885.76,SJISB4178T,0,0,0,0
21216615966,Julius,Staniford,1971-06-17,jstaniforde@jimdo.com,7003083752,Male,$2716.05,RCYIQ3425H,0,0,0,0
21247694029,Aila,McBayne,1995-05-08,amcbaynef@booking.com,4894270031,Female,$9201.87,KSSKZ7627L,0,0,0,0
21278974388,Adelle,Raw,1960-11-22,arawg@bbb.org,1865382066,Female,$5887.82,UENPR0345I,0,0,0,1
21262322795,Bree,Janovsky,1997-08-02,bjanovskyh@deliciousdays.com,8166102968,Female,$4403.88,JYOZW2569O,1,0,0,0
21254888387,Elaina,Tantum,1986-01-09,etantumi@biglobe.ne.jp,1491049867,Female,$3742.72,XBGUZ7665O,0,0,0,0
21277853612,Lauryn,Bussetti,1988-06-14,lbussettij@constantcontact.com,8893664250,Female,$2907.92,VRLVS8922J,1,0,0,0
21214078149,Isabelle,Iacovaccio,1965-06-17,iiacovacciok@google.pl,9687909070,Female,$5428.88,ZVMAI2320N,0,0,0,0
21293686733,Sandy,Khadir,1965-12-13,skhadirl@patch.com,2042654191,Male,$8197.13,BTIPJ7790T,1,0,0,0
21298812175,Colly,Fellona,1981-04-24,cfellonam@example.com,4722233643,Female,$5149.87,SFHSS0583T,1,0,0,0
21211898126,Antonin,Pearce,1997-07-18,apearcen@virginia.edu,8957082423,Male,$4224.23,LCGDD6415H,0,0,1,0
21295301913,Malissa,Jeckell,1966-02-21,mjeckello@sbwire.com,5235106583,Female,$9915.35,OLIEE0599T,0,0,0,0
21210517100,Adamo,Curm,1988-12-25,acurmp@purevolume.com,7772774967,Male,$3573.43,LEMTL3697Z,0,0,0,0
21238400363,Cordie,Scoggans,1984-12-02,cscoggansq@sciencedirect.com,9735056875,Male,$7270.16,EMZZA3375D,0,0,0,0
21235800390,Garner,Tomblett,2000-07-18,gtomblettr@house.gov,7106052394,Male,$5151.63,EDBZQ0063C,0,0,0,1
21223903242,Petronille,Heakey,1997-06-17,pheakeys@oakley.com,1177915450,Female,$5712.82,PYOCD1311K,0,0,0,0
21214952663,Clementina,Donn,1964-05-12,cdonnt@dion.ne.jp,2328241907,Female,$8908.25,UEUQG1471K,0,0,0,0
21225143669,Benji,Chamley,1993-03-03,bchamleyu@cisco.com,3486308821,Male,$6381.08,ZUIPC5703Q,1,0,0,0
21282716167,Calvin,Clubb,1990-01-27,cclubbv@imageshack.us,1891458787,Male,$2664.77,CPCLD7530F,0,0,0,0
21258676091,Der,Storror,1973-07-09,dstorrorw@hostgator.com,6845227787,Male,$4867.16,XJPJO5003L,0,0,0,0
21204580272,Lucretia,Biasioni,1973-12-26,lbiasionix@multiply.com,3259326638,Female,$9216.44,CXLBR6134J,1,0,0,0
21223642286,Greer,Androletti,1975-11-26,gandrolettiy@baidu.com,3301019215,Female,$3546.32,ABTAO4210J,0,0,0,0
21223550536,Tybalt,Gascoigne,1985-11-12,tgascoignez@sakura.ne.jp,4349609151,Male,$4503.97,CPYGS5383A,0,0,0,0
21280463610,Hagen,Grafham,1996-11-25,hgrafham10@amazonaws.com,8955369609,Male,$5136.05,UAFWR1809W,0,1,0,0
21225764053,Wald,Neles,1962-05-23,wneles11@altervista.org,8153481456,Male,$10320.71,WVYZI7578E,0,0,0,0
21253068442,Bordy,Mordey,1998-12-28,bmordey12@slashdot.org,4662309727,Male,$7342.72,LSPKV2397J,1,0,0,0
21222927431,Harriett,Roma,1991-10-27,hroma13@sphinn.com,1044611827,Female,$5726.70,NUUDC4773A,0,0,0,0
21230582282,Amble,MacMenamie,1967-09-22,amacmenamie14@merriam-webster.com,5607625127,Male,$9353.04,QXOMI7411F,0,0,0,0
21243589732,Phillie,Stefanovic,1986-09-10,pstefanovic15@studiopress.com,8028948966,Female,$3560.88,IPOGO6975J,0,0,0,0
21288060678,Minnnie,Bere,2000-12-14,mbere16@i2i.jp,4865348935,Female,$3298.33,WQVTE7211J,0,0,1,0
21243365492,Terence,Janowski,1971-06-14,tjanowski17@nih.gov,6717784756,Male,$6955.84,PJFJC9085K,0,0,0,0
21252598383,Katee,Shingler,1966-06-25,kshingler18@flavors.me,4795747450,Female,$7016.21,UQFCK0060A,0,0,0,0
21230732927,Marcelline,Bucktrout,1960-09-24,mbucktrout19@accuweather.com,3615329920,Female,$8361.40,IANAL2466K,0,0,0,0
21204484683,Hildagard,Jacson,1988-03-25,hjacson1a@java.com,9073730505,Female,$8404.77,UOKIE8406U,0,0,0,0
21272629069,Erhart,Whatford,1967-04-22,ewhatford1b@seesaa.net,4433932257,Male,$7263.17,BHYLJ2108J,0,0,0,0
21218251141,Happy,Shinfield,1987-07-20,hshinfield1c@flavors.me,6912042654,Female,$8986.12,OPIXY9344D,0,1,0,1
21215674248,Angelique,Loudiane,1994-08-29,aloudiane1d@csmonitor.com,1283464304,Non-binary,$4968.63,LKYFF7055C,0,0,0,1
21286179636,Blancha,Cristofari,1978-03-12,bcristofari1e@cisco.com,8802969330,Female,$10074.92,XFLKU4712N,0,0,0,0
21289348335,Alena,Ledgister,1978-01-16,aledgister1f@ehow.com,8274439322,Female,$3646.96,DIANF4301K,0,0,0,0
21276581410,Lyndsie,Rackham,1995-08-08,lrackham1g@pbs.org,3005864193,Female,$6051.19,OQPZG9465F,1,0,0,0
21262572384,Pamella,Band,1977-07-10,pband1h@timesonline.co.uk,1952392851,Female,$8896.01,VKTCX8527I,0,0,0,0
21216073283,Marybeth,Puckrin,1975-12-10,mpuckrin1i@odnoklassniki.ru,5192601642,Female,$5765.35,UKBDE7523E,1,0,0,0
21274774061,Valaree,Chevin,1985-09-28,vchevin1j@google.com.br,3484836014,Female,$9874.30,ICOGP5242H,0,0,0,0
21289256021,Matti,Borrington,1982-03-07,mborrington1k@time.com,6971132094,Female,$3102.63,DLBMA9865A,0,0,0,0
21214598698,Blythe,Cawthron,1970-01-08,bcawthron1l@omniture.com,7714341807,Female,$3915.62,RFUID6902T,0,0,0,0
21273865372,Georgetta,Paddell,1976-01-27,gpaddell1m@deviantart.com,4277869961,Female,$10368.99,OGPLY9243M,1,0,0,0
21279356290,Trey,Pipet,1974-06-28,tpipet1n@rakuten.co.jp,7207303426,Genderqueer,$6160.07,BDFKV5977T,0,0,0,0
21267663825,Murry,Sergant,1997-11-26,msergant1o@discovery.com,4128416208,Male,$4411.99,PXZEQ1198P,0,0,0,0
21242836147,Sansone,Galego,1979-02-01,sgalego1p@mac.com,2736441208,Male,$6275.16,EIDDT9262H,0,0,0,0
21291928423,Gratia,Mayling,1997-09-30,gmayling1q@state.tx.us,7842316079,Female,$6744.36,CFBQF7376N,0,0,0,1
21225625759,Helyn,Varsey,1996-01-22,hvarsey1r@ibm.com,6835927129,Genderqueer,$5349.00,QVTNJ7957A,0,0,0,1
21278900141,Corine,Abramino,1973-05-29,cabramino1s@bloomberg.com,6966116084,Female,$9602.21,IYUKI6747V,0,0,0,0
21270122438,Joete,Drioli,1992-02-02,jdrioli1t@tinypic.com,5302065192,Female,$9875.19,OWQWG2424H,0,0,0,0
21238851548,Norry,Bowick,1997-09-28,nbowick1u@gravatar.com,4399412450,Male,$7415.70,EROWY7977J,0,0,0,0
21228470455,Emlynn,Kidney,1963-08-10,ekidney1v@amazonaws.com,8859041840,Female,$7345.28,UXQTS2438U,0,0,0,0
21250191850,Mario,Maha,1977-12-13,mmaha1w@elpais.com,7503440660,Non-binary,$2956.98,AVCAX6102J,0,0,0,0
21273708619,Billie,Nitto,1966-05-16,bnitto1x@amazonaws.com,2329466257,Male,$5658.61,DCNTA9498F,1,0,0,0
21232211584,Gayel,Kirkwood,1996-02-28,gkirkwood1y@surveymonkey.com,1896835806,Female,$5732.27,YNXKY8685F,0,0,0,0
21206237657,Margette,Wildblood,1982-09-04,mwildblood1z@netvibes.com,2793461620,Female,$3064.72,LISKW0263U,0,0,0,1
21205740415,Bessy,Cicullo,1982-09-29,bcicullo20@friendfeed.com,7492472879,Genderqueer,$6909.29,UAQIL9531Z,0,0,0,0
21218922001,Olimpia,Karlqvist,1980-08-01,okarlqvist21@msu.edu,9588499646,Female,$2714.75,MNGWZ0623W,0,0,0,0
21235181752,Othello,Cussen,1963-01-10,ocussen22@nba.com,1586576992,Male,$3061.74,ALHTJ5160J,0,0,0,0
21240119451,Dale,Tamas,1987-07-16,dtamas23@printfriendly.com,3192617717,Male,$3822.48,PPVTD8674Q,1,0,0,0
21258838488,Hugues,Thay,1997-11-22,hthay24@chicagotribune.com,9215280575,Male,$4238.69,QOCUA1909R,0,0,0,0
21281783083,Kearney,McRuvie,1981-07-12,kmcruvie25@aboutads.info,7524911886,Male,$9483.95,CQCAU3189W,0,0,0,0
21234779604,Rube,Gorgler,1992-11-26,rgorgler26@zdnet.com,9174040316,Male,$9762.34,FLXRS5478H,0,0,0,0
21275943652,Rosabel,MacKniely,1990-06-25,rmackniely27@indiatimes.com,5803710938,Female,$6634.99,AZPHD2204N,0,0,0,0
21281358477,Elton,Emmet,1982-02-28,eemmet28@businessinsider.com,6841086044,Male,$6436.32,CMSLA1896Q,0,0,0,0
21214783847,Donnamarie,Murtagh,1966-11-12,dmurtagh29@mediafire.com,4235239829,Female,$9877.99,GTUUO2729E,0,0,0,0
21221261184,Yankee,Catling,1961-12-10,ycatling2a@freewebs.com,2518654256,Male,$9278.92,SDFYJ6902R,0,1,0,0
21256126943,Bill,Wince,1961-11-14,bwince2b@diigo.com,8448241595,Male,$8106.62,GWZBZ0923K,0,0,0,0
21293617764,Joseito,Pessler,1982-09-24,jpessler2c@ustream.tv,7809116318,Male,$9743.79,ULUQH1649L,0,0,0,0
21273057032,Humfrey,Adamowicz,1960-04-17,hadamowicz2d@europa.eu,2116151777,Male,$2892.89,AJERM2019X,0,0,0,0
21295567822,Nap,Willimot,1994-04-12,nwillimot2e@dmoz.org,6303342769,Bigender,$10208.58,LTQZW6735D,0,0,0,0
21246604020,Timothy,Tabrett,1984-03-28,ttabrett2f@blogspot.com,9828457912,Male,$3229.75,JYGKF7970B,0,0,0,0
21273790523,Abbey,Mullany,1994-07-14,amullany2g@aboutads.info,9145911163,Male,$5871.57,PMWLX8682R,0,0,0,0
21215504177,Fabio,Topling,1995-07-27,ftopling2h@umich.edu,6099311515,Male,$3033.51,ANVHF4319K,0,0,0,0
21230789433,Josephine,Innot,1989-10-01,jinnot2i@oakley.com,6077197320,Female,$7399.78,RITFW6101G,0,1,0,0
21268179401,Aylmar,Cucuzza,1979-10-10,acucuzza2j@vkontakte.ru,5659359274,Male,$8285.18,XIKDH3204C,0,0,0,0
21230580804,Rozina,Bulmer,1962-03-01,rbulmer2k@facebook.com,1759349826,Female,$2677.81,QJQHX5247O,0,0,0,0
21276149234,Artus,Daybell,2000-11-24,adaybell2l@printfriendly.com,1627787084,Male,$4270.70,XKQRO1047F,0,0,0,0
21289541549,Sheffie,Buttner,1998-07-12,sbuttner2m@earthlink.net,9234423236,Male,$5241.30,BDLFZ8723S,0,0,0,1
21226236216,Marya,Huckerby,1975-02-13,mhuckerby2n@skyrock.com,1573230195,Female,$5988.13,QNFCX0626M,0,0,0,0
21255593879,Orlan,Callaway,1999-11-18,ocallaway2o@4shared.com,1365846336,Bigender,$3378.18,YRLDG7066A,0,0,0,0
21250950688,Jackie,Reignould,1987-07-30,jreignould2p@comcast.net,2487872525,Male,$8181.58,IHAHS1135N,0,0,0,0
21227409451,Davine,Henlon,1995-10-22,dhenlon2q@irs.gov,5568339836,Female,$3965.22,XUXTX9220A,0,0,0,0
21217960124,Alena,Seaward,1974-12-27,aseaward2r@google.it,9771368575,Female,$7607.10,XMVZL7167W,0,0,0,0
21250790144,Barri,Kettel,1994-12-07,bkettel2s@surveymonkey.com,5248640758,Polygender,$5005.46,IGJJW2346O,0,0,0,0
21217107063,Rog,Arkwright,1976-10-05,rarkwright2t@sciencedirect.com,4091985215,Male,$10075.70,GKPZX2891Z,0,0,0,0
21280262738,Manon,Huish,1977-03-21,mhuish2u@usnews.com,4944979522,Agender,$6607.18,DJKEO0512C,0,0,0,0
21250018043,Burlie,Goodbarr,1970-08-30,bgoodbarr2v@vistaprint.com,2926028366,Male,$8768.50,WVFWJ8945H,0,0,0,0
21213105540,Bob,Gruszczak,1987-11-30,bgruszczak2w@histats.com,2406513651,Male,$3714.95,ICAZS2717P,0,0,0,0
21294810739,Hermione,Gother,1974-07-11,hgother2x@netvibes.com,1267040763,Agender,$5838.47,SKTNN4798H,1,0,0,0
21201022174,Stan,Grafhom,1982-03-06,sgrafhom2y@mediafire.com,4467729714,Male,$7341.56,OTWKU7975W,1,0,0,0
21218891232,Laurel,Cranmore,1980-11-04,lcranmore2z@kickstarter.com,4353271436,Female,$4902.08,LFWDH2694Q,0,0,0,0
21258785212,Daniele,Clemensen,1980-04-15,dclemensen30@sakura.ne.jp,4501464307,Female,$4536.30,DKWZQ3406G,0,1,0,1
21215274174,Rollins,Polland,1975-10-12,rpolland31@latimes.com,9522251063,Male,$9924.93,TSMLO1956K,0,0,0,0
21224931927,Dar,Sloat,1996-11-12,dsloat32@csmonitor.com,8705413167,Male,$5700.93,GZEXO0790D,1,0,0,0
21231935294,Kenny,Theobalds,1987-08-03,ktheobalds33@mapy.cz,3792992839,Male,$9824.57,UHPVX2262T,0,0,0,0
21250305847,Wheeler,Wakelam,1980-03-04,wwakelam34@woothemes.com,7201716288,Male,$6440.42,VPCGR1850G,0,0,0,0
21220042840,Ella,Habin,1967-02-13,ehabin35@goodreads.com,9484882484,Female,$6917.17,AWULW0893W,0,0,0,0
21255677437,Corissa,Lalley,1997-08-19,clalley36@arizona.edu,5123163137,Female,$4314.53,GNHNB4824G,0,0,0,0
21296975576,Nalani,Auguste,1993-04-05,nauguste37@europa.eu,8376778763,Female,$2863.33,XGJSQ2849N,1,0,1,0
21201837522,Lucinda,Minshull,1964-09-25,lminshull38@cargocollective.com,2891749414,Female,$7092.50,GYPDN4985D,0,0,1,0
21250484765,Waite,Dowall,1970-06-13,wdowall39@angelfire.com,7161767642,Genderqueer,$5518.93,XDRLS5987R,0,0,0,0
21242377057,Julieta,Giacomucci,1996-04-10,jgiacomucci3a@t.co,9733258533,Female,$8446.87,YSPWO7577I,0,0,0,0
21216659871,Pearline,Housley,1969-02-05,phousley3b@ihg.com,6311828969,Female,$4114.38,ICIRB6872J,0,0,0,0
21279924285,Jorie,Scourgie,1969-09-11,jscourgie3c@netvibes.com,4771616683,Female,$5072.48,QCXFS8311V,0,0,0,0
21289386876,Donnie,Turrill,1977-10-03,dturrill3d@japanpost.jp,7975960259,Female,$8915.09,SOIAU0506J,0,0,0,0
21214562560,Pammy,Armit,1968-01-23,parmit3e@dion.ne.jp,7053897720,Female,$8506.93,MCRKC4076B,0,0,0,0
21296098645,Davidde,Sturgis,1998-02-05,dsturgis3f@cargocollective.com,9413208796,Male,$7154.01,JKRBM5276T,0,0,0,0
21294447010,Billie,Jost,1972-01-06,bjost3g@aol.com,6868645435,Male,$3478.59,TMORD1375N,0,0,1,0
21288928817,Bearnard,Horsewood,1962-03-28,bhorsewood3h@admin.ch,9187687912,Male,$4117.83,WJDQL2560L,0,0,0,0
21270468704,Bethena,Vanichkov,1987-10-18,bvanichkov3i@so-net.ne.jp,5806284581,Female,$9464.57,QCSEM6672A,0,0,0,0
21224674016,Ikey,Cluse,1988-11-10,icluse3j@marketwatch.com,2554798130,Male,$2796.12,VCZSR6586M,0,0,0,0
21230219239,Leah,Forri,1975-07-10,lforri3k@hp.com,5227190111,Female,$5123.19,GYCAO5412J,0,0,1,0
21278397826,Giustino,Coumbe,1974-09-16,gcoumbe3l@discovery.com,4485992524,Male,$10136.06,YCXWH8419D,0,0,0,1
21297202200,Layla,Sherrin,1992-11-21,lsherrin3m@hexun.com,1055469363,Female,$4999.46,DWZQB7293Z,0,1,0,0
21221593618,Donnajean,Gilluley,1995-01-19,dgilluley3n@tmall.com,7023256393,Polygender,$10043.30,LUYOO2471Y,0,0,0,0
21286730740,Alwin,Mixworthy,1992-11-02,amixworthy3o@typepad.com,9705985405,Male,$3602.65,VIQTD7806T,0,0,0,0
21212610851,Pancho,Schulter,1998-10-17,pschulter3p@examiner.com,5228002000,Male,$3031.81,CJALG1119F,0,0,0,0
21258674176,Ugo,O'Dee,1975-11-12,uodee3q@engadget.com,2146398456,Male,$3425.77,AQEPH8729D,0,0,0,0
21213514657,Prudy,Husby,1983-01-09,phusby3r@acquirethisname.com,3617677402,Female,$6796.41,EASYX7273I,0,0,0,1
21275461657,Daphne,Fetters,1967-09-29,dfetters3s@quantcast.com,4367794589,Female,$3376.99,RMQYX6777G,0,0,0,0
21270744022,Aleda,Patey,1997-11-30,apatey3t@blinklist.com,2901965070,Female,$4828.24,MPIXS6017S,0,0,0,0
21280194590,Ardath,Sloyan,1965-01-22,asloyan3u@businessinsider.com,7134433705,Female,$10303.64,MAJHS6796J,0,0,0,0
21293444478,Pall,Pastor,1996-05-28,ppastor3v@i2i.jp,7937214203,Male,$9277.74,YUXOU7682U,1,0,1,0
21286279133,Ava,Edsell,1991-11-28,aedsell3w@yale.edu,1675019930,Female,$9565.84,FPXCR7665S,0,0,0,0
21207757215,Demetrius,Lambillion,1984-01-09,dlambillion3x@forbes.com,6791930950,Male,$9697.95,NYJXD6245U,0,1,0,0
21221027188,Lyn,Ojeda,1975-04-15,lojeda3y@tuttocitta.it,2177305202,Female,$4003.28,LZIPU8106W,0,0,0,0
21256038768,Roselle,Pound,1985-06-16,rpound3z@delicious.com,7486631302,Female,$2574.55,IVSSC2188T,1,0,0,1
21292400723,Abran,Jennick,1969-09-13,ajennick40@alexa.com,9706535902,Male,$8248.15,MQLWD3085C,0,0,0,0
21264531373,Anastasie,Bellson,1963-08-02,abellson41@sohu.com,1219691251,Female,$3679.23,RXDKQ6452J,1,0,0,0
21274323179,Yehudit,Gillanders,1972-12-02,ygillanders42@squarespace.com,5087966818,Male,$8328.43,MIQQA9429O,0,0,0,0
21248941460,Nial,McQuirk,1984-09-29,nmcquirk43@blogtalkradio.com,4816769662,Male,$5019.89,HKOEO6587W,0,0,0,0
21270363804,Jules,Becerro,1971-11-08,jbecerro44@reference.com,7081457039,Agender,$7187.34,CSRND5291N,0,0,0,0
21235796079,Ray,Kisting,1977-05-01,rkisting45@google.nl,9306436581,Male,$4236.62,WUSGF1076Q,0,0,0,0
21205527889,Joice,Sharp,1977-11-09,jsharp46@vinaora.com,7945022203,Female,$6645.88,XXEUF4946B,0,0,1,0
21298469901,Cristobal,Bottle,1987-08-12,cbottle47@wsj.com,6638098361,Male,$5582.51,XOUWI7934B,1,0,0,0
21213403835,Xerxes,Briscow,1963-06-27,xbriscow48@abc.net.au,5859462715,Male,$3368.81,EXAIB8218H,0,0,0,0
21223784792,Sofie,Joseff,1993-09-12,sjoseff49@forbes.com,8079273060,Agender,$5497.46,GDKQD0444A,0,0,0,0
21232830111,Elinor,Revelle,1969-12-10,erevelle4a@fastcompany.com,4944755482,Female,$3829.85,XVNMX8986P,0,0,1,0
21244487046,Sybila,Senten,1980-02-24,ssenten4b@arstechnica.com,4286008185,Female,$6593.49,BXYOU0368K,0,0,0,0
21238195529,Robb,Earland,1991-05-11,rearland4c@barnesandnoble.com,6072341746,Male,$5336.41,FNDPK8524M,0,0,0,0
21268901531,Kaleb,Savell,1994-02-26,ksavell4d@amazon.com,9147661869,Male,$5095.99,HYNEN3018R,0,0,0,0
21247462669,Sal,Deport,1994-01-26,sdeport4e@wix.com,8556818360,Male,$4286.18,RPASQ0904Q,0,0,0,1
21200317497,Quincey,Crookes,1978-04-15,qcrookes4f@dot.gov,1026508069,Non-binary,$6461.73,TVWFP7812X,0,0,0,0
21268195089,Keely,Monshall,1995-10-28,kmonshall4g@skyrock.com,6663662490,Female,$10000.83,EMRPD0137X,0,0,0,0
21241951934,Hermia,Agnolo,1968-12-22,hagnolo4h@sitemeter.com,9779196897,Female,$7308.77,OSCCJ0014B,1,0,0,0
21272073439,Bertrando,Kalkofen,1971-01-11,bkalkofen4i@deliciousdays.com,4068244021,Male,$5396.33,RYTRG0132R,0,0,0,0
21261481880,Tristan,Linck,1997-06-19,tlinck4j@newsvine.com,3826615762,Male,$8577.22,UQVZA7321A,0,0,0,0
21223691880,Betti,Marunchak,1985-01-08,bmarunchak4k@digg.com,9759354792,Female,$7475.40,CBZZG6112X,0,0,0,0
21267858935,Minnaminnie,Carlesi,1990-01-03,mcarlesi4l@about.com,9216193389,Bigender,$8030.64,TAWZT2433X,0,0,0,0
21265499484,Peyton,Clappson,1988-12-21,pclappson4m@newyorker.com,5384345790,Male,$7359.00,KYPGB3396I,0,0,0,0
21211699288,Caspar,Whimp,1971-03-06,cwhimp4n@weibo.com,2553100492,Male,$5963.44,QYIJQ3322Y,0,0,0,0
21290833572,Innis,Cranefield,1994-11-20,icranefield4o@chicagotribune.com,8973046689,Male,$3786.62,ZEINC8951I,1,0,0,0
21209680052,Katrinka,Moth,1972-10-24,kmoth4p@craigslist.org,5857518889,Polygender,$6160.90,OWWEA7916G,0,0,0,0
21247711444,Madeleine,Lounds,1971-05-25,mlounds4q@chron.com,7026338507,Female,$6775.01,ISYEW1087F,0,0,0,0
21250556305,Jard,Andrassy,1970-07-11,jandrassy4r@google.pl,9496616385,Male,$8732.38,KATTV5916I,0,0,0,0
21276317076,Norine,Monnoyer,1992-02-16,nmonnoyer4s@feedburner.com,4759273082,Female,$9345.91,SGKXU0209V,0,0,1,0
21259600229,Juliette,Tuddall,1998-04-24,jtuddall4t@quantcast.com,8442224237,Female,$9379.47,AYFLN3226E,0,0,0,0
21298516951,Saba,Slyne,1970-10-05,sslyne4u@blinklist.com,1812043555,Female,$6825.16,ZNXHZ3877N,0,1,0,0
21211229022,Hester,Checkley,1989-04-17,hcheckley4v@unesco.org,4354359179,Female,$4128.74,ALULB7419D,0,1,0,0
21288048411,Cobbie,Markussen,1976-05-14,cmarkussen4w@businessweek.com,7332127274,Male,$8454.21,BNRLU3439F,0,1,0,0
21254876113,Hollyanne,Dear,1981-11-12,hdear4x@freewebs.com,7221806211,Non-binary,$9464.91,YUXLR7533T,0,0,1,1
21273048506,Danny,Creer,1962-04-20,dcreer4y@fc2.com,4273671475,Male,$10041.45,TJRIC0035K,1,0,0,0
21293032515,Riki,Probyn,1996-11-17,rprobyn4z@unicef.org,1426295764,Female,$9275.75,PWCKN5344N,0,0,0,0
21244430633,Dilly,Cholmondeley,1987-07-25,dcholmondeley50@ovh.net,7458881132,Genderqueer,$9416.30,IEGKY7403M,0,0,0,0
21224145183,Nanette,Cicculi,1988-12-19,ncicculi51@yale.edu,3846784549,Female,$5105.62,KYGBB3562R,1,0,0,0
21283229316,Carey,Morriarty,1973-04-13,cmorriarty52@apache.org,9904202638,Male,$6113.61,GVNTT7297M,0,1,0,0
21280508748,Guglielmo,Gouldthorpe,1988-11-13,ggouldthorpe53@bravesites.com,4798012957,Male,$4899.32,EOYIT6817U,0,0,0,0
21230036716,Allegra,Gaskarth,1994-12-01,agaskarth54@bigcartel.com,2236237699,Female,$2919.38,UYNOB9455I,0,0,0,0
21278323243,Aile,Gailor,2000-09-05,agailor55@ftc.gov,7826541531,Polygender,$9211.00,IOVAK9267L,0,0,0,1
21219894646,Nowell,Dell Casa,1969-01-30,ndellcasa56@wix.com,4556643116,Male,$8163.65,SIUNH6949O,0,1,0,0
21289256662,Cecil,Liddon,1969-06-03,cliddon57@w3.org,4366978283,Male,$8018.17,PWNYA4559E,0,0,0,1
21202325018,Erroll,Fellona,1988-05-10,efellona58@ibm.com,3948037124,Male,$8705.13,UJLHZ7925X,0,0,0,0
21245288650,Eal,Havick,1962-05-23,ehavick59@wiley.com,6118448674,Male,$8230.26,HVQDZ2448Y,0,0,0,0
21257841295,Washington,Heaps,1963-10-17,wheaps5a@blinklist.com,7665144905,Male,$3516.77,OWEQM2657B,1,0,0,0
21256340210,Jessalyn,Bison,2000-12-27,jbison5b@dyndns.org,2345594518,Female,$5860.01,ECNGG4320B,0,0,0,0
21248052961,Bertina,Moniker,1977-09-28,bmoniker5c@google.com.au,9238989392,Female,$3502.58,AJGRW6107Q,0,0,0,0
21268249051,Dasie,Kropp,1973-01-08,dkropp5d@1688.com,6058565702,Bigender,$8994.16,UPPPF9119M,0,0,0,0
21207447520,Jennee,Paolacci,1984-01-29,jpaolacci5e@gravatar.com,3953487581,Female,$6680.98,AFWYH0350X,0,0,0,0
21211416967,Turner,Sorensen,1984-10-13,tsorensen5f@eventbrite.com,4396299859,Male,$9488.70,NDZWD9705E,0,0,0,0
21284574174,Hurley,Knappitt,1976-08-09,hknappitt5g@weebly.com,7498064790,Male,$8417.68,JBXMD4890V,0,0,0,0
21267467190,Wyatan,Treadgear,1961-11-24,wtreadgear5h@newsvine.com,3029311704,Male,$4669.87,NCVRL9615N,0,0,0,0
21230967427,Derrik,Bonin,1962-05-15,dbonin5i@businessinsider.com,2043075788,Male,$8147.22,DVCME8011L,0,0,0,0
21296513583,Dionis,Pakenham,1972-10-12,dpakenham5j@youtu.be,2483212274,Female,$4756.05,ICUAH6556S,0,0,0,0
21292923613,Lydia,Southers,1967-03-22,lsouthers5k@topsy.com,9343812662,Female,$10330.52,XRPYG7199O,0,0,1,0
21268441006,Donna,MacKniely,1984-08-17,dmackniely5l@usda.gov,1205445046,Female,$9770.64,MGRQP8319J,0,0,0,0
21294310029,Glyn,Aven,1971-11-29,gaven5m@wiley.com,6323350709,Female,$2524.94,MMZHJ0115J,1,0,0,0
21271865726,Fred,Whitewood,1982-09-05,fwhitewood5n@nature.com,3746616367,Male,$7497.62,OPHAI8556P,0,0,0,0
21250309139,Reinaldo,Hookes,1983-02-23,rhookes5o@smh.com.au,4488273548,Male,$5415.00,FULND2797U,0,0,0,0
21214803311,Darcie,Planque,1980-01-12,dplanque5p@deviantart.com,2215112347,Female,$6659.11,EUSFW5339P,0,0,0,0
21278195785,Jacenta,Antonio,1980-10-06,jantonio5q@telegraph.co.uk,8739190848,Female,$5068.46,CMGWF6997L,0,0,0,0
21230576325,Corney,Fishbourne,1986-09-28,cfishbourne5r@reuters.com,5297229349,Male,$5789.23,LHINT4737P,0,0,0,0
21246891224,Dougie,Whanstall,1974-05-05,dwhanstall5s@prweb.com,7208070601,Male,$6725.16,AJPLG2190A,0,0,0,0
21270317336,Stafani,Dumblton,1964-03-12,sdumblton5t@earthlink.net,4392835820,Female,$6388.03,KCHTB0498G,1,0,0,0
21296297631,Welch,Bultitude,1983-08-23,wbultitude5u@dot.gov,9572017012,Male,$5523.41,DZMLL6424S,0,1,0,0
21244526789,Ertha,Marton,1962-05-04,emarton5v@thetimes.co.uk,7653108146,Female,$8997.57,POQUI7907G,0,0,0,0
21297627424,Angelique,Raulstone,1993-07-27,araulstone5w@engadget.com,6108261769,Female,$8733.89,YAGWZ9889C,0,0,0,0
21208873360,Rosalyn,Sey,1963-09-01,rsey5x@sfgate.com,9331540644,Female,$7101.71,QGYAP6535E,1,0,0,0
21213385280,Pepi,enzley,1991-12-31,penzley5y@arizona.edu,1465855682,Female,$5822.84,CVELE6584F,0,0,0,0
21211100198,Mora,Mapam,1961-12-27,mmapam5z@tinypic.com,9545019486,Female,$6251.91,LLCCB7785L,0,0,0,0
21228216787,Maris,Levin,1978-09-27,mlevin60@ameblo.jp,4358685569,Female,$5391.32,QYFZT7060T,0,0,0,0
21298547195,Leisha,Garner,1965-10-09,lgarner61@stanford.edu,3156224116,Female,$3518.57,XCIZT4769L,1,0,0,0
21212564977,Sanford,Fishe,1969-09-28,sfishe62@ow.ly,2744528328,Non-binary,$6583.99,GZWVG8524U,0,0,0,0
21283638273,Natala,Stanislaw,1981-06-12,nstanislaw63@moonfruit.com,2287411233,Female,$8977.10,LDECC8597Q,0,0,0,0
21204879590,Hube,Williamson,1967-07-19,hwilliamson64@weibo.com,1632480274,Male,$9753.64,VCRBT0670N,0,0,0,0
21232280305,Kathryn,Dudden,1976-10-02,kdudden65@guardian.co.uk,2692461285,Female,$8213.20,RAKKL0224N,0,0,0,0
21254307020,Henka,Matyushkin,1961-11-25,hmatyushkin66@arstechnica.com,4877248569,Female,$4833.83,WVAWU2812T,1,0,0,0
21208878509,Breena,Eves,1994-09-21,beves67@elegantthemes.com,9493713237,Female,$4059.79,ISLZK7188V,0,1,0,0
21288640581,Noel,Seczyk,1990-10-18,nseczyk68@over-blog.com,9214214070,Female,$9996.97,PDFYO5124S,0,0,0,0
21231940304,Ava,Woolerton,1992-09-25,awoolerton69@biblegateway.com,9012489761,Female,$5692.84,YFLGZ0768B,0,0,0,0
21211955084,Renaud,Darinton,1968-02-13,rdarinton6a@123-reg.co.uk,2002748253,Male,$9290.25,BHYTX8452C,0,0,0,0
21246078231,Jard,Challiss,1992-02-08,jchalliss6b@shareasale.com,4367214460,Male,$8957.32,PXIXO8116T,0,0,0,0
21246728665,Conrad,Blind,1979-03-11,cblind6c@alexa.com,7477690918,Male,$3889.90,HHKEA4388O,0,0,0,0
21289838375,Jonis,Stripp,1998-01-14,jstripp6d@upenn.edu,6287664701,Female,$9638.67,VPIXJ1802G,0,0,0,0
21248694374,Kassandra,Morse,1973-12-13,kmorse6e@surveymonkey.com,6763172333,Female,$4650.06,OHVMZ8572C,0,0,0,0
21203696737,Lenci,Jorczyk,1983-04-11,ljorczyk6f@irs.gov,2901857186,Bigender,$7598.03,GMBEF6404M,0,0,0,1
21201153939,Silvain,Stiell,1997-03-03,sstiell6g@t.co,4946161623,Male,$5451.08,PUYKE3982B,0,0,0,0
21250315459,Marianne,Francais,1972-05-04,mfrancais6h@sogou.com,3191830400,Female,$7388.40,AFZPA1660M,0,0,0,0
21280189149,Far,Riseborough,1986-08-24,friseborough6i@toplist.cz,3708861224,Male,$5154.78,DLKBP8769M,0,0,0,0
21293381497,Jeffry,Tebbut,1966-06-23,jtebbut6j@nba.com,2189381480,Male,$7061.95,PAAPA6074P,0,0,0,0
21283324660,Elsy,Eaken,1983-08-15,eeaken6k@salon.com,9015969864,Female,$5391.68,GQRFB3205X,0,0,0,0
21280191440,Tomas,Occleshaw,1962-02-28,toccleshaw6l@state.gov,2465668859,Genderqueer,$3302.66,NGTZP5887G,0,0,0,0
21212386417,Davin,Jennaway,1969-09-19,djennaway6m@noaa.gov,8628952408,Male,$6591.77,LUYUX2997K,1,0,0,0
21230649356,Peg,Crunden,1989-01-22,pcrunden6n@photobucket.com,9513630576,Bigender,$5751.65,JHDGD9498T,0,0,0,0
21264719826,Benoit,Westwick,1977-01-09,bwestwick6o@macromedia.com,8409933347,Bigender,$8701.23,SQEYX2600A,0,0,0,0
21274399785,Reid,Lambdon,1973-04-21,rlambdon6p@spiegel.de,1482411513,Genderqueer,$9667.36,YNGGE0942S,0,0,0,0
21232385005,Hubie,Ailmer,1986-10-15,hailmer6q@economist.com,2116370123,Male,$6754.38,KMZEK9051R,0,0,0,0
21284042071,Rhetta,Vassman,1989-11-06,rvassman6r@dion.ne.jp,7695675077,Female,$4247.45,PASKJ8481I,0,0,0,0
21233746504,Sylvester,Steade,1967-09-29,ssteade6s@latimes.com,7332003408,Male,$2658.22,DEUQB0751C,1,0,0,0
21282815597,Baldwin,Stacy,1962-09-02,bstacy6t@nature.com,9657941925,Male,$2838.07,JQLRE6114T,0,0,0,0
21206251373,Madelyn,Weald,1993-02-27,mweald6u@mtv.com,1816273128,Female,$9252.65,GUWLE0013X,0,1,0,1
21269030448,Pearl,Oven,1992-10-14,poven6v@jigsy.com,6979473906,Female,$3535.69,BGJTT3281V,1,0,0,0
21293434352,Lydia,Eley,1963-03-14,leley6w@networkadvertising.org,8413644952,Female,$3226.57,ULAFK9777V,0,0,0,0
21200032682,Tobe,Purkins,1996-03-12,tpurkins6x@umich.edu,4836369267,Female,$6753.97,XZHSO7570U,1,0,0,0
21234161507,Micheal,Van Dale,1988-08-28,mvandale6y@house.gov,5682269132,Male,$3907.86,MGENL2310M,0,1,0,0
21291266284,Tedi,McWhin,1971-12-16,tmcwhin6z@tmall.com,6461860794,Female,$3574.74,PKPPO3828D,0,0,0,0
21273577950,Jackqueline,Philimore,1961-05-15,jphilimore70@wufoo.com,2912220082,Female,$10198.02,ARWIN8625B,0,0,0,1
21271566088,Tyson,Petrosian,1972-12-12,tpetrosian71@harvard.edu,2658811433,Male,$7957.73,FBKQW9799Y,0,0,0,0
21243252139,Sandro,Parish,1970-11-29,sparish72@skyrock.com,3323136546,Male,$2568.60,NNVGZ8789G,0,0,0,0
21206036853,Jeanna,Grahlman,1988-10-02,jgrahlman73@geocities.jp,6224310905,Female,$2580.68,UGKQY4573T,0,0,0,0
21261241125,Lem,Paddingdon,1976-10-19,lpaddingdon74@livejournal.com,9668403202,Male,$10432.26,XQCIA9068K,0,0,0,0
21250652865,Rudd,Pulver,1998-06-09,rpulver75@w3.org,6021592540,Male,$4824.29,IPZAJ3334O,0,0,0,0
21266824269,Shay,Macy,1978-06-08,smacy76@independent.co.uk,4492313647,Female,$9369.64,SYMWJ3430Q,0,0,0,0
21230503644,Julianna,Debnam,1962-08-01,jdebnam77@woothemes.com,7865556036,Female,$9594.61,LVYRD7829S,0,1,0,0
21232146997,Giff,Bellany,1992-05-29,gbellany78@google.cn,6578551011,Male,$7217.06,DLHDG3742B,0,0,0,0
21232868268,Elden,Perree,1985-02-01,eperree79@hao123.com,1204938381,Male,$7271.98,RNYNQ4225Y,0,0,0,0
21244656164,Connie,Kubczak,1979-03-24,ckubczak7a@businessinsider.com,6132574881,Female,$4412.78,GUKBQ8964V,0,0,0,0
21214590187,Astrid,Squibbes,1986-09-01,asquibbes7b@1688.com,9293740983,Non-binary,$9364.92,SZFVH7863G,0,1,0,0
21268913808,Winnie,Rubinovitch,1979-03-05,wrubinovitch7c@goo.gl,1584823073,Male,$4228.41,LJSQR5645G,0,0,0,0
21273522984,Flora,Coghill,1977-03-21,fcoghill7d@chicagotribune.com,8656276329,Female,$3380.29,STALF3919M,1,0,1,1
21235423474,Alvera,Sambeck,1992-06-19,asambeck7e@imageshack.us,1273893857,Female,$4969.02,TBDJE5230H,0,0,0,0
21256700063,Raquela,Weddeburn,1993-11-13,rweddeburn7f@creativecommons.org,6638091908,Female,$4027.33,QSFNA9009Q,0,0,0,0
21297852316,Tammi,Livesley,1983-07-12,tlivesley7g@storify.com,6792653561,Female,$10321.27,IAJTY5638K,0,0,0,0
21291084470,Louis,Heindle,1975-09-04,lheindle7h@jigsy.com,4176893298,Male,$7008.87,OKVMA0809J,0,0,0,0
21289737562,Oren,Caudrey,2000-07-02,ocaudrey7i@newyorker.com,4922718079,Male,$6767.28,HHBFB5099I,0,0,0,0
21250583470,Alyosha,Kippen,1989-06-05,akippen7j@microsoft.com,4961678423,Male,$3693.75,UZEDR5531C,0,0,0,0
21279910436,Sheena,Wissby,1974-01-04,swissby7k@indiatimes.com,8817345064,Female,$8988.68,AUISU4662G,0,0,1,0
21216453404,Dyann,Flippini,1984-04-20,dflippini7l@cmu.edu,5692834787,Female,$9614.31,EYUKD8274K,0,0,0,0
21229088102,Stanislaus,Barnard,1994-09-27,sbarnard7m@yolasite.com,1174266979,Male,$9548.06,XABWZ1765P,1,0,0,1
21291975678,Ced,Flaxon,1997-04-20,cflaxon7n@apple.com,7416078035,Male,$10029.96,UINPW6909J,1,0,0,0
21254296337,Madelon,Lacroux,1990-10-19,mlacroux7o@furl.net,6342616697,Female,$3332.38,MOIIW7798A,0,0,0,0
21272277048,Phyllis,Ellesworth,1998-07-24,pellesworth7p@squarespace.com,6956910321,Female,$4374.34,HRGRO1944T,1,0,0,0
21278349612,Claudianus,Birdis,1998-04-03,cbirdis7q@yandex.ru,7285408245,Male,$9497.48,NFLKW2936U,0,0,0,0
21270097609,Ozzy,Davidovitch,1996-10-24,odavidovitch7r@latimes.com,6317491903,Male,$4247.10,BJOXU6076P,1,0,0,0
21224505848,Neilla,Sprague,1996-03-30,nsprague7s@bbb.org,6489142677,Female,$5081.54,AHOCS0068L,1,1,0,0
21272114091,Ardene,Strathearn,1993-11-10,astrathearn7t@miitbeian.gov.cn,1296207199,Female,$5680.86,LICZU7125C,0,0,0,0
21223434979,Alica,Pomphrett,1966-09-22,apomphrett7u@over-blog.com,4943261381,Female,$5586.49,SOUGN2632V,0,0,0,0
21236395858,Burr,Schellig,1985-07-16,bschellig7v@mapy.cz,5879220543,Male,$5595.35,JWFAG6620E,0,0,0,0
21221261502,Skell,Doncaster,1998-06-27,sdoncaster7w@chicagotribune.com,8237708820,Male,$10291.96,GGWMD3907U,0,0,0,0
21272886070,Halsey,Dorin,1982-07-23,hdorin7x@mayoclinic.com,6804179816,Male,$7797.76,KZXUT9539M,0,0,0,0
21260353143,Philippa,Scarlet,1983-03-08,pscarlet7y@meetup.com,4581396484,Female,$2631.58,OJEII3590E,0,0,0,0
21239505675,Floyd,Mathely,1964-10-14,fmathely7z@hugedomains.com,6421903194,Male,$6365.80,NJOYD8287Z,0,0,0,0
21292245537,Jacques,Dunbar,1982-03-19,jdunbar80@mozilla.org,3584572201,Male,$10275.91,VPBLO2940M,0,0,0,0
21253026089,Reynard,Maha,1965-08-16,rmaha81@photobucket.com,6153119815,Male,$10451.61,CYUWX4704J,0,1,0,0
21200205900,Pietro,Franzettoini,1981-11-27,pfranzettoini82@rakuten.co.jp,9713445413,Male,$6863.27,XYHOM6839N,0,0,0,0
21208611522,Margarette,Bantick,1996-09-20,mbantick83@hao123.com,5409619487,Female,$2798.31,MSEEV3900D,0,0,0,0
21218581455,Ardisj,Redmayne,1966-08-27,aredmayne84@behance.net,9771977740,Female,$9601.75,PWWXX1239O,0,0,0,0
21249270783,Evelyn,Pedracci,1970-10-10,epedracci85@rambler.ru,2793742244,Male,$3673.62,QNEYB2240P,0,0,0,0
21263351442,Erma,Winsor,1985-08-27,ewinsor86@smh.com.au,4205629091,Female,$9672.40,KRCCD9702R,0,1,0,1
21284298705,Errick,Bettam,1977-09-29,ebettam87@reverbnation.com,6019755759,Non-binary,$7351.61,AZWOP2004C,0,1,0,0
21221176398,Tiffani,Tilbey,1961-11-14,ttilbey88@fema.gov,9236792407,Female,$8289.42,QSGLA7517D,0,0,0,0
21222160303,Wernher,Ruben,1977-08-15,wruben89@is.gd,9834261906,Male,$3091.83,STWGL9675O,0,0,0,0
21203587536,Kean,Crosthwaite,1967-04-28,kcrosthwaite8a@csmonitor.com,6813732184,Male,$8212.12,LVXFQ5671W,0,0,0,0
21260902928,Gretal,Romand,1976-01-25,gromand8b@twitter.com,2059345968,Female,$3530.16,HMQFB1662W,0,0,0,0
21260280166,Bridie,Janovsky,1989-11-05,bjanovsky8c@shop-pro.jp,8684815412,Female,$5894.72,NEXZT7408J,0,0,0,0
21210238326,Winona,Leary,1961-09-25,wleary8d@wsj.com,2635637563,Genderqueer,$9113.53,TMVAR6620N,0,0,0,0
21228601724,Jeremy,Gordon,1963-09-04,jgordon8e@flickr.com,5341677913,Male,$9107.92,WBPWU4685X,0,0,0,0
21253672889,Vilma,Boken,1975-11-28,vboken8f@slashdot.org,1527226432,Female,$7600.67,XNGOC5352Y,0,1,0,0
21270711900,Shea,Lukacs,1960-07-31,slukacs8g@imdb.com,9653109892,Male,$5961.23,CRQWG7853G,0,1,0,0
21289752010,Michele,Bauman,1993-01-28,mbauman8h@com.com,7211323195,Male,$3748.73,VHATD2342C,0,0,0,0
21255055089,Louisa,Jonczyk,1989-11-21,ljonczyk8i@wsj.com,3404775584,Female,$7805.39,DHTHN8585L,0,0,0,0
21214386794,Torre,Thackston,1985-03-03,tthackston8j@fotki.com,7248280513,Male,$3885.67,EHIUZ5512L,0,0,0,1
21244816242,Barron,Nansom,1970-01-26,bnansom8k@sphinn.com,4543556575,Male,$2555.67,BTKON6179E,1,0,0,0
21239039195,Gustavus,Wetwood,1978-08-17,gwetwood8l@webnode.com,9405727650,Male,$7106.20,KAUSQ6931U,0,0,0,0
21218465511,Brooks,Dugdale,1972-09-30,bdugdale8m@wufoo.com,2785783804,Genderqueer,$5006.75,HFLOO9711Z,1,0,0,0
21204787992,Deane,Romain,1991-10-03,dromain8n@hostgator.com,2367711402,Female,$3738.25,DBFTT5182E,0,0,0,0
21203947773,Travers,Maxweell,1965-11-16,tmaxweell8o@mlb.com,8728960879,Male,$8387.39,PEHKO7085K,1,0,0,0
21268384939,Dee dee,Cottem,1964-05-01,dcottem8p@comcast.net,1121043025,Female,$9516.63,WDBFH7543O,0,0,0,0
21211696023,Trixi,Jirik,1967-08-27,tjirik8q@earthlink.net,8459138850,Female,$3715.71,SEUXV2056J,0,1,0,0
21243103771,Dannel,Beames,1974-04-18,dbeames8r@apache.org,8356567435,Male,$6749.52,EAHLW1085H,0,0,0,0
21266541022,Anabelle,Bonifazio,1963-03-23,abonifazio8s@dell.com,6152913843,Female,$7456.37,CNWJC7526Z,0,0,0,0
21264523151,Theobald,Camellini,1984-05-25,tcamellini8t@addtoany.com,6211595707,Male,$3563.25,RZSMU9006V,0,0,0,0
21295539611,Griz,Manders,1986-09-18,gmanders8u@php.net,8615479517,Male,$7469.55,LICEU1542A,0,0,0,0
21222540841,Robbin,Waddie,1998-11-12,rwaddie8v@studiopress.com,8582269015,Female,$5794.08,YYPFM2498Y,0,0,0,0
21212213783,Julianna,Moore,1960-10-30,jmoore8w@liveinternet.ru,9363417842,Female,$2827.32,RRBZX0465Y,0,0,0,0
21276588765,Simeon,Roderighi,1986-07-07,sroderighi8x@illinois.edu,7909024461,Male,$7707.37,ZHYBP5609C,0,0,0,0
21254499492,Natale,Goodlad,2000-07-04,ngoodlad8y@yellowpages.com,7735298304,Male,$5091.64,KFDFB1718B,0,0,0,0
21296570774,Nikolaos,Culter,1981-07-06,nculter8z@furl.net,2079045524,Male,$4377.54,YLDDT3971P,0,0,0,0
21218019257,Teresa,Chatres,1962-09-28,tchatres90@themeforest.net,3752388873,Female,$5257.15,ZOJJW2712T,1,0,0,0
21208314252,Omar,Symcock,1968-12-04,osymcock91@utexas.edu,3497152249,Male,$9489.69,PGFVT6253U,1,0,0,0
21254182892,Leslie,Hucknall,1963-11-15,lhucknall92@bloomberg.com,4979091092,Male,$10490.21,YECCQ1229D,0,0,0,0
21236573334,Caspar,Duval,1982-08-26,cduval93@cafepress.com,7986143808,Male,$3084.38,YSVDT0408T,0,0,0,0
21215718182,Titos,Curds,1982-07-15,tcurds94@arstechnica.com,8041494223,Male,$4946.23,APZAO1515O,0,0,0,0
21285609696,Jacquie,Cryer,1979-11-22,jcryer95@wordpress.com,4462777514,Female,$9940.20,LOCLL0148V,0,0,0,0
21289962283,Raychel,Farebrother,1971-12-14,rfarebrother96@gnu.org,9617642868,Bigender,$9444.59,BWZPW9470T,0,0,0,1
21232834279,Cosetta,Trouncer,1966-02-26,ctrouncer97@yolasite.com,2548507827,Female,$6587.43,SKEBC7067F,0,0,0,0
21284791349,Frederica,Williamson,1966-05-25,fwilliamson98@zdnet.com,6806620846,Female,$6552.60,HIZCR8589L,0,0,0,0
21235158781,Lamont,Labarre,1977-11-04,llabarre99@surveymonkey.com,2934317876,Genderqueer,$6000.23,MHFOW5537Z,0,0,0,0
21254696132,Clarice,Carsey,1998-10-09,ccarsey9a@lulu.com,1388801396,Female,$6274.58,NYOLQ2552F,0,0,0,0
21294448256,Kellen,Agott,1964-04-17,kagott9b@hp.com,6161991089,Male,$4456.61,WTMLU7848Z,0,0,0,0
21208868055,Moishe,Colles,1993-05-16,mcolles9c@economist.com,6378216356,Male,$7951.97,RANJV4334G,1,1,1,0
21219645604,Jacki,De la Yglesia,1999-05-09,jdelayglesia9d@ted.com,8082044006,Female,$3710.52,UDEYE4195O,0,0,0,0
21231546608,Wren,Robel,1984-03-29,wrobel9e@mayoclinic.com,2865048579,Genderfluid,$7281.98,RBTIH9927Z,0,0,0,0
21263398287,Joy,Gammon,1976-08-23,jgammon9f@cbc.ca,6876723650,Female,$8295.17,KXJKJ5371Q,1,0,0,0
21282080459,Rosmunda,Kyles,1994-07-04,rkyles9g@qq.com,7539890314,Female,$6423.02,HLJIG0157S,0,0,0,0
21276160366,Jacklin,Kuhwald,1981-02-01,jkuhwald9h@webs.com,4859871809,Female,$5582.75,ZZRPQ4460A,0,0,0,0
21224278406,Alethea,Luckes,1963-04-02,aluckes9i@wunderground.com,4853777812,Bigender,$9610.58,GMZXY2688F,0,0,0,0
21219856136,Tori,Bastow,1963-12-08,tbastow9j@google.co.jp,7554975628,Female,$9042.22,TKXBC1451B,0,0,0,0
21259240060,Alaster,Townley,2000-02-15,atownley9k@tmall.com,3017614607,Male,$7716.99,KSIRG4001S,0,0,0,0
21288735264,Sonnie,Girardini,1978-03-03,sgirardini9l@ca.gov,9475422490,Male,$9910.40,AUYVM3752S,0,1,0,1
21256636042,Evelin,Stenning,1987-04-07,estenning9m@cdc.gov,1844226890,Male,$6278.97,BLCLQ3590I,0,0,0,1
21292671329,Cchaddie,Lawranson,1972-09-29,clawranson9n@usa.gov,8476810883,Male,$4177.96,UCAYN8008R,0,0,0,0
21274094163,Maxwell,Beaty,1995-11-08,mbeaty9o@hexun.com,7456669517,Male,$6821.00,XGMJX6007C,1,0,0,0
21289641828,Darrelle,Mabb,1968-12-22,dmabb9p@sakura.ne.jp,4806170704,Female,$8722.26,MPPUC7462X,0,0,1,0
21289652765,Gilli,Treat,1972-01-20,gtreat9q@patch.com,3721654927,Female,$2844.23,PYZNC3960P,0,0,0,0
21264521023,Liana,Peyto,1961-07-25,lpeyto9r@wikipedia.org,3042847814,Female,$9682.75,STXHG0936E,1,0,0,0
21247594331,Albert,Vittery,1965-05-04,avittery9s@china.com.cn,2056892037,Non-binary,$8671.23,ZSMLK6538T,0,1,0,0
21257777857,Timmi,Layburn,1960-11-30,tlayburn9t@theglobeandmail.com,2846653410,Genderfluid,$7148.59,CNEGZ0476J,0,0,0,0
21291888510,Elianore,Geely,1975-06-24,egeely9u@google.co.jp,5396973711,Female,$9923.14,LMPUP8225J,0,0,1,0
21223772435,April,Goundry,1972-11-06,agoundry9v@goo.gl,9853101168,Female,$10296.60,EDNXA2062O,0,0,0,0
21243549490,Gabi,Chadburn,1973-07-28,gchadburn9w@rambler.ru,9782165681,Female,$6877.68,DUYXS5641V,0,0,0,1
21222228810,Winfred,Hellyar,1968-10-21,whellyar9x@yale.edu,3936247442,Male,$5444.44,ZUFJX1539Q,0,0,0,0
21261264310,Deana,Huie,1985-07-28,dhuie9y@goodreads.com,4982655380,Female,$8196.91,NSRXX3972R,0,0,0,0
21297767090,Vinny,Scotchbrook,1981-05-26,vscotchbrook9z@networksolutions.com,3031323938,Male,$3762.23,TGKWM3820P,0,0,0,0
21246744375,Doyle,Bertouloume,1986-07-15,dbertouloumea0@yelp.com,8051763649,Male,$10428.43,OWMSH2536S,0,0,0,0
21282171402,Clemmie,McHardy,1995-05-16,cmchardya1@theglobeandmail.com,6359096884,Male,$10103.56,NFMZB7385J,0,0,0,0
21277879956,Lisabeth,Upson,1974-10-04,lupsona2@pinterest.com,5849636566,Female,$8415.85,PPBMZ3853A,0,0,0,0
21236961038,Chadwick,Bontein,1994-07-25,cbonteina3@ebay.com,1103285421,Male,$8541.65,EELSK1037D,0,1,0,0
21203087687,Lombard,Rowcliffe,1977-06-19,lrowcliffea4@msu.edu,6143039457,Male,$5702.38,OKSWZ4191O,0,0,1,0
21236177679,Anny,Hawes,1986-11-16,ahawesa5@networkadvertising.org,7084162788,Female,$8005.02,RYFXH2249D,0,0,0,0
21261316090,Alex,Woodings,1981-04-12,awoodingsa6@yandex.ru,5783475102,Male,$4161.30,ISLRF1556E,0,0,0,0
21207214064,Maud,Easthope,1996-03-16,measthopea7@google.co.jp,3434626883,Female,$6342.02,LWWVM6146W,0,0,0,0
21269238578,Taber,Corcoran,1997-12-03,tcorcorana8@seesaa.net,4409623744,Male,$8981.85,MKWCZ0667Z,0,0,0,0
21269063276,Thurston,Eastcourt,1982-01-30,teastcourta9@odnoklassniki.ru,9191102702,Male,$7752.59,YPBFV3480I,0,0,0,0
21225833922,Barbabra,Brack,1996-01-19,bbrackaa@sakura.ne.jp,2397738565,Female,$4358.69,OCCPO7301L,0,0,0,0
21223652820,Mora,Vankeev,1963-08-22,mvankeevab@dailymotion.com,8892037888,Female,$3914.75,UPEQH6587P,0,0,1,0
21252268850,Eula,Jowle,1994-04-06,ejowleac@sitemeter.com,1735630452,Female,$8855.19,FZWJJ8859D,0,0,0,0
21266182171,Caz,Billison,2000-06-12,cbillisonad@google.com,7094250440,Male,$5670.72,HCBJU2910X,0,0,0,0
21288454006,Kassandra,Fane,1997-09-15,kfaneae@tmall.com,7805731720,Female,$5001.83,OXAJD3418F,0,0,0,0
21231782711,Miguela,Whenman,1974-01-26,mwhenmanaf@mozilla.com,8007663591,Female,$9806.89,GHRZG3598X,0,0,0,0
21201211022,Neale,Filson,1979-05-19,nfilsonag@addtoany.com,9914855257,Male,$9221.59,DYURO1674D,0,0,0,0
21242451318,Burton,Anthonsen,1995-01-02,banthonsenah@ft.com,3165604824,Male,$10363.17,OYQUS8556V,1,0,0,0
21249069037,Delora,MacManus,1991-12-06,dmacmanusai@engadget.com,8978673096,Female,$9328.52,CIPLK7206O,0,0,0,0
21289888652,Lynnelle,Clough,1962-08-13,lcloughaj@yahoo.com,3568294230,Agender,$9912.58,YBYYQ6587I,0,0,0,0
21224169869,Gertruda,Millgate,1974-01-27,gmillgateak@spiegel.de,5711588921,Female,$6396.77,EXVFR9442X,0,0,0,1
21287752649,Jarvis,Spurrier,1995-09-19,jspurrieral@fotki.com,8503506333,Male,$6799.89,WZXIE0512Y,0,0,0,0
21220175534,Neil,Verni,1997-11-01,nverniam@shop-pro.jp,1475604665,Male,$10267.10,UYRHC5410N,0,1,0,0
21280252697,Earle,Babber,1975-09-27,ebabberan@yahoo.co.jp,7514899498,Male,$7983.58,HBAOJ4636Q,1,0,1,0
21207079560,Margette,Truggian,1988-06-04,mtruggianao@jimdo.com,3154056406,Female,$5574.47,UHPVG3543P,0,0,0,0
21278029081,Dilly,Gallehock,1990-12-25,dgallehockap@wikimedia.org,4951541573,Male,$6626.19,WVJOZ9247Y,0,1,0,0
21228178542,Ki,Lode,1973-09-24,klodeaq@rambler.ru,4491825286,Female,$6441.36,JBBXJ6698Q,1,0,0,0
21287032623,Leonard,Quinsee,1976-09-05,lquinseear@amazon.com,3229772176,Male,$4849.88,EFSZY9821A,1,0,0,0
21252201394,Gene,Carlton,1973-09-01,gcarltonas@flavors.me,1683062003,Female,$10429.25,CLZWP8219Y,0,0,0,1
21268074927,Chas,Cassey,1993-12-04,ccasseyat@wordpress.com,8263923647,Male,$5107.83,MZASL0201E,1,0,0,0
21237243567,Claude,Niland,1985-12-25,cnilandau@narod.ru,5282077064,Agender,$3170.38,RVGGW3865W,0,0,0,0
21201234831,Vachel,Stables,1960-01-19,vstablesav@addthis.com,2735788599,Male,$2620.30,PHJNM3587V,0,0,0,0
21242119057,Kacey,Summergill,1972-06-06,ksummergillaw@storify.com,9346478083,Female,$5393.98,FPKEP7628N,1,0,0,0
21232139269,Flo,Boissier,1960-02-05,fboissierax@ocn.ne.jp,9337977279,Female,$3286.31,OBORX0074N,1,0,0,0
21295627885,Crawford,Mardell,1984-10-02,cmardellay@arstechnica.com,4022842605,Male,$4750.38,PYNWJ5501W,0,0,0,0
21228111825,Lorne,Romke,1975-04-13,lromkeaz@freewebs.com,1335978483,Male,$6420.97,RJMUL8230Q,0,0,0,0
21291103961,Haskel,Povah,1987-03-16,hpovahb0@studiopress.com,6188858962,Male,$4966.35,MVYTR5200G,0,0,0,0
21277385738,Jean,Jeffcoat,1974-06-13,jjeffcoatb1@sphinn.com,6605651454,Female,$4772.77,PMIYF1643K,0,0,0,0
21262968861,Kore,Locket,1965-05-13,klocketb2@blogs.com,5124140072,Female,$7409.82,GUPQK1438H,0,0,0,0
21230476037,Vivi,Phant,1973-07-15,vphantb3@w3.org,2387107431,Female,$4904.57,BDHMV8512V,0,0,0,0
21215830584,Riccardo,Leisk,1990-07-06,rleiskb4@sfgate.com,4437544205,Bigender,$5440.72,RGRVO5812I,0,0,0,0
21279532116,Clementia,MacMeekan,1982-03-19,cmacmeekanb5@vk.com,8587588883,Female,$5211.76,TMVFR5537Q,0,0,1,0
21276301396,Ritchie,Swindin,1989-09-02,rswindinb6@feedburner.com,2769782022,Male,$5108.41,DEMMM7392O,0,0,0,1
21205869553,De witt,Ranner,1980-05-31,drannerb7@google.com.hk,7101404714,Male,$7104.04,YUUJI3017F,0,0,0,1
21268654831,Janka,Byrcher,1979-12-16,jbyrcherb8@oaic.gov.au,6204513581,Female,$8497.98,UWHKD9357Z,0,0,0,0
21215583263,Abbye,Gabb,1963-12-31,agabbb9@nymag.com,4748495693,Female,$3325.63,XQPWY6789M,0,0,0,0
21285802771,Alasteir,Sweed,1975-07-29,asweedba@mac.com,6159199633,Male,$7288.64,RMXIJ1611Q,1,0,0,0
21292892739,Agna,Hawthorne,1983-01-11,ahawthornebb@spiegel.de,5921659367,Bigender,$6264.00,XWEIQ4732Y,0,0,0,0
21201600094,Killie,Coggell,1971-12-30,kcoggellbc@sciencedaily.com,6676336869,Male,$6407.85,PWPOI3078C,0,0,0,1
21253461983,Wyn,Bonnet,1991-06-03,wbonnetbd@ox.ac.uk,1442217267,Male,$9506.26,BWUVF2398M,0,0,0,1
21291913648,Orelia,Filipson,2000-04-05,ofilipsonbe@cloudflare.com,1187366674,Female,$7909.25,KEWEU3098L,0,0,0,0
21241461521,Tallie,Fissenden,1962-04-17,tfissendenbf@domainmarket.com,4636934982,Female,$4175.76,QRWVE9678E,0,0,0,0
21227063492,Brinna,Gilhoolie,1991-09-09,bgilhooliebg@wikia.com,2758986447,Female,$3323.63,UDEIE5297R,0,0,0,0
21272324814,Abelard,Briston,1978-09-16,abristonbh@elpais.com,9576510415,Male,$8996.15,CQBHU0416P,1,0,0,0
21250209746,Kizzee,Smallsman,1986-10-30,ksmallsmanbi@example.com,9634941222,Female,$4731.26,PZGGG9168V,0,0,0,0
21208832355,Kittie,Witham,1974-02-16,kwithambj@desdev.cn,6663998648,Female,$5089.58,NTPAS6276D,0,0,0,0
21213543022,Eirena,Allkins,1969-07-19,eallkinsbk@nhs.uk,1879825442,Female,$10468.18,DXHLN1229G,0,0,0,0
21286905359,Claus,Ludye,1975-03-24,cludyebl@tiny.cc,3948252894,Male,$9237.65,IOPIZ9361Z,0,0,0,0
21271555809,Frederich,Fromont,1996-09-08,ffromontbm@yellowpages.com,1072820168,Male,$5501.29,LJKTY9497S,0,0,0,0
21281534470,Donelle,Lidgely,1994-10-05,dlidgelybn@europa.eu,4974168122,Female,$7148.51,YBEST5768Q,0,0,0,0
21281800096,Haskell,Bouskill,1998-04-19,hbouskillbo@merriam-webster.com,6348373945,Male,$9933.61,ANQOR6646P,1,0,0,1
21283293858,Isadora,Reid,1991-05-21,ireidbp@soundcloud.com,6096918342,Female,$3666.62,IJMAG2643B,1,0,0,0
21299935857,Lionello,Giacomazzo,1960-12-27,lgiacomazzobq@youtube.com,3183302230,Male,$3968.57,OWWYL9820Q,0,0,0,0
21203440637,Bess,Goschalk,1986-01-25,bgoschalkbr@cargocollective.com,9311691906,Non-binary,$6643.76,HGVYQ3934T,0,1,0,0
21232627288,Ginevra,Ivanusyev,1988-10-09,givanusyevbs@alexa.com,4325758595,Female,$10011.20,ONDWP5801X,0,0,0,0
21276664711,Marcille,Wrought,1968-06-14,mwroughtbt@unicef.org,4494465720,Female,$4727.65,HNGOV6100J,0,0,0,0
21238058755,Sandy,Mack,1985-03-16,smackbu@networksolutions.com,4961161893,Male,$9655.09,SBGJT4131D,1,0,0,0
21229492017,Mechelle,Baldi,1971-10-19,mbaldibv@independent.co.uk,5749176913,Female,$4624.01,CSUFS4151C,1,0,0,0
21201299790,Wilden,Shawcroft,2000-04-26,wshawcroftbw@ovh.net,1161884379,Male,$2828.49,DISUJ0302K,0,0,0,0
21213545330,Davey,Trehearne,1966-06-10,dtrehearnebx@opera.com,5593008294,Genderfluid,$2855.32,PZJQV5937R,0,1,0,0
21223457677,Corenda,Ribbens,1975-06-26,cribbensby@latimes.com,9397293671,Female,$10375.10,FGRJY4286L,0,0,0,0
21253182297,Northrop,Bursnoll,1967-03-09,nbursnollbz@reverbnation.com,7474289762,Male,$2554.29,KXVDB9229P,1,0,0,0
21208060297,Jacquenetta,Papps,2000-08-12,jpappsc0@wisc.edu,5306681422,Female,$7585.42,JIAPU0732B,1,0,0,0
21212807797,Merrily,Smuth,1983-06-22,msmuthc1@mediafire.com,5989734453,Female,$10292.17,HYMZV0681S,0,0,0,0
21296079203,Lelia,Oldroyde,1992-07-12,loldroydec2@biglobe.ne.jp,9047717469,Female,$6793.11,LOARI6451A,0,0,0,0
21297272218,Garvey,Hartle,1991-10-20,ghartlec3@mediafire.com,7548082678,Male,$4110.39,DZYWU9872F,0,0,0,0
21232870912,Jacynth,Shurlock,1964-05-04,jshurlockc4@vk.com,3212344476,Female,$6819.72,YQNVJ3264Z,0,0,0,0
21278104755,Cale,Pingstone,1966-01-21,cpingstonec5@cargocollective.com,1069843400,Male,$7095.85,XTAHB8938U,0,0,0,0
21292498794,Colas,Vivians,1999-03-09,cviviansc6@sitemeter.com,6898441412,Male,$8576.79,VXPRC5194K,0,0,0,0
21299674449,Fionna,Josham,1990-10-29,fjoshamc7@hubpages.com,1683902475,Female,$9768.19,HNGGJ2503E,1,1,0,0
21270891976,Jude,Folland,1977-05-30,jfollandc8@gizmodo.com,9196535302,Male,$6188.47,EJRMD2540A,0,0,0,0
21287086642,Ilka,Dillestone,1965-07-30,idillestonec9@geocities.com,9034378860,Female,$6460.81,RUSJZ2896K,0,0,0,0
21251123582,Hobart,Kelloway,1986-11-01,hkellowayca@toplist.cz,4473292138,Male,$5667.96,YGZRQ2638K,0,0,0,0
21260605363,Rinaldo,Mackerel,1974-02-11,rmackerelcb@redcross.org,1196285407,Male,$8736.00,BUIYJ5935K,0,0,0,0
21279406633,Sampson,Cossentine,1997-10-24,scossentinecc@dagondesign.com,5981090445,Genderqueer,$3268.21,BOZRA6208J,0,0,0,0
21231685108,Charisse,Yanin,1973-05-15,cyanincd@tinyurl.com,2225290630,Female,$4580.62,HWCWQ9203D,0,0,0,0
21273298005,Jarret,Kilfoyle,1961-07-18,jkilfoylece@marketwatch.com,3224044235,Male,$5872.64,RZDRW5665C,1,0,0,0
21275081609,Dale,Such,1972-05-04,dsuchcf@si.edu,4871871904,Male,$5406.62,RZJRH2182Z,0,0,0,0
21204532095,Charlton,Swate,1973-07-07,cswatecg@microsoft.com,4147316024,Bigender,$2912.29,ODZTD8630O,0,1,0,0
21206914835,Marvin,Baugham,1979-06-13,mbaughamch@ezinearticles.com,5039577537,Male,$5668.53,JWHBZ5377E,0,0,0,0
21218905435,Hercules,Prall,1960-01-04,hprallci@gov.uk,6879214184,Male,$3611.85,YFDKS8235O,0,0,0,0
21202263686,Janek,Cavnor,1989-11-17,jcavnorcj@free.fr,6454031076,Male,$5176.70,XOHEK8625I,0,0,1,0
21280049551,Merry,Mulran,1969-10-27,mmulranck@patch.com,9275689420,Male,$6643.39,HDJCE0500F,0,0,0,0
21283019641,Jori,McRannell,1990-04-10,jmcrannellcl@slashdot.org,4853231934,Female,$6397.01,TZZKO5520R,1,1,0,0
21279395108,Tucky,Illiston,1966-04-08,tillistoncm@yahoo.com,1446825681,Male,$10276.45,EPFTL9241O,0,0,0,0
21208398072,Giulio,Ghiriardelli,1963-04-09,gghiriardellicn@webs.com,8989053477,Non-binary,$8518.85,LKGNZ8075D,0,0,0,0
21246687736,Rodolph,Devall,1983-06-13,rdevallco@opensource.org,1171999525,Non-binary,$7812.04,XOFKM4070B,0,0,1,0
21265139727,Barry,Hinstridge,1991-02-13,bhinstridgecp@illinois.edu,8184608461,Polygender,$7809.28,BYGLL5564H,0,0,0,0
21269285608,Betteann,Sibley,1985-07-10,bsibleycq@macromedia.com,5723744979,Female,$3669.56,VSFCM0066E,0,0,0,0
21242590796,Nan,Grimster,1986-03-21,ngrimstercr@cyberchimps.com,5604898959,Female,$9479.50,UIUOX9494J,0,0,0,0
21292572918,Meier,Miko,1984-04-06,mmikocs@theatlantic.com,1503459437,Male,$2797.84,WQRPD7403O,0,0,0,0
21225974982,Norby,Yellowley,1964-04-05,nyellowleyct@fema.gov,1613442531,Male,$6815.20,HCSYN2829U,0,0,0,0
21285522297,Shina,Aspden,1996-02-04,saspdencu@wordpress.com,2408524467,Female,$9495.05,YHNDW2420L,0,0,0,0
21260722072,Gerick,Hayers,1961-11-27,ghayerscv@tinyurl.com,2139196784,Male,$4720.11,FGXGY5186B,0,0,0,0
21264609015,Julita,Rubinow,1969-04-25,jrubinowcw@hugedomains.com,8901826506,Agender,$9981.30,LCWIR6157Z,0,0,1,0
21267041456,Poppy,Aleshkov,1990-11-21,paleshkovcx@wikia.com,5814224832,Female,$3899.50,LRLUD3322H,0,0,0,0
21299726356,Padget,Maving,1961-08-29,pmavingcy@home.pl,3038316514,Male,$6863.99,FKBIU5230H,0,0,0,1
21244463109,Anet,Borgesio,1980-05-25,aborgesiocz@dailymotion.com,9935540982,Female,$7670.11,EZMHK2743P,0,0,0,0
21271932061,Montague,Yegorov,1990-10-01,myegorovd0@nhs.uk,6053074406,Male,$3701.58,PCXEP9716E,1,0,0,0
21268101464,Yvette,Mateuszczyk,1980-05-29,ymateuszczykd1@github.io,5842863688,Female,$4016.96,DIQJQ0123Y,0,1,0,0
21211361654,Decca,Matyushonok,1984-04-21,dmatyushonokd2@hibu.com,3088465712,Male,$2705.80,YAKNE4542P,0,0,0,0
21255582644,Lindy,Habbes,1988-12-30,lhabbesd3@arstechnica.com,1033542790,Male,$8302.18,LDHWQ2621E,0,0,0,0
21252243749,Averil,Woolham,1982-02-22,awoolhamd4@bizjournals.com,9419981970,Polygender,$3195.78,UWAUX9357E,1,0,0,0
21298396367,Remington,MacHarg,1984-12-12,rmachargd5@g.co,8537475005,Male,$8168.72,JFBCX0014Z,0,1,0,0
21204600841,Maire,Gogarty,1984-02-13,mgogartyd6@angelfire.com,3698195894,Female,$4106.48,IPQFZ6083O,0,0,0,0
21244846245,Hendrika,Hefferon,1996-06-13,hhefferond7@ca.gov,6948561120,Female,$8390.59,DTKJJ6964T,0,1,0,0
21256925982,Brion,Lutton,1971-04-30,bluttond8@deviantart.com,5606550506,Male,$2710.00,GBMAY6498Y,0,0,0,0
21203257310,Kerrill,Ech,1994-05-09,kechd9@flickr.com,4237621395,Female,$8380.43,TUSTL8162K,0,0,0,0
21275739164,Martino,Hunnybun,1995-05-14,mhunnybunda@indiegogo.com,4551630499,Male,$9709.09,NIMXE8880E,0,0,0,0
21251398012,Gayleen,Lafferty,1991-07-18,glaffertydb@creativecommons.org,1494221241,Female,$3094.65,JFYUW4238W,0,1,0,0
21213871519,Mic,Kinnie,1983-07-27,mkinniedc@paypal.com,6454004011,Male,$6443.99,VPBDG7697K,0,0,0,0
21282467025,Dolli,Lansley,1978-10-02,dlansleydd@4shared.com,2901605375,Female,$8617.41,YEHSI1793U,0,0,0,0
21221289862,Dory,Falloon,1989-09-07,dfalloonde@google.com.hk,5139623266,Male,$2759.96,SXJFZ4365R,0,0,0,0
21285545252,Farica,Byfford,1995-02-12,fbyfforddf@who.int,5035296671,Female,$6645.61,HNGAF2501W,0,1,0,0
21279623648,Feliza,Wrey,1976-07-17,fwreydg@friendfeed.com,3465105561,Female,$4740.69,YOVWS0489G,0,0,0,0
21213657801,Harcourt,Wand,1977-06-03,hwanddh@mac.com,2887477673,Male,$3270.92,QVWXF0575I,0,1,0,0
21251500918,Nollie,Pople,1990-05-22,npopledi@last.fm,5629285534,Female,$7762.38,XLWBA7466J,0,0,0,0
21204624525,Tybie,Klemke,1996-07-01,tklemkedj@ezinearticles.com,9806126051,Female,$9455.06,BTHSY1857W,1,0,0,0
21220119504,Iain,Lockney,1960-07-14,ilockneydk@angelfire.com,2065021103,Genderfluid,$7939.97,MESJK3147C,0,0,0,0
21240338315,Jephthah,Bramley,1995-06-21,jbramleydl@epa.gov,8807758020,Male,$10215.94,UBNZX2326L,0,0,0,0
21213503574,Lynette,Lepard,1980-06-11,lleparddm@etsy.com,6591895508,Female,$9413.73,FAAOU1118G,0,0,0,0
21248377446,Elladine,Allmann,2000-02-13,eallmanndn@bing.com,7862485026,Female,$8787.75,CGYCW3487P,0,0,0,0
21221670058,Steve,Milthorpe,1986-12-21,smilthorpedo@icq.com,9334973619,Male,$8797.39,DASNA3946T,1,0,0,0
21250439829,Bernardina,Mowson,1990-05-24,bmowsondp@bravesites.com,7925566648,Female,$6695.81,WZGVA3976W,0,0,0,1
21262363365,Jaymee,MacCumiskey,1977-04-19,jmaccumiskeydq@blogtalkradio.com,3868707717,Female,$4713.65,YXQDI0713Q,1,0,0,0
21244280032,Pieter,McCritichie,1982-03-23,pmccritichiedr@shutterfly.com,6559019726,Male,$5702.80,PWMVZ2905Q,0,0,0,0
21213434266,Bentley,Stapley,1995-05-15,bstapleyds@loc.gov,4423662119,Male,$7942.19,APMBX5340L,0,0,0,1
21252456374,Madel,Crocket,1991-06-21,mcrocketdt@discovery.com,7759348296,Female,$5720.29,MQZDX9771G,1,0,0,0
21210949959,Tabitha,Lock,1973-04-17,tlockdu@mtv.com,5975009698,Female,$8593.53,BNRDP2521K,0,0,0,0
21228047788,Franciskus,Netherclift,1962-07-30,fnethercliftdv@dropbox.com,6613412656,Male,$5599.31,UPZKT2746J,0,0,0,0
