CIF Id,first_name,last_name,DOB,email,Mobile No,gender,Salary,PAN,Credit Card,Home Loan,Car Loan,Insurance
12582355612,Avery,Gooda,1985-06-13,agooda0@flickr.com,6685399609,Male,$5831.19,BIBWB7537P,0,0,0,0
12585664113,Yoshi,Chattell,1965-12-22,ychattell1@jimdo.com,7611610927,Female,$2576.03,AUNTW1121P,0,0,0,0
12518845983,Jozef,Berge,1995-12-19,jberge2@tmall.com,1673161784,Male,$5070.85,AUFPI8166C,0,0,0,0
12518524988,Noel,Wayt,1991-10-22,nwayt3@blog.com,4359300454,Male,$6801.62,KIBSM9525I,0,1,0,0
12507426786,Cindie,Isgar,1976-05-31,cisgar4@bandcamp.com,2186160022,Female,$3657.29,TUDTV8766F,0,0,0,0
12572274874,Aylmer,Chark,1982-08-13,achark5@google.nl,4871541388,Male,$8795.59,GPGVL2024V,0,0,0,0
12517214092,Ericha,Beggio,1981-05-24,ebeggio6@nytimes.com,5166842583,Non-binary,$8578.49,SHMPK8812U,1,0,0,0
12500470847,Hayyim,Simonaitis,1965-02-21,hsimonaitis7@huffingtonpost.com,2806788045,Male,$7942.86,PRZXH1588A,0,0,0,0
12503259778,Rodolph,Robb,1984-06-02,rrobb8@facebook.com,8193112379,Genderqueer,$8304.92,DDUFR8231F,0,0,0,0
12519708934,Cass,Stormont,1994-11-22,cstormont9@icio.us,5914790233,Male,$8452.17,TVVDI9494Y,1,0,0,0
12543638424,Aluin,MacWhirter,2000-05-26,amacwhirtera@google.fr,5464883648,Male,$8168.64,LTPSV9793O,0,0,0,0
12595305430,Ettie,Horick,1991-05-13,ehorickb@irs.gov,3441104554,Female,$6743.71,QFGBT9094J,0,0,0,0
12532730866,Orin,Cawthra,1986-09-28,ocawthrac@ehow.com,4769370467,Male,$8543.91,FDSOS6101E,0,0,0,0
12572468626,Ermentrude,Tettersell,1961-11-13,etetterselld@webmd.com,6133327212,Female,$8370.46,WHCCQ4725A,1,0,0,1
12523611919,Cosme,Niblett,1981-05-23,cniblette@army.mil,1234419781,Male,$2748.89,VUMOB1270L,0,0,0,1
12591410410,Lorianne,Skyrm,1961-03-27,lskyrmf@about.me,8555318854,Female,$8154.15,IKVCL6167Q,1,1,0,0
12517143701,Cindy,Dries,1976-11-25,cdriesg@w3.org,9352238475,Female,$5303.03,FXRCH8596K,1,1,0,0
12590086043,Elli,Hatley,1989-05-26,ehatleyh@shinystat.com,2196834790,Female,$8094.02,PPNTH1416X,0,1,0,0
12576668248,Clementine,Belle,1966-03-05,cbellei@wikimedia.org,3235168014,Female,$7656.90,UBNSS2193Y,0,0,1,0
12523750328,Aurthur,Raulstone,1999-07-24,araulstonej@engadget.com,9788500359,Male,$4459.34,KLPKN4521C,0,0,0,0
12516273762,Louie,MacGinney,1968-12-29,lmacginneyk@un.org,1952660928,Male,$8503.49,KGGJV1783W,1,0,0,0
12571613700,Burg,Spurge,1961-12-22,bspurgel@addtoany.com,4264277080,Male,$6724.09,QRZEW4570T,0,0,0,0
12504435835,Harold,McKew,1983-11-16,hmckewm@w3.org,4672889914,Male,$4283.02,JSDDP7582H,0,1,0,0
12559014859,Kaia,Dober,1992-06-09,kdobern@a8.net,4158077624,Female,$7283.24,DKDGS6093U,0,0,0,0
12596308832,Christy,Altree,1972-11-29,caltreeo@spiegel.de,1958869450,Male,$3845.52,RGJEK6417N,0,0,0,0
12579268085,Mariel,Mighele,1992-05-01,mmighelep@dion.ne.jp,4612685169,Non-binary,$7220.10,AHPUX2792B,0,0,1,0
12556632995,Jeannine,Hugli,1975-08-29,jhugliq@blogtalkradio.com,8126496108,Female,$7677.65,DNOJY7027W,0,0,0,0
12556192724,Haleigh,Thorneloe,1986-05-30,hthorneloer@simplemachines.org,8496907885,Male,$8200.08,HEFQY2264P,0,0,0,0
12536084887,Claire,Menendez,1975-03-04,cmenendezs@shareasale.com,6524735095,Female,$8553.78,XWOTL6394G,0,0,0,0
12532426800,Cyrill,Phillps,1970-01-06,cphillpst@addthis.com,8478581158,Male,$3748.46,MINSY6581P,0,0,0,0
12579340616,Lemmie,Duiged,1960-07-03,lduigedu@smugmug.com,1498946358,Male,$5510.17,XXHLR6275R,1,1,0,1
12561153989,Saxe,Corbet,1964-01-18,scorbetv@posterous.com,3146675652,Male,$5721.61,ZADSP0370D,1,0,0,0
12593215330,Jillene,Veltman,2000-05-06,jveltmanw@nature.com,4776707463,Female,$7048.00,YVJYK5781V,1,0,0,0
12534486220,Myer,Burlay,1971-11-21,mburlayx@addthis.com,2583408512,Male,$4311.39,ZXWAO5604E,0,0,0,0
12579580998,Torie,Dignall,1965-12-15,tdignally@netlog.com,7664106494,Female,$9813.69,BTGVR8077V,1,0,0,0
12551610323,Tudor,Ourtic,1978-03-15,tourticz@cnbc.com,1179792705,Male,$3355.87,NGIXC8305C,0,0,0,1
12583698775,Justine,Peerless,1996-07-26,jpeerless10@deviantart.com,7994666836,Female,$6431.32,TWEZY1395Z,0,0,0,0
12544790951,Raynard,Arnoll,1971-04-30,rarnoll11@techcrunch.com,7436759936,Genderqueer,$8226.04,FUQQA4965D,0,0,0,0
12514094168,Jazmin,Ameer-Beg,1964-02-29,jameerbeg12@bbb.org,1659219299,Female,$5831.95,QNKGP0622M,1,0,0,0
12563925718,Hilary,Mountlow,1960-11-09,hmountlow13@networkadvertising.org,3806128959,Female,$9313.41,YKFSA8806K,0,0,0,0
12530302674,Ive,St. Louis,2000-01-31,istlouis14@jigsy.com,2739793952,Male,$7698.92,YNTLL1329T,0,0,0,0
12544979248,Gav,Shillan,1965-01-27,gshillan15@dyndns.org,3504646607,Male,$9952.98,UPBAW8626U,0,0,0,0
12511899889,Ben,Ilyenko,1996-02-23,bilyenko16@alibaba.com,6013393379,Male,$8652.42,YFDTO8695H,1,0,0,0
12597012643,Bone,Coventon,1992-08-22,bcoventon17@latimes.com,4193432730,Male,$9861.55,NZVPW8482G,0,0,0,0
12540921074,Zachery,Kaemena,1976-09-14,zkaemena18@mtv.com,2145318056,Male,$2728.99,LIMBY5329N,1,0,0,0
12545174579,Stephine,Pourveer,1960-12-27,spourveer19@craigslist.org,7424516485,Female,$4015.27,XXCRE0512P,0,0,0,0
12582387521,Daryl,Ripley,1997-06-27,dripley1a@nhs.uk,9004527014,Female,$8682.20,QGIIX6954H,0,0,0,0
12523217976,Hadley,Poltone,1965-09-10,hpoltone1b@google.pl,7298524061,Male,$3241.15,GBWUL5201B,0,0,0,0
12561754886,Atlanta,Sorrill,1969-09-26,asorrill1c@yale.edu,8522412026,Female,$8718.50,GDMKE1942W,0,0,0,0
12575724949,Morris,Maytum,1997-12-13,mmaytum1d@harvard.edu,1106224954,Male,$10487.16,HYFAG6377G,0,0,0,0
12501241964,Kelley,Hoodless,1979-01-12,khoodless1e@theguardian.com,8127954426,Male,$7949.86,XWPHH6444H,0,0,0,0
12548695532,Jamie,Kennan,1999-03-17,jkennan1f@cdc.gov,2344735666,Bigender,$6784.71,NYQXL5146A,0,0,0,0
12528809264,Laurena,Bedbury,1974-07-30,lbedbury1g@telegraph.co.uk,7706066996,Female,$9376.98,ZCFIB6086H,0,0,0,0
12551789353,Norrie,Kraft,1982-10-18,nkraft1h@mayoclinic.com,5645209813,Female,$2955.79,YJZKT3191C,1,0,0,0
12508802265,Kit,Daltrey,1977-03-30,kdaltrey1i@umn.edu,8551399371,Female,$5491.91,QINOT9659F,0,0,0,1
12513622490,Reg,Aneley,1974-04-04,raneley1j@smh.com.au,5055747662,Male,$5159.71,AFEHG4772H,0,0,0,0
12584648842,Adrien,Keave,1962-08-10,akeave1k@e-recht24.de,6454592959,Male,$6160.67,CLKQZ6467K,0,0,0,0
12594116203,Timothea,Hallam,1976-07-06,thallam1l@github.com,8977022047,Female,$6668.07,IDING4871F,0,0,0,0
12521374552,Kearney,Strawbridge,1966-08-04,kstrawbridge1m@narod.ru,7128121188,Male,$5294.08,XNYDL3078N,0,0,0,1
12524412937,Chariot,Winsborrow,1998-08-23,cwinsborrow1n@sfgate.com,1424414727,Male,$9115.47,TCYOJ0372T,1,0,0,0
12551702927,Travis,MacEntee,1960-07-23,tmacentee1o@rakuten.co.jp,6918159997,Male,$6538.30,KYLTB5432V,0,0,0,0
12567536796,Cody,McIlvenna,1969-01-07,cmcilvenna1p@wired.com,8584354649,Female,$4232.91,XPFMV3497J,0,0,0,0
12542082862,Rodger,Rosel,1985-09-18,rrosel1q@youtube.com,5684507073,Male,$5508.68,WMPWC8405H,0,0,0,0
12581347265,Pedro,Gloyens,1978-12-21,pgloyens1r@craigslist.org,8166805848,Male,$6182.29,IFWBK3928U,0,0,0,0
12508590138,Gerrard,Compson,1970-10-06,gcompson1s@artisteer.com,9726032628,Male,$7850.66,KNFWY3425U,0,1,0,0
12560495074,Sidonnie,Antoniak,1989-11-14,santoniak1t@domainmarket.com,9512236655,Female,$10213.66,CTXOG0661Z,1,0,0,0
12528316384,Shellysheldon,Gibbon,1973-04-20,sgibbon1u@foxnews.com,5964391665,Male,$9167.28,DTPWT7764G,0,0,0,1
12564024065,Hamilton,Waterland,1999-07-08,hwaterland1v@bbc.co.uk,6445009990,Male,$9568.66,XRPEF6782T,0,0,0,0
12563714673,Demetre,Pauwel,1980-12-30,dpauwel1w@bravesites.com,6254573791,Male,$7749.01,UIZGD2413X,0,0,0,0
12531154809,Noll,Ewers,1982-07-29,newers1x@cam.ac.uk,4949590961,Male,$5615.69,YVHEN2032H,0,0,0,0
12579917608,Christina,McRobbie,1991-08-06,cmcrobbie1y@stumbleupon.com,5178621284,Female,$5260.74,UHSMY6001D,0,0,0,0
12522603781,Leilah,Dancy,1966-02-08,ldancy1z@forbes.com,5214277888,Female,$8708.70,KALJN2628V,0,0,0,0
12553846089,Byrann,Vigers,1988-01-10,bvigers20@example.com,7361506150,Male,$9151.45,NPNBJ1519R,0,0,0,0
12579103691,Gregorius,Chaldecott,1993-12-07,gchaldecott21@time.com,6885646075,Male,$9418.92,YLVYL2251X,0,0,0,0
12536643151,Jefferson,Vassay,1971-03-07,jvassay22@huffingtonpost.com,2931945616,Male,$8464.79,AGIFO0396H,0,1,0,0
12550362670,Taite,Girling,1964-06-15,tgirling23@clickbank.net,8623220578,Male,$7198.80,SRFVG1092G,0,0,0,0
12562788178,Noll,Gerner,1998-04-18,ngerner24@ibm.com,4223991691,Male,$3774.62,WQIEY2282C,0,0,0,0
12587202244,Egon,Gadie,1968-02-07,egadie25@biglobe.ne.jp,5011776078,Male,$5268.86,FXZGP1918J,0,0,0,0
12516569152,Dieter,Sabbin,1961-08-27,dsabbin26@yolasite.com,2999115279,Male,$9588.25,ESDEY1922N,0,0,0,0
12556163473,Pyotr,Tripean,1971-09-28,ptripean27@who.int,6959231245,Male,$9172.89,ANBSN5883M,1,0,0,0
12508239262,Chris,Widdocks,1987-06-25,cwiddocks28@vimeo.com,7384633852,Female,$6148.12,EJZFH1640E,0,0,0,0
12549289353,Rosamond,Shard,1962-08-26,rshard29@canalblog.com,8478256051,Female,$7390.87,DXWMQ7922M,0,0,0,0
12572575638,Lanny,Chavez,1968-07-03,lchavez2a@typepad.com,1464361311,Male,$8583.11,SIYXK1473F,0,0,0,0
12508025080,Caryl,Longcaster,1970-12-10,clongcaster2b@angelfire.com,5402345870,Female,$5588.03,IDIJI4480Q,1,0,0,0
12500247202,Goober,McBeath,1976-12-26,gmcbeath2c@si.edu,2806645948,Male,$8905.05,DSLYW6586U,0,0,0,0
12543590066,Zarla,Tomasello,1978-11-23,ztomasello2d@mayoclinic.com,3173244394,Female,$2641.09,WIKUE5143R,0,0,1,0
12522204945,Helaina,Jagger,1960-05-20,hjagger2e@ihg.com,4924367897,Female,$5320.09,ZWZXQ2037J,0,0,0,0
12576200140,Selestina,Shier,1980-07-22,sshier2f@hatena.ne.jp,9372286019,Female,$8303.20,EWLFR1313I,0,0,0,0
12561302218,Henrietta,Peet,1973-08-13,hpeet2g@miibeian.gov.cn,6314389577,Female,$4912.91,FBMZM3379R,0,0,0,1
12590378435,Corabelle,Farragher,1998-05-27,cfarragher2h@archive.org,9468063616,Female,$6298.69,YTCWA8112V,1,0,0,0
12535631452,Orville,Abisetti,1973-05-20,oabisetti2i@webmd.com,4944730680,Male,$3074.02,BUZIM5608D,0,0,0,0
12552955019,Giustino,Freiburger,1970-06-30,gfreiburger2j@ft.com,5239146738,Male,$10423.26,TJFVT3247Y,0,0,0,0
12544260375,Lyn,Tainton,2000-01-10,ltainton2k@techcrunch.com,9749231727,Male,$8187.21,JUXYW8105R,0,0,0,0
12579179697,Hilary,Fairy,1973-08-21,hfairy2l@etsy.com,9647296586,Female,$4180.21,SIZRI8777S,1,0,0,0
12500966802,Janene,Irnys,1972-09-13,jirnys2m@pbs.org,7643965075,Female,$6540.42,TREPZ3780X,0,0,0,0
12524084965,Lance,Dunnet,1981-03-22,ldunnet2n@house.gov,6052180350,Male,$3034.47,MWCFV4895L,0,0,0,0
12574307655,Bibbie,Coates,1964-10-19,bcoates2o@live.com,9472543286,Female,$4233.44,TFOIK1200I,0,0,0,0
12557607521,Hillary,De Atta,2000-08-05,hdeatta2p@networksolutions.com,4006872772,Male,$7008.58,FXIMY7947K,0,0,0,0
12515829494,Gerrard,Raiker,1988-10-07,graiker2q@chronoengine.com,5662002177,Male,$2925.08,LQYAL5618E,0,0,0,0
12529948055,Dinah,Winsor,1972-08-29,dwinsor2r@studiopress.com,8279589421,Female,$8267.88,XYUWH7745E,0,0,0,0
12540828338,Alec,Barense,1979-11-30,abarense2s@virginia.edu,5966733704,Male,$3733.20,FIHPO5563M,0,0,0,0
12594459990,Doti,Orbon,1978-05-24,dorbon2t@nhs.uk,9133570114,Female,$10026.06,KBILR3000F,0,0,0,0
12504366119,Deva,Le Houx,1996-09-15,dlehoux2u@diigo.com,7129697938,Female,$3865.43,ZKNEV6680H,0,0,0,0
12547983492,Titus,Showt,1966-12-14,tshowt2v@flavors.me,7909419547,Male,$8690.61,PMUPR1079F,0,0,0,0
12535361382,Paloma,Gwin,1983-06-08,pgwin2w@discovery.com,4165791163,Female,$2671.81,JVCUJ8975A,0,0,0,0
12532240639,Isidro,Wonham,1978-11-02,iwonham2x@stumbleupon.com,7181292012,Male,$10067.05,QXHJM6778L,0,0,0,0
12557041017,Trenton,Switzer,1997-07-20,tswitzer2y@163.com,2569060335,Male,$5140.11,TVXQS0388W,0,1,0,0
12512789403,Correy,Pinshon,1969-06-04,cpinshon2z@yahoo.co.jp,9939096587,Female,$7603.55,OJIHS1491X,0,1,0,0
12558635203,Claudius,Kale,1979-11-14,ckale30@cam.ac.uk,7882150275,Male,$10248.72,DZKOB3050I,0,0,0,0
12560592382,Ervin,Andreacci,1972-02-19,eandreacci31@sciencedirect.com,4988961024,Male,$5703.18,HGZHO4842A,1,1,0,0
12515571003,Ron,Lutty,1993-04-27,rlutty32@blinklist.com,9844362521,Polygender,$7500.00,WFQWQ1692J,0,0,0,0
12528004935,Penelope,Buxsy,1988-12-08,pbuxsy33@bloglines.com,3955992768,Female,$8962.05,MMRNO9328F,0,0,0,0
12550627938,Murdoch,Dullard,1978-09-13,mdullard34@i2i.jp,6923569245,Male,$4576.53,IWDPA6945U,0,0,0,0
12521500407,Neale,Alldread,1974-02-22,nalldread35@g.co,9734450114,Male,$2753.17,KAICF1436P,0,0,0,0
12573317912,Berke,Philippon,1993-05-06,bphilippon36@cisco.com,6662984970,Male,$5882.47,MOWRL7362F,1,0,0,0
12538835367,Betti,Stockford,1989-03-05,bstockford37@merriam-webster.com,4088654948,Female,$4357.73,KLSCO3320I,1,0,0,0
12589111289,Corey,Syddon,1971-03-28,csyddon38@washingtonpost.com,3449967691,Female,$6305.03,AGJBE0311L,0,0,0,0
12545829836,Corliss,Hamprecht,1989-11-03,champrecht39@behance.net,5077044782,Female,$5835.97,RESYB0066A,0,0,0,0
12513333050,Nissy,Tunnacliffe,1969-10-25,ntunnacliffe3a@123-reg.co.uk,2416261194,Female,$8628.08,WOIHU5274H,0,1,0,0
12514320208,L;urette,Keward,1978-02-27,lkeward3b@dedecms.com,6007965344,Female,$4608.45,ILBNH2827Z,0,0,0,0
12522653750,Dorena,Itchingham,1984-11-22,ditchingham3c@ucoz.com,6048872440,Female,$3652.85,CIDXH3225T,0,0,0,0
12515284872,Gilberta,Allingham,1971-04-12,gallingham3d@bravesites.com,5909808541,Genderfluid,$4119.99,OIZLV9995D,0,0,0,0
12599767623,Kelcey,Bartul,1978-06-12,kbartul3e@cisco.com,8417208123,Female,$3605.62,UAIQN2906F,0,0,0,0
12598223403,Kaila,McCardle,1994-10-26,kmccardle3f@cyberchimps.com,4289231266,Female,$5896.11,JZLIU8933S,0,0,0,0
12574606024,Tommi,Migheli,1982-01-31,tmigheli3g@desdev.cn,7621862239,Female,$3929.28,HBRJS6793F,0,0,0,0
12561774467,Adrea,Fluger,1995-11-07,afluger3h@myspace.com,5754737412,Female,$7974.62,HFFXE9830E,0,0,0,0
12536962045,Blinni,Astridge,1992-11-01,bastridge3i@redcross.org,5124731906,Female,$2765.22,SHZBL3123E,0,0,0,0
12552721281,Moses,Kernermann,1981-03-26,mkernermann3j@hatena.ne.jp,6368666148,Male,$4823.05,HWFGR3596J,0,0,0,0
12542943276,Gilbertina,Grumley,1998-11-21,ggrumley3k@deviantart.com,4537927036,Female,$8241.37,XUAMC9372Y,0,0,0,0
12575157386,Cody,Danahar,1977-09-30,cdanahar3l@vimeo.com,1495539872,Male,$5995.31,QODNG8360A,1,0,0,0
12540148763,Germana,Younghusband,1968-11-07,gyounghusband3m@google.com.br,6161695721,Female,$4036.42,RWULO2739N,0,0,0,0
12503498330,Winni,Laden,1961-05-08,wladen3n@arizona.edu,9458091081,Female,$7029.20,WBKZL7034C,1,1,0,0
12525822714,Carolina,Clifford,1969-06-22,cclifford3o@thetimes.co.uk,4987301316,Female,$8126.14,YDAMR9518R,0,0,0,0
12517646833,Rog,Duplock,1995-06-08,rduplock3p@wikipedia.org,7708198122,Male,$6549.82,ARDNY3262I,0,0,0,1
12509312128,Burnaby,Towndrow,1980-07-13,btowndrow3q@yahoo.com,8507479962,Male,$9775.12,VAIAS3703N,0,0,0,0
12585210931,Jefferson,Sarjant,1987-11-13,jsarjant3r@storify.com,4002821705,Male,$2543.21,YFJXM2576A,0,0,0,0
12516529653,Babb,Marney,1969-07-21,bmarney3s@bloglines.com,8125164614,Female,$8208.37,THUVA8284H,0,0,0,0
12553120183,Kendell,Melmeth,1965-10-29,kmelmeth3t@rakuten.co.jp,4243185571,Male,$7676.85,SITOE3400S,0,0,0,0
12543917968,Rhoda,Writer,1998-09-26,rwriter3u@weather.com,5283041328,Female,$8368.87,NXUZK7750M,0,0,0,0
12554971181,Brandy,Chaffin,1976-11-18,bchaffin3v@weather.com,8089518249,Genderfluid,$6488.82,ZWMSX0723H,0,0,0,1
12552593282,Culver,Flay,1991-03-23,cflay3w@icq.com,8816827152,Male,$7636.84,EVJOJ6831E,0,0,0,0
12566931872,Jada,Vanyashin,1986-11-17,jvanyashin3x@vkontakte.ru,2364310785,Female,$4724.94,ISWZP2132A,0,0,0,0
12546126649,Cozmo,Greystock,1979-11-07,cgreystock3y@usgs.gov,8138703629,Male,$3437.70,MJMSL8186F,0,0,0,0
12524012752,Lin,MacWhirter,1979-02-05,lmacwhirter3z@ucoz.com,8098844600,Male,$3031.58,IBICU0442Q,0,0,0,0
12508918595,Fionna,Julyan,1985-01-27,fjulyan40@elegantthemes.com,3513715677,Female,$4387.71,RNIQD1578F,0,0,0,1
12520771698,Keefe,MacSkeagan,1980-09-10,kmacskeagan41@bandcamp.com,8633933984,Male,$3900.34,YYANJ3113G,1,1,0,0
12575763907,Anna,Jacob,1966-11-20,ajacob42@gravatar.com,7799236512,Female,$9783.49,AXILG1852J,0,0,0,0
12594158835,Rhoda,Gligoraci,1969-01-16,rgligoraci43@dell.com,3762945713,Female,$4826.82,GIQIQ8020R,0,0,0,0
12505929978,Shurlocke,Stoven,1970-08-18,sstoven44@chron.com,2811986718,Male,$3529.38,EQFFL5092L,0,0,0,0
12510089413,Marcile,Essam,1991-09-12,messam45@wordpress.com,8615646642,Female,$4990.81,RGQPD4035Y,1,0,0,0
12588816428,Johnette,Gouge,1964-06-05,jgouge46@histats.com,6674144711,Female,$6698.28,WSVIT9351U,0,0,1,0
12579320835,Tabbie,Busen,1965-01-20,tbusen47@cdc.gov,4904211476,Female,$9539.44,KJWRA3037W,0,1,0,1
12590179411,Deeann,Skoggins,1965-12-17,dskoggins48@networkadvertising.org,5835623421,Female,$10158.54,ZOAMZ1607M,0,0,0,0
12580339943,Giacomo,Timblett,1993-03-28,gtimblett49@facebook.com,5512180860,Genderqueer,$4548.01,SOAGY8309I,0,0,0,0
12581135045,Aindrea,Eggleton,1999-05-15,aeggleton4a@scientificamerican.com,1925003078,Female,$8958.04,UUIEA6114P,0,0,0,0
12568168929,Lizzy,Maestro,1968-11-14,lmaestro4b@unblog.fr,7018622363,Female,$5393.08,HQUIH6294C,0,0,0,1
12537835024,Charita,McKeurtan,1964-04-10,cmckeurtan4c@globo.com,7185426555,Female,$5999.88,XPCCD0787V,0,0,0,0
12557393931,Margret,Blant,2000-09-05,mblant4d@nbcnews.com,6607140497,Female,$2769.31,SLSDN1131Q,0,1,1,0
12550775952,Benyamin,Vasilchenko,1993-02-28,bvasilchenko4e@51.la,9267337017,Male,$3249.44,QHCNX3703M,0,0,0,0
12517444867,Caralie,Bednell,1979-04-07,cbednell4f@w3.org,1946745736,Female,$8254.87,KYAVR2647Q,0,0,0,0
12547976525,Ciel,Wyon,1961-05-01,cwyon4g@lycos.com,3098219192,Female,$9413.55,JXBRZ1660J,0,0,0,0
12580153268,Lois,Bascombe,1961-08-18,lbascombe4h@go.com,9577186350,Female,$9576.75,HNMUN2022S,1,0,0,0
12545896537,Anjela,Drever,1988-09-04,adrever4i@yelp.com,7135230388,Female,$7379.56,PCYAW3552X,0,0,0,0
12586090177,Shelba,Stump,1996-06-25,sstump4j@gov.uk,9191841190,Female,$3794.67,HYYNS1146P,0,0,0,0
12537273116,Matilde,Krollman,1965-08-14,mkrollman4k@prlog.org,9521215235,Non-binary,$9447.78,URYGM6600M,0,0,0,0
12556355699,Elvis,Deeman,1963-03-06,edeeman4l@creativecommons.org,2141700710,Male,$3689.99,BKJQM9757W,0,0,0,0
12579040741,Giuditta,Puller,1968-03-30,gpuller4m@addthis.com,8896060128,Female,$10284.21,DKNZI1751Y,0,0,0,0
12555299714,Norean,Myers,1989-03-08,nmyers4n@accuweather.com,4991365925,Female,$3603.00,MMWPR1206Y,0,1,0,0
12523526273,Ebeneser,Carthew,1984-09-27,ecarthew4o@google.co.jp,6075608025,Male,$8749.31,EGFAJ0027C,0,0,0,0
12594925309,Crystal,Osgar,1991-04-08,cosgar4p@soundcloud.com,8951250366,Polygender,$3369.40,HOBOP4563W,0,0,0,0
12540422648,Iorgos,Mutch,1970-06-26,imutch4q@barnesandnoble.com,7535929158,Male,$4295.43,LIUDC1366D,0,1,0,0
12561157614,Jerrine,Lowndesbrough,1972-12-02,jlowndesbrough4r@lulu.com,2461742846,Female,$6363.68,ZOOKJ2634N,0,0,0,0
12537973616,Terra,Cockell,1976-06-15,tcockell4s@bloglovin.com,3661893918,Agender,$4134.11,OYGZO2215S,0,1,0,0
12519750901,Clarey,Neward,1985-11-20,cneward4t@thetimes.co.uk,7242868214,Female,$9522.14,NGLON2971B,0,0,0,1
12562673732,Anders,Rault,1992-05-01,arault4u@wikipedia.org,7315303598,Male,$8588.38,ORSHC8958P,0,0,0,0
12535038663,Lanna,Woollett,1974-02-11,lwoollett4v@chronoengine.com,1965776109,Non-binary,$6083.52,AFHDH5222P,0,0,0,0
12562469760,Benoite,Josefowicz,1987-12-14,bjosefowicz4w@homestead.com,8099512012,Female,$6302.78,AJFRQ5989E,0,0,0,0
12536496294,Annnora,Kennerley,1967-03-22,akennerley4x@ucla.edu,6519702902,Female,$9550.12,IORRF4500B,0,0,0,0
12571228731,Eamon,Tillot,1980-01-16,etillot4y@state.tx.us,8491659111,Male,$8041.83,BLEWB6385I,0,1,0,1
12509284191,Theressa,Farherty,1967-08-01,tfarherty4z@google.com,4825631256,Female,$6827.33,UUDEG7728M,0,0,0,0
12504037574,Jacinta,Gear,1994-04-20,jgear50@illinois.edu,4402607406,Female,$4094.46,AEMUO4921G,1,0,0,0
12548084241,Estelle,Bagot,1966-08-08,ebagot51@wikipedia.org,6035825151,Female,$8837.14,UCIFW9487U,0,0,0,0
12595645296,Rubia,Lorey,1987-07-13,rlorey52@4shared.com,3217385268,Female,$7257.74,NXHJO0633K,0,0,0,0
12586580970,Antonius,Lunk,1991-12-13,alunk53@arstechnica.com,2347969443,Male,$9789.03,DUFLU2492Y,0,0,0,0
12550537836,Maribelle,Challens,1980-04-12,mchallens54@economist.com,9646606835,Female,$6863.22,JLZZI9734D,0,0,0,0
12563417260,Britney,Moodie,1976-10-20,bmoodie55@nsw.gov.au,7842719689,Female,$5287.56,ZGGDD5918W,1,0,0,1
12585368918,Elenore,Angless,1987-03-27,eangless56@woothemes.com,2601855550,Female,$5993.47,LMVTD5420G,0,0,0,0
12507860835,Kaitlynn,Gitsham,1984-09-08,kgitsham57@yahoo.co.jp,5472271742,Polygender,$7436.58,VARXV9056H,0,0,0,0
12590492361,Wyatt,Wakeley,1991-03-11,wwakeley58@quantcast.com,9452847147,Male,$4305.08,RAZJQ8411Y,1,1,0,1
12596027482,Kare,O'Currine,1991-03-19,kocurrine59@tripadvisor.com,4478443780,Female,$9169.28,AGZGK0756X,0,0,0,0
12577824570,Ailene,Hallyburton,1990-11-22,ahallyburton5a@studiopress.com,6505387560,Female,$4433.43,COQLL8283Z,0,1,0,0
12560814862,Wait,McCarrell,1988-01-18,wmccarrell5b@google.fr,5531677579,Male,$4482.56,KWYHP9407M,0,0,0,1
12556206896,Kate,Baty,1969-06-12,kbaty5c@senate.gov,9129637423,Female,$9381.35,LREDF6237J,0,0,1,0
12547040442,Maximo,Swigger,1961-07-09,mswigger5d@xing.com,9002269261,Male,$6015.58,CCVGC5582G,0,0,0,0
12556261796,Alexandros,Fowlston,1993-05-09,afowlston5e@twitter.com,3146644428,Male,$4092.74,BEPVT5169A,0,0,0,0
12527326002,John,Rosettini,1975-08-09,jrosettini5f@technorati.com,5133694386,Male,$5066.15,OUIOS7183K,0,0,0,1
12554463225,Rollie,Gilhouley,1960-06-08,rgilhouley5g@businesswire.com,4072878330,Male,$8180.02,ZODXR9382B,0,0,0,0
12500184615,Jessamyn,Crellin,1986-07-10,jcrellin5h@nature.com,7996641150,Female,$9182.26,QFQMN9742M,0,0,0,0
12583269495,Benyamin,Harral,1985-08-08,bharral5i@free.fr,8279291356,Male,$3273.44,NHXPG1630T,0,0,0,0
12586980891,Hyacinthe,Sawart,1975-09-02,hsawart5j@europa.eu,4016747589,Female,$7326.61,XLIKS4241R,0,0,0,0
12560521554,Lana,Scutchings,1963-04-07,lscutchings5k@baidu.com,4024901422,Female,$6587.85,IJCBR0407Q,0,0,0,0
12531275630,Trixy,Andrys,1971-04-28,tandrys5l@gravatar.com,6156933537,Female,$4564.14,WJTCV0499N,0,0,0,0
12548980783,Jerrome,Foister,1983-09-27,jfoister5m@mayoclinic.com,7723112187,Male,$3793.97,QDVCE8490G,0,1,0,0
12547857271,Bobina,Cattel,1960-02-10,bcattel5n@indiegogo.com,7267438475,Female,$10249.22,JELLY7879V,0,0,0,1
12516721959,Adelle,Oglethorpe,1968-03-25,aoglethorpe5o@barnesandnoble.com,9301707726,Female,$7771.45,CQJPF5851A,1,1,0,0
12557117682,Bryan,Fronks,2000-10-11,bfronks5p@psu.edu,6502813772,Male,$7614.38,TZSKL5383S,0,0,0,0
12568909800,Gwenni,Arrault,1977-06-18,garrault5q@omniture.com,8632319993,Female,$3178.95,BXDOM7926G,0,0,0,1
12539019966,Randene,Wasbey,2000-05-18,rwasbey5r@ihg.com,1084528450,Female,$7937.81,WAUPT1410Z,0,0,0,1
12524702871,Magdaia,Allsup,1974-07-17,mallsup5s@blogger.com,8117506574,Female,$7288.62,RWGCK9497D,0,1,0,0
12576104216,Earle,Bardwell,1987-07-22,ebardwell5t@arizona.edu,3681161921,Genderfluid,$3259.47,CQXAU6230O,0,0,0,0
12500750779,Felice,Quinn,1967-06-26,fquinn5u@bandcamp.com,3246138929,Female,$6706.65,UPXBS9264D,1,0,0,1
12511323807,Gert,Kaiser,1971-03-04,gkaiser5v@wikispaces.com,1043161756,Female,$7977.69,UPMUW9959S,0,0,0,0
12568623154,Blinny,Oldford,1962-01-18,boldford5w@edublogs.org,9885805042,Female,$10178.98,BUVSD5413H,0,1,0,0
12598479214,Hebert,Ebdon,1961-12-12,hebdon5x@miitbeian.gov.cn,1819745930,Male,$3478.37,BYAQZ6155R,0,0,0,0
12543313394,Horton,Bower,1972-03-31,hbower5y@liveinternet.ru,8892330756,Agender,$8949.91,FZXAA6445S,0,0,0,0
12524861346,Finley,Woolner,1979-01-23,fwoolner5z@senate.gov,8837665807,Genderfluid,$3562.96,GLIMZ1417B,0,0,0,1
12592534589,Aldrich,Oliver-Paull,1980-03-26,aoliverpaull60@xrea.com,9984321871,Male,$8964.27,IABLP0091U,0,0,0,0
12549872690,Ellynn,Pigden,1978-07-20,epigden61@ezinearticles.com,5756179274,Female,$7645.86,YBHAZ9410Y,0,0,0,0
12590677456,Nadean,Housin,1982-05-23,nhousin62@toplist.cz,8181153404,Female,$8645.74,PGJTH1084R,0,0,0,0
12534086509,Yule,Jeppensen,1986-04-13,yjeppensen63@miitbeian.gov.cn,6852965309,Male,$10359.37,WUSZZ8809H,0,0,0,0
12519775294,Benedikt,Camoys,1962-10-11,bcamoys64@discovery.com,4126411363,Male,$3375.44,VQDYV1593H,0,0,0,0
12532510627,Cymbre,Railton,1967-04-25,crailton65@networkadvertising.org,8869538592,Female,$5071.52,QDQST7328T,0,0,0,1
12567019293,Carolan,Woodyatt,1971-09-09,cwoodyatt66@sitemeter.com,4347725836,Female,$9111.41,QWBFN5294N,1,0,0,0
12504438589,Shanie,Kitto,1992-02-07,skitto67@mozilla.com,4584194149,Female,$5508.13,AEDIE6676A,0,0,0,0
12522527426,Sayres,Ainsworth,1993-10-07,sainsworth68@smugmug.com,8444693195,Agender,$6888.19,RLQFC3661O,0,0,0,0
12576081586,Walker,Northley,1994-04-18,wnorthley69@parallels.com,1454924850,Male,$6681.84,SAIZH3826L,0,0,0,0
12531013866,Gracia,Flemmich,1985-01-01,gflemmich6a@jalbum.net,7043868209,Female,$3381.66,GTXLA2678H,0,0,0,0
12506516084,Caitrin,Major,1974-08-02,cmajor6b@addtoany.com,7618607931,Female,$4567.02,ZFBVS3355R,1,0,0,0
12501449897,Dori,Forgan,1963-04-04,dforgan6c@arstechnica.com,7364365811,Female,$6287.63,XJPVW2788P,0,0,0,0
12522502758,Eimile,McCarron,1972-06-22,emccarron6d@google.com,7731990064,Female,$6421.81,NUBRD0454D,1,1,0,0
12541415799,Sharyl,Merryman,1989-11-15,smerryman6e@uol.com.br,2905838906,Genderqueer,$6050.89,BIOQO4814G,0,0,0,0
12582651292,Sheffy,Robertis,1992-05-09,srobertis6f@cnbc.com,5919034991,Male,$5677.23,PVXDT6242S,0,0,0,0
12514474519,Tarrah,Bencher,1992-06-02,tbencher6g@ovh.net,9858278686,Female,$9094.15,JOOIE8909H,0,0,0,0
12507460344,Jayson,Frankling,1969-07-12,jfrankling6h@ihg.com,3931220902,Male,$7795.44,ZDTIC1742D,0,0,0,0
12549624121,Grier,Gaishson,1969-07-21,ggaishson6i@cbc.ca,3508190115,Female,$4899.21,WOXVY3166Z,0,0,1,0
12553167504,Chiquia,Keyser,1960-10-06,ckeyser6j@earthlink.net,8405761188,Female,$2969.03,ZDDIT5670U,0,0,0,0
12567961751,Kleon,Got,1997-09-12,kgot6k@theguardian.com,5363379951,Male,$9484.88,IEMET5635E,0,0,0,1
12500114955,Maisey,Killick,1998-03-17,mkillick6l@amazon.co.uk,4144980935,Female,$9878.67,QODPN1528M,0,0,0,0
12545040376,Maren,Aers,1962-01-17,maers6m@tiny.cc,3749273647,Female,$2776.51,XCSNI7674D,0,0,0,0
12544119199,Katya,Harraway,1964-05-19,kharraway6n@sina.com.cn,4314635268,Polygender,$9681.41,VFWMG1185Q,0,1,0,0
12502449497,Datha,Gladstone,1973-07-31,dgladstone6o@hibu.com,2699883310,Female,$7706.58,RIFZE9567U,0,0,0,0
12549894399,Selig,Ballard,1974-01-13,sballard6p@hao123.com,4044015975,Male,$8822.13,SYPWK7333N,0,0,0,0
12595062925,Reggi,Zanettini,1990-03-15,rzanettini6q@freewebs.com,5939421736,Female,$4246.53,HQTJR1739X,0,0,0,0
12563390891,Franciska,Hounson,1996-07-13,fhounson6r@homestead.com,2316233424,Female,$3148.90,LCXLC9964Z,0,1,0,0
12551013254,Stacee,Wrought,1961-03-28,swrought6s@craigslist.org,5025592441,Male,$7831.35,WPKJO4286R,0,0,0,0
12504963553,Stafani,Odeson,1985-09-20,sodeson6t@dot.gov,2067500156,Polygender,$4745.13,HRBWO1074P,0,1,0,0
12583252584,Caralie,Crocumbe,1997-04-23,ccrocumbe6u@kickstarter.com,7984219506,Female,$5133.72,BZZNW9328W,0,1,0,0
12517538669,Tish,Skip,1960-09-03,tskip6v@4shared.com,6716845652,Female,$4445.52,KOMEH5051H,0,1,0,0
12510619938,Tabina,Camm,1990-12-30,tcamm6w@netscape.com,6516730298,Female,$10466.13,WSWXL6360D,1,0,0,0
12541142575,Corenda,Ewins,1994-08-15,cewins6x@artisteer.com,8735776738,Female,$3315.11,PFCRU7295G,0,0,0,0
12519314597,Cristian,Pinel,1962-09-17,cpinel6y@furl.net,7768131059,Male,$4910.49,WJKKY3446F,0,0,0,0
12578281604,Cyril,Sciacovelli,1992-05-21,csciacovelli6z@furl.net,3469435810,Male,$4310.58,OKOEM1712Y,0,0,0,0
12585921713,Griff,Beveredge,1973-08-30,gbeveredge70@wp.com,2223737306,Male,$5577.67,VAKDW8254B,0,0,0,0
12546573756,Ashia,Santhouse,1962-07-29,asanthouse71@networksolutions.com,2628420295,Female,$10044.40,HWQFU4353M,1,0,0,0
12503543046,Grata,Lowings,1960-06-21,glowings72@weibo.com,7355144069,Female,$2524.44,VSCYU8508K,1,1,0,0
12550184525,Mycah,Oguz,1985-03-20,moguz73@clickbank.net,9479493660,Male,$7182.07,YKBJG4389V,0,0,0,0
12543918195,Netty,Ferneley,1967-07-28,nferneley74@alibaba.com,6137232592,Female,$9616.13,BWOGR0467A,0,0,0,0
12553020317,Harold,Foston,1984-03-15,hfoston75@parallels.com,3722675010,Male,$3482.63,ESHID7799J,1,0,0,0
12528877685,Quinton,Sparway,1995-06-13,qsparway76@qq.com,8956679956,Male,$6367.17,GZVXO5010T,0,0,0,1
12595093310,Harv,Casper,1981-02-28,hcasper77@google.nl,9337628189,Male,$3732.15,ENPFR5674I,0,0,0,0
12553817958,Fayre,Stickler,1962-02-08,fstickler78@gmpg.org,8174507221,Female,$3111.73,KEAZZ7429A,0,0,0,0
12540290974,Bern,Havers,1973-10-23,bhavers79@hugedomains.com,2027282864,Male,$7961.77,ZSZQJ7666X,0,1,0,0
12568843036,Fredek,Enrrico,1973-12-30,fenrrico7a@chronoengine.com,2298980128,Male,$7860.49,INQSL6344J,0,0,0,0
12575459133,Teddie,Killik,1976-06-27,tkillik7b@comsenz.com,1329204123,Female,$6231.12,HRMYK5712H,0,0,0,0
12584209876,Electra,Philipson,1968-02-13,ephilipson7c@engadget.com,1363292941,Female,$7656.45,SKMQB4547K,0,0,0,0
12549083005,Rozalin,Delicate,2000-09-03,rdelicate7d@cmu.edu,4174079152,Female,$9801.07,DQRYF5965A,1,0,0,0
12551127429,Merle,Baldrey,1998-07-29,mbaldrey7e@unblog.fr,2532196320,Female,$7772.06,XCGVN6544E,0,0,0,0
12557031222,Vi,Eyree,1983-11-15,veyree7f@360.cn,1967692144,Bigender,$5048.19,PNTBE9392D,0,0,0,0
12518661361,Gottfried,Geere,1961-04-01,ggeere7g@admin.ch,2793918374,Male,$8952.05,NBLUP6404T,0,1,0,0
12513539155,Marj,Duff,1972-10-12,mduff7h@photobucket.com,1433099541,Female,$6169.65,ZOAGL8400Q,1,0,0,0
12590579913,Ivar,Abby,1995-07-01,iabby7i@networkadvertising.org,4647551213,Bigender,$3202.23,VRGJO5998M,0,0,0,1
12551752157,Casandra,Peverell,1998-08-26,cpeverell7j@usatoday.com,3985787227,Female,$9935.63,BSHAD8837D,0,0,0,0
12539482104,Beitris,Karlicek,1986-08-28,bkarlicek7k@twitter.com,5353840693,Female,$9857.60,BGEJJ0069J,1,0,0,0
12525738849,Murdock,Andrysiak,1998-09-19,mandrysiak7l@xinhuanet.com,4763468430,Polygender,$6683.53,ZSJBV2696H,0,0,0,0
12570607979,Drake,Guerrier,1980-12-21,dguerrier7m@jigsy.com,1692614565,Male,$3252.53,CFEBS6100L,1,1,0,0
12570510115,Celisse,Mepsted,1964-12-20,cmepsted7n@yellowbook.com,9187847242,Female,$2514.14,XUSBD1653T,0,0,0,0
12598590340,Meg,Blackley,2000-05-15,mblackley7o@time.com,3879837192,Female,$5504.18,YHUGM9646Q,1,1,0,0
12514793665,Alistair,Batchan,1988-03-12,abatchan7p@npr.org,2015096635,Male,$6221.53,OUPLV1777G,0,1,0,0
12548323070,Patsy,Tesdale,1996-07-24,ptesdale7q@cpanel.net,3701243389,Male,$3927.73,PPDML5242P,0,0,0,0
12593008144,Magda,Coping,1975-07-26,mcoping7r@wikia.com,1057501666,Polygender,$2625.13,KRONZ9234Q,0,1,0,0
12575293552,Rosene,Boscher,1966-12-17,rboscher7s@bluehost.com,1005800076,Female,$5414.25,IINQJ1547K,0,0,0,0
12534803110,Genevieve,Worton,1982-09-19,gworton7t@yahoo.com,9343101061,Female,$3047.40,RWLYL1190H,0,0,0,0
12515735200,Anders,Edser,1962-01-03,aedser7u@cnbc.com,4939829489,Male,$5369.52,DDLBE4963E,1,0,0,0
12511440777,Michel,Jarnell,1989-12-31,mjarnell7v@biblegateway.com,7431500961,Female,$9152.83,EISXJ5097J,1,0,0,0
12528386330,Elly,O'Caherny,1977-01-04,eocaherny7w@hhs.gov,9497313192,Polygender,$4783.51,JDYND3816O,0,0,0,0
12516967255,Dyan,Garrow,1987-09-12,dgarrow7x@furl.net,5696200921,Female,$3094.11,JKCVS9371H,0,0,0,0
12517823360,Hermie,Driussi,1973-01-17,hdriussi7y@newyorker.com,8899858452,Male,$7660.99,EBRJZ3855F,0,0,0,0
12506114738,Hoebart,Bevens,1997-07-19,hbevens7z@etsy.com,4456877573,Male,$2712.07,ERXOA8694P,0,1,0,0
12563990355,Quentin,Northeast,1960-05-11,qnortheast80@tripadvisor.com,8889310283,Male,$3547.11,VINET1140B,0,0,0,0
12534845192,Fedora,Ivermee,1980-01-20,fivermee81@nsw.gov.au,6466495094,Female,$5309.79,YRPUR8032M,0,0,0,0
12518194905,Quent,Allaway,1989-03-19,qallaway82@soup.io,7248862387,Non-binary,$8933.07,USNTX3045E,0,1,0,0
12555442821,Maude,Uvedale,1980-07-07,muvedale83@cnn.com,5233316959,Female,$6072.95,ZUKGX1118B,0,0,0,0
12510620015,Aigneis,Phelipeau,1988-01-04,aphelipeau84@domainmarket.com,6463575453,Female,$5515.81,SOTVN2558I,0,0,0,0
12512861336,Kakalina,Bellay,1964-04-17,kbellay85@webs.com,4987918806,Female,$9296.31,OABFY3547A,0,0,0,0
12597367438,Simon,Ozintsev,1996-10-20,sozintsev86@techcrunch.com,1346163982,Male,$2618.61,NNUHA5623J,0,0,0,0
12566088338,Violante,Popov,2000-04-05,vpopov87@skyrock.com,5082466079,Female,$4505.60,OQDNU1560N,0,0,0,0
12509536290,Guenevere,Devas,1962-06-16,gdevas88@examiner.com,6122111277,Female,$8243.10,PLOII5966I,0,0,0,0
12577032397,Mayer,Cherry,1972-12-28,mcherry89@about.com,6362053118,Male,$5569.04,BDQAP9940S,0,0,0,0
12578379580,Levon,Creany,1972-06-28,lcreany8a@dedecms.com,9092019935,Male,$7455.63,THHMM1591Q,0,0,0,0
12560589867,Flossie,Stollenhof,1985-09-18,fstollenhof8b@wikispaces.com,1668904814,Female,$3918.75,LCXST4476P,0,0,0,0
12529876993,Ardene,Straniero,1999-12-01,astraniero8c@4shared.com,4667518246,Female,$2817.70,MIHTO7026W,0,0,0,0
12578056744,Gardner,Colwell,1979-04-02,gcolwell8d@rakuten.co.jp,2151873873,Male,$9875.14,CFTSX3293Z,1,0,0,0
12569548818,Annabel,Scamerden,1973-07-28,ascamerden8e@opensource.org,4101718218,Female,$8520.17,IOUJB4025C,0,0,1,0
12562018627,Erwin,Labbati,1999-07-01,elabbati8f@e-recht24.de,7553676121,Male,$6920.58,BJQGR8665R,0,0,0,0
12545008229,Orbadiah,Hein,1978-01-04,ohein8g@feedburner.com,8554285711,Polygender,$4927.01,FLLJM8876B,0,0,0,0
12557502479,Cyndie,Woollaston,1960-02-11,cwoollaston8h@imdb.com,9668642972,Female,$9812.32,ABQQD1739X,0,0,0,0
12540149585,Feodor,Byne,1986-03-15,fbyne8i@flickr.com,6988351210,Male,$8978.24,OSRCV9595F,0,0,0,1
12569013671,Flin,Tomblett,1993-02-27,ftomblett8j@zdnet.com,2725246664,Male,$8675.36,AEWCE5813T,0,0,0,0
12559040236,Murray,Micklem,1998-04-22,mmicklem8k@google.nl,1179222584,Male,$4846.86,IDIFC1863I,0,0,0,0
12501505349,Caldwell,Sharples,1962-02-12,csharples8l@virginia.edu,3664548779,Male,$2779.34,GTIEP3402P,1,0,0,0
12562896196,Euphemia,Tieman,1981-03-07,etieman8m@biblegateway.com,8629815735,Female,$6708.83,BAGHO8174X,0,0,0,0
12545069348,Fern,Glanville,1975-03-31,fglanville8n@tiny.cc,3409128486,Female,$3427.95,ZVRVN4887F,0,0,0,0
12593037588,Kira,Mapholm,1980-11-28,kmapholm8o@t-online.de,6543934385,Female,$6415.52,YQRJK3811C,0,0,0,1
12579073194,Adena,Trahearn,2000-05-28,atrahearn8p@bluehost.com,7399229198,Agender,$3302.23,VVLQX6938N,0,0,0,0
12555289131,Donnajean,Jiggle,1973-01-21,djiggle8q@51.la,5791188816,Female,$9957.05,WWLSF0599D,0,0,0,0
12540567710,Faina,Arstall,1961-03-28,farstall8r@wordpress.com,6885317172,Female,$3464.89,DFIEL2371X,1,0,0,0
12595217242,Georas,Spittall,1988-09-29,gspittall8s@seesaa.net,5761852426,Male,$9664.71,VRMWB6543T,0,0,0,0
12573447470,Gerald,Cuffley,1966-05-12,gcuffley8t@wp.com,2052388093,Male,$6150.26,HFRCN1158Y,1,0,0,0
12592411665,Pinchas,Mundford,1972-07-13,pmundford8u@upenn.edu,9062167287,Male,$10144.69,HYACG8061P,0,0,0,0
12552486068,Herman,Prydden,1973-08-03,hprydden8v@fema.gov,6352726936,Polygender,$9138.96,SYLUC2829D,0,0,0,0
12595062554,Turner,Mulvaney,1996-09-30,tmulvaney8w@tinyurl.com,3603550072,Male,$4415.53,WUEIL4371V,0,0,0,0
12506795220,Artair,Champken,1976-05-04,achampken8x@harvard.edu,6446510459,Male,$10175.51,RHTFC7585B,0,0,0,1
12502014550,Desdemona,Stolberger,1963-03-20,dstolberger8y@wix.com,6076506039,Agender,$9921.84,YXTZI2610C,0,0,0,0
12521902042,Arty,Pallasch,1964-02-18,apallasch8z@mlb.com,4489438589,Male,$7627.67,MQBVX8608T,0,1,0,0
12504629869,Garvy,Mallabon,1972-05-25,gmallabon90@engadget.com,2777824709,Male,$8124.00,ZSZBT5958P,0,1,0,0
12553617258,Alberto,Boakes,1963-08-08,aboakes91@qq.com,2686727244,Male,$6202.38,BUWLB3526S,1,0,0,0
12581891977,Jeth,Hasnip,1976-04-14,jhasnip92@wikia.com,1661989365,Male,$6242.91,IJQRX2136I,0,0,0,0
12580232972,Barri,MacEnelly,1963-12-11,bmacenelly93@toplist.cz,1367331586,Male,$7503.63,QNNVN2041K,0,0,0,0
12574371273,Giorgio,Adlard,1975-05-11,gadlard94@unicef.org,4336565871,Male,$8613.66,TJGSQ9485H,0,0,0,0
12523566153,Roseanne,Probets,1978-11-23,rprobets95@sciencedaily.com,1336878180,Polygender,$6594.16,IJHVI5776X,0,0,0,0
12555083972,Josee,Priestley,1963-05-11,jpriestley96@aol.com,8195492480,Female,$5102.31,CLVVO5783B,0,0,0,0
12591775193,Marion,Gaffon,1969-02-23,mgaffon97@imgur.com,4544607962,Female,$9281.50,AEBKK4991Z,0,0,0,0
12587501819,Alon,Poate,1983-08-05,apoate98@ucoz.ru,8281734014,Male,$8429.67,YJAEA3384G,1,0,0,0
12548096558,Cortney,Wenn,1995-01-01,cwenn99@moonfruit.com,4516678879,Female,$10353.99,XBTDY5989P,0,0,0,0
12509866091,Randal,Doulton,1984-06-14,rdoulton9a@virginia.edu,6822317120,Genderqueer,$9376.90,DMNRD0221V,0,0,0,0
12593071221,Rasla,Knocker,1967-09-09,rknocker9b@wisc.edu,7633991656,Female,$6360.57,GUIWC3074D,1,0,0,0
12561703924,Ezra,Housley,1974-12-07,ehousley9c@tinyurl.com,2604013827,Male,$3944.75,OAXFS5175M,0,0,0,0
12522860257,Gaston,Bleasdale,1991-12-11,gbleasdale9d@nba.com,3508294874,Male,$6165.61,PCLNS0521T,0,0,0,0
12578750377,Judi,Banane,1991-02-21,jbanane9e@ca.gov,8076502609,Female,$6093.68,YQJLU3128H,0,0,0,0
12508501851,Fedora,Scholling,1974-05-30,fscholling9f@tiny.cc,4524718119,Female,$6557.48,EFFHA7544Z,0,1,0,0
12529440712,Martita,Dyos,1996-10-09,mdyos9g@dot.gov,3582890348,Female,$3059.29,RQXOA9514E,0,0,0,0
12563587486,Lindi,McAree,1967-05-08,lmcaree9h@nbcnews.com,3584789172,Female,$4221.47,OIELD0986Z,0,0,0,0
12531603393,Heywood,Bransgrove,1991-09-08,hbransgrove9i@odnoklassniki.ru,3124922957,Male,$9032.70,HICRV1151H,0,0,0,0
12554984447,Wes,Mannering,1964-01-28,wmannering9j@twitter.com,5787009120,Male,$10207.02,VKLTC5097J,0,0,0,0
12514424884,Peterus,Bohea,1996-08-23,pbohea9k@gizmodo.com,1073701921,Male,$9209.72,YRBIS5945X,0,0,0,0
12518972075,Northrop,Thornebarrow,1990-10-30,nthornebarrow9l@arstechnica.com,7656307844,Male,$3383.23,XLCMB8129Y,0,0,0,0
12574061303,Karrah,Cescoti,1985-06-05,kcescoti9m@sphinn.com,4722239349,Female,$8269.79,YLIQN1049C,0,0,0,0
12549006420,Paolo,Burnitt,1971-04-21,pburnitt9n@sogou.com,9929452889,Male,$9710.32,UWZUU1153T,1,0,0,0
12552265214,Jo ann,Choules,1968-01-29,jchoules9o@simplemachines.org,3449183562,Female,$7275.96,UXWON7134L,0,0,0,0
12576868689,Myrvyn,Whiteman,1980-06-08,mwhiteman9p@sakura.ne.jp,9371541390,Male,$7166.48,STZJP4238K,0,0,0,0
12539880681,Lavinie,Cohani,1994-10-23,lcohani9q@instagram.com,7878616134,Female,$7142.48,UCJVY0921U,1,0,0,0
12524333537,Pip,McGilmartin,1988-11-24,pmcgilmartin9r@cornell.edu,9846238225,Male,$7458.57,CICQE5273I,0,0,0,0
12553598497,Morie,MacKnocker,1970-04-15,mmacknocker9s@bravesites.com,5602571627,Male,$5286.76,XTGGF3371B,0,0,0,0
12579046613,Roarke,Downes,1995-05-28,rdownes9t@chron.com,8689030817,Polygender,$8228.95,GYFCY4652Y,0,0,0,0
12575457360,Yule,Tussaine,1966-07-03,ytussaine9u@topsy.com,9314081723,Male,$8694.86,BTJUY7688Y,0,0,0,0
12552233072,Alvinia,Petruszka,1979-08-25,apetruszka9v@sitemeter.com,3917623558,Non-binary,$5577.92,ZGFPG8607J,1,0,0,0
12536759818,Keslie,Playfoot,1969-01-10,kplayfoot9w@drupal.org,6013068528,Female,$7236.95,WYFMG4798A,0,0,0,0
12549488040,Pamelina,Tallant,1993-12-14,ptallant9x@cpanel.net,8199368704,Non-binary,$5950.43,FJLJT2710U,0,0,0,0
12579564828,Hebert,Erley,1971-04-25,herley9y@cbsnews.com,6802786882,Male,$10403.82,FSEPZ8080U,1,0,0,0
12574333365,Bev,Harold,1970-07-06,bharold9z@webeden.co.uk,7495700779,Male,$3626.41,LPASC0826N,0,0,0,0
12533627708,Aylmer,Easterfield,1983-08-12,aeasterfielda0@apple.com,5433596501,Male,$8030.99,UUOPZ6259H,0,0,0,0
12524662690,Trenton,Gentry,1991-12-11,tgentrya1@google.ru,2028239333,Genderfluid,$9452.32,XPMYD3226L,0,0,0,0
12512063750,Jasen,Yellep,1979-12-10,jyellepa2@bloglovin.com,8467572136,Male,$4116.89,JTPFX2585H,0,0,0,0
12582196815,Sydelle,Wickerson,1962-03-09,swickersona3@oracle.com,4743080376,Female,$6938.44,JHBXF8898P,0,0,0,0
12556529726,Devonne,Emes,2000-04-06,demesa4@moonfruit.com,6866022308,Female,$5816.67,HYNMF6043D,0,1,0,0
12517289151,Nessy,Templman,1967-02-19,ntemplmana5@noaa.gov,6016694148,Female,$4815.17,OVRYB7558I,0,0,0,0
12558824264,Wells,Gravet,1970-10-15,wgraveta6@theatlantic.com,1589847488,Male,$8220.69,UZGBX1114Y,0,0,0,0
12507692900,Timmie,Croshaw,1986-12-14,tcroshawa7@mapy.cz,5465601462,Male,$10148.78,DANNJ2497B,1,0,0,0
12518097959,Chadwick,Sevitt,1966-02-14,csevitta8@economist.com,6922729181,Male,$7097.77,EMUHV6706G,0,0,1,1
12574528898,Vivyanne,Dodding,1976-01-18,vdoddinga9@dell.com,3091651679,Female,$6422.14,PQQFB0627M,0,0,0,0
12544555392,Orson,Jedryka,1997-03-03,ojedrykaaa@cyberchimps.com,3118369022,Male,$7677.78,ZQWAW8753Y,0,0,0,0
12569089761,Chanda,Caven,1972-05-21,ccavenab@tinyurl.com,3056750648,Female,$5103.76,WGPCL2139M,1,0,0,0
12585932649,Aurilia,Boyford,1985-12-07,aboyfordac@zdnet.com,9753017064,Female,$6601.67,AJNHX0194G,0,0,0,1
12540676234,Arel,Wheeler,1981-01-18,awheelerad@marriott.com,1123215181,Male,$10026.86,DLLAB1199J,0,0,0,0
12523296259,Johny,Cranham,1996-07-16,jcranhamae@wikipedia.org,3906045205,Male,$7128.99,FRBKV0834H,0,0,1,0
12584950536,Rikki,Killoran,1995-11-23,rkilloranaf@blogtalkradio.com,4008277443,Female,$5191.63,FTGTK0616U,1,0,0,1
12581183463,Kania,Sloegrave,1978-02-17,ksloegraveag@mapy.cz,6628677465,Female,$9205.23,HMJYQ0514T,1,0,0,0
12559662253,Parry,Cullotey,1989-10-27,pculloteyah@multiply.com,1275141183,Male,$5998.78,ADYNH9176F,0,0,0,0
12516897018,Dolorita,Piborn,1992-03-22,dpibornai@diigo.com,5917992179,Female,$10440.56,JPMAP9658X,0,0,0,0
12579416183,Jeromy,Drewry,1975-01-29,jdrewryaj@sciencedaily.com,2067302687,Male,$4883.69,ERORR4902Q,1,0,0,1
12570674157,Gretchen,Angier,1966-03-27,gangierak@naver.com,2765985003,Female,$6595.41,EEHUZ0779Z,0,0,0,0
12503586203,Arda,Twinbrow,1976-08-02,atwinbrowal@cdbaby.com,1604105072,Female,$3500.64,UKAVR9136I,1,0,0,0
12524250584,Pembroke,Croysdale,1989-03-24,pcroysdaleam@oracle.com,7076229346,Male,$7151.19,VGXNN4020I,0,0,0,0
12511845130,Denys,Raveau,1975-10-05,draveauan@nyu.edu,2359703367,Female,$7537.46,XLNYC6584R,0,0,0,0
12549060487,Gregoire,Giraudy,1984-01-31,ggiraudyao@columbia.edu,6679662007,Male,$5447.67,LYRVF3755M,0,0,0,0
12572613334,Tiffy,Baughen,1986-10-08,tbaughenap@answers.com,5223185026,Female,$3365.39,GCNTQ3533Q,1,0,0,0
12592101533,Lillis,Jaher,2000-08-04,ljaheraq@ucoz.ru,7829885228,Female,$3828.35,CQFAD4649A,0,0,0,0
12577821723,Rhodie,Cregg,1993-07-09,rcreggar@goo.gl,4162103366,Bigender,$9207.72,AGWXV2213W,0,0,0,0
12541275521,Demetri,Daniele,1962-09-18,ddanieleas@webmd.com,3226799612,Male,$10238.99,XIJEH5409H,0,0,0,1
12518067565,Maxy,Schout,1975-09-20,mschoutat@berkeley.edu,2373212846,Bigender,$10265.39,SMZQQ8285R,0,0,0,0
12531664881,Darryl,Rispen,1987-12-09,drispenau@mac.com,2275979246,Female,$7831.30,CXDQX9882O,0,0,0,0
12551296392,Briana,Forsdike,1970-03-11,bforsdikeav@studiopress.com,8168790904,Female,$3645.41,ANAYL1619F,0,0,0,0
12595808573,Kata,McElvine,1987-07-23,kmcelvineaw@infoseek.co.jp,9361814561,Female,$6439.24,XUNOB0570B,1,0,0,0
12547418931,Loydie,McCurtin,1999-12-01,lmccurtinax@google.com.hk,6331545870,Male,$10203.24,PQKFR0576L,0,0,0,0
12533352779,Menard,Brumpton,1968-09-04,mbrumptonay@trellian.com,5151511751,Genderqueer,$5262.15,KNXXZ0658M,0,0,0,0
12579509737,Marge,Elacoate,1979-08-05,melacoateaz@huffingtonpost.com,8111593249,Female,$7960.42,AKVUO2006F,1,0,0,0
12581429936,Benedetta,Tunna,1989-04-01,btunnab0@mysql.com,3479083120,Female,$9979.11,WOFKL1793G,0,0,0,0
12511927942,Donielle,Oakden,1996-02-02,doakdenb1@senate.gov,6942949570,Female,$7582.33,XJIQF3241T,0,0,0,0
12571643942,Martelle,Dibdall,1999-04-10,mdibdallb2@dmoz.org,5461333596,Female,$7522.27,KLZFL4532E,0,0,0,0
12562518187,Norby,Cownden,1964-11-16,ncowndenb3@huffingtonpost.com,9406732994,Male,$5842.95,MYEGI1946A,0,1,0,0
12567039924,Linus,Galey,1965-11-18,lgaleyb4@whitehouse.gov,3785796896,Male,$4394.75,IHLEE3419Y,0,0,0,0
12585640996,Shanon,Vater,1976-11-07,svaterb5@usda.gov,3293279902,Female,$10268.79,MBDAA8382A,0,0,0,0
12518176483,Gene,Sucre,1961-08-11,gsucreb6@amazon.de,2046791729,Male,$4947.63,EDNQO1365X,0,0,0,0
12550472497,Gerek,Duckerin,1973-06-27,gduckerinb7@cnbc.com,6037857486,Male,$7660.37,ZHYIO7983V,1,0,0,1
12544856283,Wilhelm,Merryweather,1992-11-19,wmerryweatherb8@thetimes.co.uk,1109990867,Male,$8090.92,ZZUSN8777T,0,0,0,0
12597400523,Rudy,Freschi,1965-01-18,rfreschib9@soundcloud.com,5253264997,Male,$9886.91,UWPWN9965X,1,0,0,0
12564462158,Martin,Bussy,1987-08-09,mbussyba@linkedin.com,1661957734,Non-binary,$4735.25,XVHLM7338K,0,0,0,0
12560842082,Reinwald,Quimby,1981-07-15,rquimbybb@apache.org,2053586686,Male,$2678.07,XROHP2237F,0,0,0,0
12510097451,Henri,Barthot,1998-12-06,hbarthotbc@amazon.co.uk,9708426916,Male,$5094.58,ZOZYH2245I,0,1,0,0
12579694620,Foss,Mallord,1969-11-02,fmallordbd@51.la,6034479975,Male,$6954.68,YIQYV3440P,0,0,0,0
12566893189,Clementia,Newbatt,1981-11-13,cnewbattbe@illinois.edu,4362522389,Female,$4143.81,RUTAB2498E,0,0,1,0
12514233273,Ford,Primmer,1969-02-24,fprimmerbf@networksolutions.com,7515226374,Male,$9232.65,TISNE4402P,0,0,0,0
12585004731,Yolanda,Antonijevic,1988-10-05,yantonijevicbg@hhs.gov,4079605740,Female,$6972.86,URHLE6207G,1,0,0,0
12552318132,Sarine,Corsor,1968-12-10,scorsorbh@tmall.com,4717928487,Female,$2820.17,JRLRE1142G,0,0,0,0
12516936849,Fernande,Whannel,1997-11-05,fwhannelbi@symantec.com,1996109672,Female,$9216.81,WQLSR8999A,1,0,0,0
12563265730,Barbabra,Endrici,1991-08-15,bendricibj@amazonaws.com,1082310807,Female,$6689.82,RDJGH0644U,1,1,0,0
12595623491,Crysta,Gudd,1966-03-24,cguddbk@amazon.co.uk,5928047988,Female,$9951.82,UKNEW7254B,0,0,0,0
12586462843,Meghan,Hethron,1976-02-18,mhethronbl@netscape.com,2727671817,Female,$9966.00,QHESN4505S,0,0,0,0
12501523693,Simmonds,Stirley,1990-11-30,sstirleybm@godaddy.com,8082239715,Male,$2777.04,SITVT6248R,0,0,0,0
12574395299,Hazel,Jakel,1998-05-10,hjakelbn@hibu.com,5196027856,Female,$8627.02,MFBMH9891O,0,0,0,0
12559199773,Emelen,Matterson,1988-07-11,emattersonbo@weebly.com,3256049213,Male,$7628.80,DPXMB7829X,1,0,0,0
12516201385,Bevan,Haeslier,1987-05-21,bhaeslierbp@dot.gov,3009719108,Polygender,$4397.19,JWJJI6436N,1,1,0,0
12554879497,Nicole,Dalla,1974-11-01,ndallabq@latimes.com,4785701154,Female,$6087.48,UJSQI3797F,0,0,0,0
12563134331,Tan,Kroll,1984-07-30,tkrollbr@theatlantic.com,1067356751,Male,$7541.62,DTAEK8035W,0,0,0,0
12587149630,Smitty,Hatliffe,1961-02-26,shatliffebs@is.gd,2986183784,Male,$3052.48,DSYUP3862W,1,0,0,0
12593787946,Mateo,Vannuccinii,1990-06-14,mvannucciniibt@digg.com,1515383582,Male,$8144.21,TLMUY2555G,0,0,0,1
12504237398,Robinett,Aubry,1965-10-08,raubrybu@facebook.com,5611391257,Female,$4887.39,WODQD7001R,0,0,0,0
12578176857,Dewitt,Primmer,1993-03-22,dprimmerbv@joomla.org,4805752661,Male,$2981.71,QNMJU6889E,0,0,0,0
12583745154,Drusie,Starie,1974-03-09,dstariebw@loc.gov,5433808686,Female,$9657.72,RCVUH2667R,0,0,0,0
12590432134,Saree,Cornfield,1981-11-21,scornfieldbx@ox.ac.uk,2861387643,Female,$7144.45,SUOYV0355H,0,1,0,0
12576470064,Hamlen,Jezard,1966-09-14,hjezardby@prlog.org,4495486195,Male,$9950.02,NSWXP2515B,0,0,0,0
12591647373,Jarrad,Garmans,1972-06-10,jgarmansbz@exblog.jp,4013616245,Male,$10402.56,ZUNTH8494U,0,1,0,0
12519282085,Nicholas,Brawson,1991-07-26,nbrawsonc0@chronoengine.com,6754393544,Male,$8413.45,CVJTF9901N,0,0,0,0
12513798765,Eziechiele,Delahunt,1975-02-20,edelahuntc1@go.com,3805173381,Male,$6448.72,CHWHC2915W,1,0,0,1
12542877289,Sadye,Freddi,1991-02-08,sfreddic2@example.com,8411259300,Female,$8710.55,INTBV5721I,1,0,0,0
12577749497,Grover,Mainds,1961-05-02,gmaindsc3@tamu.edu,5597575670,Male,$7548.31,VAIDD0056M,0,0,0,0
12536558096,Gertruda,Fattore,1974-10-19,gfattorec4@google.es,1735042488,Female,$6608.50,VYLUK3940Y,0,0,0,0
12599617459,Domini,Hayhurst,1977-04-14,dhayhurstc5@parallels.com,7126948139,Female,$9176.75,OUHXG1122N,1,0,0,0
12569497041,Beatrice,Antonelli,1978-06-17,bantonellic6@skype.com,6674567593,Female,$3085.33,CDSZJ2427F,1,0,0,0
12585014931,Vincenz,Fawks,1986-03-29,vfawksc7@typepad.com,8111146161,Male,$10326.65,ILNCZ7172A,1,0,0,0
12568564524,Marcela,Saldler,1992-02-13,msaldlerc8@bloomberg.com,9277767766,Female,$5465.91,PYVGL4291Y,0,0,0,0
12538556449,Jemie,Peete,1969-04-07,jpeetec9@livejournal.com,8631210343,Female,$6147.16,LCMPB4668H,0,1,0,0
12570683687,Shayne,Mitchener,1996-02-17,smitchenerca@washington.edu,1835230777,Male,$3809.32,DYCJV8130I,0,0,0,0
12506351506,Adlai,Bedinn,1985-02-08,abedinncb@imageshack.us,1119726747,Non-binary,$9104.93,OITRP3273B,1,0,0,0
12553209332,Tiphani,Decaze,1992-07-31,tdecazecc@boston.com,9577756405,Female,$6941.35,GRYVL7803D,0,0,0,0
12517860651,Weber,Paff,1991-11-26,wpaffcd@ustream.tv,8415810858,Male,$9614.88,MICPE2678F,0,0,1,0
12523636808,Ezechiel,Scrymgeour,1983-10-01,escrymgeource@lycos.com,9846536398,Male,$10333.35,BWCUV4197P,0,0,0,0
12509166508,Weider,Heinke,1999-11-14,wheinkecf@booking.com,9107937940,Male,$2636.05,AJJZJ8826P,1,0,0,0
12500451642,Werner,Swapp,1960-04-24,wswappcg@fc2.com,9853032049,Male,$6468.74,WGQPP4580K,0,0,0,0
12569553608,Rance,Folbig,1992-02-19,rfolbigch@webnode.com,7714490038,Male,$8654.20,DDYJB7589X,0,0,0,0
12595460850,Lindsay,Halson,1986-04-21,lhalsonci@altervista.org,2247502119,Male,$4172.60,OMZRX8675L,0,0,0,0
12503321179,Maddy,Cory,1967-02-15,mcorycj@amazon.com,5956108882,Male,$4783.43,JPQPC2958V,0,0,0,0
12564164289,Vassily,Malarkey,1990-03-26,vmalarkeyck@craigslist.org,8268348905,Agender,$4392.20,KHTIU3082W,0,0,1,0
12520648117,Miguel,Haddy,1996-12-08,mhaddycl@msn.com,7474835200,Male,$6302.84,LJDCX7943B,1,0,0,0
12559754898,Alice,Fisbburne,1982-03-10,afisbburnecm@businessinsider.com,4342360913,Female,$4141.64,ZBRHF9508B,0,0,0,0
12502165396,Gustav,Lottrington,1966-07-06,glottringtoncn@jimdo.com,1475223999,Male,$5102.97,UQCMD8669F,0,0,0,0
12561857198,Sander,Burehill,1979-01-17,sburehillco@bing.com,2181182862,Male,$5454.60,OVBQN0367B,1,0,0,0
12529379705,Brittany,Mostin,1979-04-16,bmostincp@freewebs.com,7682083284,Female,$7807.40,LXUIH1387Y,0,0,0,0
12564561318,Gwendolyn,O' Cuolahan,1980-11-11,gocuolahancq@creativecommons.org,9019315967,Female,$2746.02,IKLSR0456D,0,0,0,0
12529999055,Almeria,Kibel,1979-07-26,akibelcr@list-manage.com,5739759938,Female,$8443.58,RWQPE5747Z,1,0,0,0
12558007141,Kaine,Ansteys,1994-12-06,kansteyscs@ihg.com,1138208864,Male,$8741.86,KLXYJ9479P,0,0,0,1
12582766063,Caspar,Smaile,1966-01-03,csmailect@bing.com,5401546412,Male,$6929.07,UODEF4834A,0,0,0,0
12513762041,Nessa,Boal,1965-11-29,nboalcu@who.int,8108953217,Agender,$6715.98,OLDTB7084W,0,0,0,0
12547174947,Dorisa,Lambrechts,1972-09-08,dlambrechtscv@jalbum.net,6462554892,Female,$3176.62,JQTWK6653Y,1,0,0,0
12568226248,Walther,Doyley,1982-02-04,wdoyleycw@nps.gov,9044284921,Male,$3226.68,SIURU8369H,1,0,0,0
12551907917,Robinet,Stratz,1978-11-24,rstratzcx@tuttocitta.it,9848468685,Female,$3258.53,GJQVJ4486W,0,0,0,1
12579061533,Becca,Wrightem,1990-05-25,bwrightemcy@yolasite.com,6041294114,Female,$3224.29,AXXTC5283X,0,0,0,0
12577941265,Monro,Temperton,1972-08-19,mtempertoncz@tinypic.com,6043190786,Male,$10375.83,GDQWA7123O,0,0,0,0
12551325206,Merle,De Cristoforo,1971-10-02,mdecristoforod0@toplist.cz,2883794755,Female,$8322.63,WHVWR1588B,0,0,0,0
12581088251,Katharina,Clardge,1963-05-14,kclardged1@who.int,6918716343,Female,$4259.88,FRJKR3060G,0,0,0,0
12555483522,Mikol,Blandford,1968-09-19,mblandfordd2@diigo.com,8758399164,Male,$6537.36,XTDKA5412G,0,0,1,0
12582855562,Blake,Hourigan,1973-03-28,bhourigand3@51.la,5145485735,Female,$6216.41,BJCFG5471S,0,0,0,0
12503410751,Renell,Silburn,1976-08-06,rsilburnd4@discovery.com,8581916077,Genderfluid,$8985.50,SAMHT1931Q,0,0,0,0
12510539531,Amandie,Howlin,2000-03-22,ahowlind5@dagondesign.com,7755696431,Female,$2955.43,PVCYJ2003X,1,0,0,0
12548863059,Davin,Stowell,1984-07-28,dstowelld6@bluehost.com,1986715555,Male,$5743.35,HJNMQ4556F,0,0,0,0
12568313417,Delila,Rockhill,1976-07-09,drockhilld7@forbes.com,6858842556,Female,$3096.42,PNYVO6175F,0,0,0,0
12554613971,Odella,L'Archer,1987-03-17,olarcherd8@nsw.gov.au,7155294752,Female,$8265.82,FFRGR6160D,0,0,0,0
12556388216,Berkly,Brunon,1981-03-27,bbrunond9@amazon.co.uk,3298491409,Male,$5476.77,FFSBS0935B,0,0,0,0
12568721963,Blancha,Sporle,2000-12-02,bsporleda@ask.com,2794722873,Female,$3723.64,QZCXK5451Y,1,0,0,0
12515008734,Latrena,Potell,1995-12-28,lpotelldb@accuweather.com,5313109563,Female,$9419.02,ERSXC6014H,0,1,0,0
12546436143,Hilton,Spriggen,1977-09-11,hspriggendc@cdbaby.com,8996882588,Male,$10383.69,FYNNJ3835J,0,0,0,0
12578717848,Linda,Kloster,1975-09-14,lklosterdd@buzzfeed.com,2406715288,Female,$6707.20,NIGQC9471G,0,0,0,0
12525446118,Mohandis,Heinonen,1984-06-14,mheinonende@technorati.com,5864495432,Male,$9778.49,EFTKL7813Q,0,0,0,0
12590271150,Alasteir,Serris,1995-08-24,aserrisdf@illinois.edu,1506730419,Male,$6032.33,LLQCS6198V,1,1,0,0
12534649885,Dre,While,1962-06-30,dwhiledg@aol.com,4289979859,Female,$8896.55,DOXTV2452F,0,0,0,0
12595874399,Art,Harnott,1970-10-14,aharnottdh@clickbank.net,5563270247,Male,$7984.23,EPQFJ0189H,0,0,0,0
12577861035,Stavros,Simacek,1985-11-28,ssimacekdi@soup.io,7022791324,Male,$4147.47,GJCAN0549Q,0,0,0,0
12575335304,Cosme,Dunhill,1974-04-28,cdunhilldj@europa.eu,2052589936,Male,$9439.91,QFZON6010R,0,0,0,0
12561436228,Link,Bastistini,1997-06-23,lbastistinidk@hhs.gov,6686868009,Male,$6394.71,TSPPY3689F,0,0,0,0
12513649086,Isak,Early,1961-04-01,iearlydl@gizmodo.com,7145703069,Male,$7144.04,TUSRV9018Z,0,0,0,0
12542423024,Roz,Hanlon,1991-09-21,rhanlondm@g.co,2033687550,Female,$10291.85,WPWVD3014S,0,0,0,0
12537315489,Rikki,Micklem,1973-11-21,rmicklemdn@dot.gov,1122430709,Female,$5497.45,WABWB3343P,0,1,0,0
12518257802,Merell,Thominga,1996-02-11,mthomingado@mayoclinic.com,5683871493,Male,$9653.74,ROFND5583N,0,0,0,0
12510451325,Haskell,Youde,1992-01-21,hyoudedp@histats.com,2698757267,Male,$3636.84,YKFHR3831O,0,0,0,0
12578456900,Jess,Milhench,1982-03-08,jmilhenchdq@nifty.com,6715058205,Male,$8844.37,KJXQP9666S,0,1,0,0
12501414337,Shoshanna,Le Provest,1970-08-13,sleprovestdr@t-online.de,8115040250,Female,$8762.41,MWSYW5550N,0,0,0,0
12580751998,Mavis,Fendt,1983-04-25,mfendtds@addthis.com,4917408369,Female,$4623.77,VLQEK2392Y,0,0,1,0
12565651246,Adriane,Gambles,1988-07-14,agamblesdt@squidoo.com,4885540833,Bigender,$4887.27,EWTKZ2431U,0,0,0,0
12564265631,Carolee,Wheadon,1989-09-19,cwheadondu@g.co,9769058780,Female,$3553.28,DCCHP0593O,0,0,0,0
12504627384,Diane,McCleod,1975-07-17,dmccleoddv@merriam-webster.com,7831138309,Female,$3196.98,OWPBA3476P,0,0,1,0
