CIF Id,first_name,last_name,DOB,email,Mobile No,gender,Salary,PAN,Credit Card,Home Loan,Car Loan,Insurance
12499746789,Sheffie,Starie,1993-12-02,sstarie0@rambler.ru,6958057425,Male,$10183.03,DZJOH0421U,0,0,0,0
12463901002,Dill,Rollett,1973-09-26,drollett1@theglobeandmail.com,4227092532,Male,$8348.89,KENWK4234D,0,0,0,0
12469253166,Gwenneth,Zecchi,1963-01-08,gzecchi2@sfgate.com,6887805758,Female,$8657.15,GGXEV0651X,0,0,0,0
12485002204,Mary,Goaks,1969-05-20,mgoaks3@google.co.jp,8176971570,Female,$4427.36,CLOSM3610S,1,0,0,0
12464611032,Mauricio,Leggon,1970-12-05,mleggon4@amazon.com,2723959544,Male,$6569.31,FIGLT1882D,1,0,0,0
12473452259,Svend,Perrycost,1991-06-09,sperrycost5@whitehouse.gov,8804204386,Male,$9954.15,BAWNB0495U,1,0,0,0
12464974939,Venita,Fellenor,1972-03-15,vfellenor6@tripadvisor.com,8077173124,Female,$3896.32,DOVPM6908N,0,0,0,0
12488008918,Babita,Sutliff,1975-03-03,bsutliff7@blinklist.com,7234084384,Genderqueer,$9133.66,BVXEZ5928G,0,0,0,0
12464106161,Riki,Tanslie,1976-04-17,rtanslie8@tmall.com,2975907250,Female,$10271.11,BLKRE3394Y,0,0,0,0
12498270985,Betsey,Nottram,1986-04-16,bnottram9@nature.com,5803714683,Female,$5372.03,QGPVL4517D,0,0,0,0
12481133334,Catharine,Fuge,1987-10-31,cfugea@tripadvisor.com,9984419779,Non-binary,$4548.76,WDVVI4208F,0,0,0,0
12448871771,Hans,Tuckett,1970-07-30,htuckettb@earthlink.net,7672019148,Male,$5838.58,PAKXI3091M,0,1,0,0
12415868635,Burke,Eglaise,1983-01-22,beglaisec@twitpic.com,4884935511,Male,$8803.05,MWLOI6543P,0,0,0,0
12477475325,Robinet,Menico,1978-05-17,rmenicod@fda.gov,6297931673,Male,$7231.49,LTOCI4736G,0,0,0,0
12435321354,Igor,Goodluck,1983-06-22,igoodlucke@prnewswire.com,2107558897,Male,$3825.20,LLKTT6813Q,0,0,0,0
12444969942,Lyndel,Gheraldi,1963-09-13,lgheraldif@mac.com,9755243153,Female,$3885.79,TJRVY6570Z,0,0,0,0
12491463069,Kayle,Bound,1990-08-12,kboundg@wordpress.com,5987540597,Female,$2648.03,BOZUE1718H,0,1,0,0
12449685725,Misha,Wennington,1960-02-13,mwenningtonh@ted.com,7731690633,Female,$5624.82,GAXCC8823A,0,0,0,0
12452219068,Kiel,Bradnock,1985-05-26,kbradnocki@slideshare.net,7044712928,Male,$8869.37,UZPJZ3856T,0,1,0,0
12451428517,Nickolas,Gouge,1975-06-10,ngougej@naver.com,9496612629,Male,$9899.05,OBTKZ5060J,1,0,1,0
12437336895,Pearla,Ferrarin,1963-12-09,pferrarink@wikipedia.org,5873789153,Female,$4316.38,RNYNI3988H,0,0,0,0
12478745297,Ranna,Bertelsen,1971-05-13,rbertelsenl@aboutads.info,5328663891,Female,$3312.13,OVDIN3459T,0,0,0,0
12410344290,Anastasie,Lethbrig,1995-06-01,alethbrigm@aboutads.info,9333013739,Female,$6559.01,TZZYQ5740P,0,0,0,0
12457594137,Clyve,McDermott-Row,1960-11-15,cmcdermottrown@wufoo.com,1091347666,Genderqueer,$7920.12,EQAWK5838G,0,1,0,1
12453589168,Perla,Sandyfirth,1972-11-21,psandyfirtho@umn.edu,7297432566,Female,$5277.66,SYUWJ4861K,1,1,0,0
12486925726,Waverley,Pauncefoot,1987-10-26,wpauncefootp@howstuffworks.com,5434447263,Male,$2620.47,LZZOO5539E,1,0,0,0
12494873218,Gerri,Durtnal,1972-08-23,gdurtnalq@oakley.com,3861775966,Male,$9398.62,SBBMX6971T,1,1,0,0
12429577502,Graig,Manuaud,1987-04-25,gmanuaudr@springer.com,4552981653,Male,$3114.65,TBOKJ2897E,0,0,0,0
12421632928,Konstantin,Bryson,1961-12-11,kbrysons@google.nl,3907818187,Male,$5525.70,XMJDS7774M,0,0,0,0
12449775881,Bucky,Winney,1995-12-09,bwinneyt@github.com,6008423248,Male,$3121.38,WNQXJ9248J,1,0,0,1
12404087787,Gloria,Clute,1991-07-18,gcluteu@vinaora.com,9876307294,Female,$6061.87,BMFSS6936T,0,0,0,0
12433602042,Lorri,Furbank,1966-07-05,lfurbankv@barnesandnoble.com,2822077662,Female,$10399.37,KGYGH3042R,0,0,0,0
12426969325,Davidde,Rump,1997-07-05,drumpw@hud.gov,9974606977,Genderqueer,$4656.35,UUDDQ3240S,0,0,1,0
12491930115,Zollie,Akeherst,1969-12-03,zakeherstx@bandcamp.com,3486818245,Male,$5651.99,MKLNR6283E,0,0,0,0
12418642418,Chane,Banger,1978-11-10,cbangery@uiuc.edu,7284278731,Male,$5557.57,SPMPI2786E,0,0,0,0
12430467163,Wallie,Wenden,1979-05-03,wwendenz@slideshare.net,7941994468,Female,$5020.30,LIBNQ5169C,0,0,0,0
12484283503,Lilia,Deuss,1979-07-18,ldeuss10@ted.com,4744576307,Agender,$3364.78,IPBPI7905G,1,0,0,0
12456242910,Clemmy,Spyvye,1966-12-12,cspyvye11@nydailynews.com,7756529400,Male,$6353.89,TXHGZ9549S,0,0,0,0
12406785008,Angie,Taffee,1967-06-18,ataffee12@weibo.com,2458183672,Female,$3907.84,AEXAG6935M,0,0,0,0
12449059695,Dionis,Ewart,1974-08-17,dewart13@nifty.com,8432312862,Female,$6541.66,VTZCQ7136S,0,0,0,0
12473990197,Agustin,Brumble,1997-10-26,abrumble14@liveinternet.ru,8363583097,Male,$8802.38,DVPWJ5815K,0,0,0,0
12476600650,Pierre,Pomfrey,1996-09-02,ppomfrey15@webeden.co.uk,6374959196,Male,$3121.32,RXPWM2259Q,0,0,0,0
12423366110,Lily,McKague,1991-10-17,lmckague16@wikimedia.org,7591152028,Agender,$4330.35,FKSEF0510I,1,0,0,0
12495987323,Idalia,Doxsey,1982-09-18,idoxsey17@hc360.com,8438804045,Female,$7335.56,IRYEM2045K,0,0,0,0
12421399647,Barb,Gilogly,1993-05-01,bgilogly18@addthis.com,2999106665,Female,$4627.37,VKANC6320U,0,0,0,0
12444441085,Hy,Lorenzo,1993-04-27,hlorenzo19@mit.edu,9114502871,Male,$10271.02,ESMQA0454Y,0,0,0,0
12472298414,Ennis,Manoelli,1969-02-07,emanoelli1a@booking.com,7949256061,Male,$5351.45,VMOTH4864G,0,0,0,0
12484892566,Kermit,Leask,1985-11-09,kleask1b@narod.ru,2052863121,Male,$9464.69,KHWHZ8720H,0,0,0,0
12441498925,Tobias,Aslin,1965-03-07,taslin1c@edublogs.org,3534098384,Male,$9390.15,BMBCV7757Y,0,0,0,0
12465321439,Nichole,Brokenshaw,1965-01-19,nbrokenshaw1d@addtoany.com,8524815961,Male,$9682.66,BKQOM8432T,0,0,0,1
12446918286,Stinky,MacParland,1987-06-08,smacparland1e@github.io,5462797324,Male,$6932.59,JJDGB6481A,0,0,0,0
12432117946,Garret,Pawlyn,1996-04-17,gpawlyn1f@merriam-webster.com,2116536583,Male,$9798.54,XZZUQ5389F,0,0,0,0
12413696577,Elizabet,Antham,1993-03-04,eantham1g@webeden.co.uk,4079911383,Genderqueer,$6265.48,OQFRC2854R,0,0,0,0
12464757016,Avivah,Orrett,1963-12-10,aorrett1h@geocities.com,7167652510,Female,$7384.54,UGCBE5896N,0,0,0,0
12455790663,Bartram,Sabater,1971-04-05,bsabater1i@parallels.com,9453698394,Male,$6995.39,BUEQM4029P,0,0,0,0
12467479542,Roxi,Twinning,1961-07-13,rtwinning1j@netvibes.com,6857165652,Female,$2986.93,WYIUB0396W,1,0,0,0
12495733474,Town,Eberst,1977-04-26,teberst1k@about.com,5179816599,Male,$8155.08,AKHVY1814M,0,1,0,1
12450433951,Thelma,Smogur,1963-01-27,tsmogur1l@prweb.com,4128454749,Female,$6231.86,ENSOS1166Y,0,0,0,0
12426371219,Lula,Wyllcocks,1992-11-22,lwyllcocks1m@redcross.org,1349046117,Female,$5950.86,KACUY8663V,0,0,0,0
12484562197,Ninnette,Bishopp,1961-09-27,nbishopp1n@home.pl,6877685568,Female,$4643.70,NXTRQ7703X,1,0,0,0
12412266170,Raychel,Leatham,1990-06-25,rleatham1o@imageshack.us,9273313881,Female,$5590.02,WPJBA1897S,1,0,0,0
12413945459,Allegra,Boydon,1964-01-23,aboydon1p@purevolume.com,7539219105,Female,$6750.30,ARQYR1837Y,0,0,0,0
12444339100,Melodie,Burchnall,1971-10-18,mburchnall1q@comcast.net,2632689378,Female,$8681.77,VFVEH3216O,0,0,0,0
12469557782,Herculie,Bescoby,1981-10-14,hbescoby1r@dailymail.co.uk,3148772356,Genderfluid,$6174.31,CLWCL8879V,0,1,0,0
12435308384,Emelita,Northen,1971-09-16,enorthen1s@t-online.de,4662098396,Female,$4014.52,JKNQO8832T,1,0,0,0
12469859596,Jeannine,Brownbill,1999-05-11,jbrownbill1t@paginegialle.it,2806689743,Female,$9687.42,SZTGI7650M,0,0,0,0
12405352877,Denys,Niblo,1973-06-29,dniblo1u@webeden.co.uk,4665102252,Female,$4626.77,WDXFA5928J,0,0,0,0
12477884644,Fredra,Lyokhin,1982-08-10,flyokhin1v@who.int,6138440335,Female,$6289.08,KCQAL8270R,0,0,0,0
12470694768,Bridie,Jayume,1989-02-07,bjayume1w@hubpages.com,5498558158,Genderfluid,$10108.57,FQGIH2610T,0,0,0,0
12425746871,Tandy,Fullager,1967-06-19,tfullager1x@arstechnica.com,7294367969,Female,$2790.71,RVWFE0055U,0,0,0,0
12482118277,Gerrie,Mainson,1965-12-05,gmainson1y@nyu.edu,9976375151,Female,$6207.24,JQZKX7301K,0,0,0,0
12437574285,Sophi,Robilart,1971-10-26,srobilart1z@economist.com,2447415245,Female,$7271.37,CKLRJ9173M,0,0,0,0
12418476760,Sabine,Gockeler,1967-04-14,sgockeler20@timesonline.co.uk,1745016604,Female,$7112.87,PNEKB4071B,0,0,1,0
12456193367,Ingunna,Labbett,1960-11-18,ilabbett21@nifty.com,5708968845,Female,$8001.12,RSZWZ7860F,0,0,0,0
12409461885,Harriett,Heavyside,1994-08-21,hheavyside22@discovery.com,6252384929,Female,$5187.36,KSBKJ4842J,0,0,0,0
12493451600,Peterus,Sackur,1982-09-19,psackur23@sbwire.com,1858573094,Male,$3166.27,QROLS2124O,1,0,0,0
12465149965,Caterina,Scanlan,1984-04-03,cscanlan24@google.cn,4034832139,Female,$7504.59,WHPUU9070C,0,0,0,0
12497537048,Phylys,McMeyler,1980-01-28,pmcmeyler25@cafepress.com,5959383580,Female,$7992.01,XQZAP4585C,0,1,1,1
12428121588,Jaye,McLenahan,1960-07-11,jmclenahan26@infoseek.co.jp,4199120552,Male,$3436.26,WIMJS3888E,0,0,0,0
12458615687,Fawnia,Kett,1963-01-14,fkett27@odnoklassniki.ru,4816694876,Female,$6335.50,SELHN6273Q,0,0,0,0
12444702810,Maryanne,Wohlers,1964-11-27,mwohlers28@google.pl,1783764703,Genderfluid,$10018.93,UXWSW9288G,0,0,0,0
12440731087,Avis,Greeve,1985-10-25,agreeve29@businesswire.com,6663538487,Female,$6636.28,EMGQP5342O,1,0,0,0
12489440443,Thorsten,Yoxen,1983-09-13,tyoxen2a@bizjournals.com,4852922281,Male,$4397.38,PRMTJ0872G,0,0,0,0
12402175999,Karim,Noen,1990-11-28,knoen2b@auda.org.au,3478681809,Male,$9492.11,WRXUW1197G,0,0,0,1
12468761392,Roz,Kieran,1977-03-05,rkieran2c@marriott.com,4989586690,Female,$8174.34,CFPPR1814S,1,0,0,0
12467497633,Diarmid,Bolf,1960-08-28,dbolf2d@lulu.com,5645134891,Male,$4812.28,HTAWF4635H,0,0,0,1
12498992061,Baxter,Stanbra,1986-12-04,bstanbra2e@hao123.com,8053526123,Male,$2780.41,AKABW8211A,0,0,0,0
12471551999,Arden,Balloch,1965-01-11,aballoch2f@amazon.co.uk,8154136458,Agender,$7457.28,BLOBU6072R,0,0,0,0
12483017986,Hildy,Khristyukhin,2000-04-10,hkhristyukhin2g@nytimes.com,5846059917,Female,$6898.62,GKTQP7675M,0,0,0,0
12400451171,Jesus,Renton,1965-01-31,jrenton2h@blogspot.com,3475043909,Male,$3688.44,CJBLL0433P,0,0,0,0
12453869584,Phineas,Broxap,1988-02-18,pbroxap2i@xrea.com,1642612383,Male,$5832.65,MPRLN0307L,0,0,0,0
12468882714,Wadsworth,Shildrick,1968-05-23,wshildrick2j@intel.com,3125717954,Male,$10420.47,OPZIT1769X,0,1,0,0
12429344636,Celestine,Brown,1961-03-12,cbrown2k@techcrunch.com,3482755659,Female,$8263.10,AIBCZ0060J,1,0,0,0
12474231692,Ludovico,Chinnock,1999-08-18,lchinnock2l@earthlink.net,5306936069,Non-binary,$4757.87,BKJPX4057O,1,0,0,0
12458775390,Briano,Crevy,1973-10-26,bcrevy2m@gnu.org,4797754911,Male,$9610.28,JRSDE4315O,0,0,0,0
12472116872,Dinnie,Pack,1961-01-13,dpack2n@tamu.edu,2916104960,Female,$6978.35,XFULE7957N,0,0,0,1
12420224529,Vivi,Ubsdall,1964-07-20,vubsdall2o@ucla.edu,6276082126,Polygender,$8468.07,UDCTP0849A,0,0,0,0
12476372703,Giordano,Springle,1964-11-28,gspringle2p@cnn.com,4541376934,Male,$6669.41,EKOAB5014M,0,1,0,0
12486264467,Kaylyn,O'Hearn,1979-11-17,kohearn2q@abc.net.au,7053718566,Female,$6798.93,BRCNR7095T,0,0,0,0
12411463811,Alejandro,Salerg,1990-08-29,asalerg2r@hexun.com,6856993401,Male,$3958.27,FYHQN2130Y,0,0,0,1
12490863820,Calvin,Hanne,1996-09-30,channe2s@mapquest.com,9255225993,Male,$5984.57,ISJIV4823K,0,0,0,0
12468829795,Lyman,Haydn,1996-04-25,lhaydn2t@purevolume.com,2713333759,Male,$6593.88,BOYRM3993C,0,0,0,0
12416060700,Cassie,Conibeer,1961-10-04,cconibeer2u@walmart.com,9517441483,Female,$10283.70,RRDFX4008C,0,0,0,0
12415981888,Christopher,Pittson,1968-07-17,cpittson2v@smugmug.com,1252559714,Male,$9701.49,FMMFZ8706A,1,0,0,0
12464772136,Roderich,Collicott,1986-03-05,rcollicott2w@yandex.ru,4038481409,Male,$2733.88,CMYFV3910G,0,0,0,0
12498768892,Napoleon,Guerry,1976-02-18,nguerry2x@discovery.com,4183426552,Male,$7220.52,DQCNO1025P,1,0,1,1
12419948502,Chrissy,McFadzean,1964-03-01,cmcfadzean2y@answers.com,3233684561,Female,$6189.99,LCDNZ4630Q,0,1,0,0
12460110730,Brigitte,Bonavia,1962-05-06,bbonavia2z@arizona.edu,2293278989,Female,$2988.12,JAKYV4107Q,0,0,1,0
12419953861,Kirstin,Backson,1977-06-09,kbackson30@posterous.com,2075192697,Female,$6918.15,HLAHX6960W,0,0,0,0
12436445488,Verina,Cassley,1972-04-13,vcassley31@wunderground.com,4673802499,Female,$9235.67,UDDMM7708T,0,0,0,0
12489819572,Alberta,Segebrecht,1960-02-14,asegebrecht32@icq.com,1209426548,Female,$7303.91,SXZIL1962Z,0,0,0,0
12406990977,Ilka,Harcarse,1978-04-19,iharcarse33@histats.com,5092636945,Female,$8007.21,HOYZL8437F,0,0,0,0
12484348591,Valentijn,Rolling,1968-12-27,vrolling34@unesco.org,7312731516,Male,$3835.24,BLQJP9485B,0,0,0,0
12420672781,Randy,Brownell,1964-09-04,rbrownell35@dell.com,4628581357,Male,$9187.65,LQNXJ1947P,0,1,0,1
12476190645,Dorise,Lovelady,1962-01-27,dlovelady36@chicagotribune.com,8475569257,Polygender,$3059.69,UBCBH2648X,0,0,0,1
12486121061,Christin,Waith,1989-01-06,cwaith37@deviantart.com,6654669706,Female,$9221.65,LVUYP7878B,0,0,0,0
12463750257,Whitney,Hillyatt,1994-06-28,whillyatt38@seesaa.net,7028236009,Female,$2678.30,BRYJI0009R,0,0,0,0
12425414894,Hayyim,Lawrenceson,1986-11-18,hlawrenceson39@desdev.cn,5855507737,Genderfluid,$5936.82,HTUWS6361E,0,0,0,0
12490990555,Delilah,Eltone,1989-08-10,deltone3a@netscape.com,8284757813,Female,$5567.75,MPQMA9267C,0,0,0,0
12489712698,Cathrine,Mille,1973-10-06,cmille3b@biblegateway.com,5852881568,Female,$5103.46,XMIPS2518T,0,0,0,0
12480158600,Anna-diane,Guidoni,1988-09-09,aguidoni3c@google.co.uk,1147206442,Female,$5901.26,VKYWR3625P,0,0,0,0
12412355443,Gav,Senyard,1986-12-13,gsenyard3d@photobucket.com,1441953533,Male,$7383.85,XYLTM8919N,0,0,0,0
12498940447,Kandace,Beentjes,1964-05-20,kbeentjes3e@shareasale.com,4443691727,Female,$6337.67,ZWLFC8637B,0,1,0,0
12482920863,Netti,Southcombe,2000-03-03,nsouthcombe3f@prnewswire.com,2219941246,Female,$6007.61,QXXPC4935G,0,0,0,0
12424761429,Lorrin,Nassey,1985-02-22,lnassey3g@cbsnews.com,7063628421,Female,$6118.46,QVDIR2976A,0,0,0,0
12464756776,Paul,Martyns,1996-10-10,pmartyns3h@multiply.com,4501140749,Male,$6388.36,HXUKT2223J,0,0,0,0
12411953524,Wes,Wackett,1963-11-07,wwackett3i@examiner.com,6468012474,Male,$4806.19,ZUOCI5084Y,1,0,0,0
12464981670,Lelia,Grosvener,1975-11-14,lgrosvener3j@time.com,1586583317,Female,$7858.29,NIRFA6147V,0,0,0,0
12403345747,Delano,Lavery,1975-06-21,dlavery3k@cargocollective.com,8805727388,Male,$8838.39,FKOVK3715P,0,0,0,0
12426098578,Conant,Lattin,1999-04-11,clattin3l@nyu.edu,9146876940,Male,$8786.92,XPUEA7950U,0,0,0,0
12419071273,Saleem,Aslie,2000-05-23,saslie3m@alexa.com,6389004150,Male,$2814.57,VWXEO3352Z,0,0,0,0
12413074837,Curtice,Salters,1981-08-07,csalters3n@scientificamerican.com,5128473459,Male,$9915.76,LWPCU5242Z,0,0,0,0
12417781568,Jeffry,Foffano,1973-05-06,jfoffano3o@barnesandnoble.com,2234083385,Male,$9421.56,JJTOL8555G,0,0,0,0
12436288814,Gary,Stonall,1992-06-06,gstonall3p@msu.edu,1588930694,Genderqueer,$6487.94,HPXQH1993L,1,0,0,0
12494131028,Helsa,Buggs,1981-12-28,hbuggs3q@yahoo.co.jp,4177132393,Female,$8538.21,KDGCE9111K,0,0,0,0
12439169298,Rriocard,Cheyenne,1966-02-25,rcheyenne3r@state.gov,1907288226,Male,$7256.65,ZYADJ9489L,0,0,0,0
12493484582,Mayne,Wigmore,1962-09-08,mwigmore3s@google.fr,5984925482,Male,$4598.89,ZSSNP9626M,0,0,0,0
12441642066,Anallese,Wozencroft,1987-09-05,awozencroft3t@bizjournals.com,8462358779,Female,$6591.76,ZENAU0701I,0,0,0,0
12410453576,Whitby,Kidston,1964-11-10,wkidston3u@nsw.gov.au,3833904898,Male,$8054.68,WBMCS7118W,0,0,0,0
12462200404,Avrom,Aikman,1986-01-04,aaikman3v@dropbox.com,3841541228,Male,$4316.95,KYOZF9347A,1,0,0,1
12488941028,Brietta,Birkinshaw,1992-09-06,bbirkinshaw3w@gov.uk,5167657832,Female,$6909.13,OLSSX5054R,0,0,0,0
12444386209,Kennie,Ethridge,1962-10-23,kethridge3x@wordpress.com,9477184748,Male,$6822.12,FRBGN8778O,0,0,0,0
12410582714,Harland,Ollive,1974-03-07,hollive3y@amazon.co.uk,5327910712,Male,$10423.54,CXLDZ3060R,0,0,0,0
12405157658,Allin,Cowill,1976-03-16,acowill3z@cloudflare.com,2742250372,Male,$10298.82,CZUXC6381E,0,0,0,0
12465401091,Orsa,Franiak,1979-04-08,ofraniak40@tinyurl.com,9302207114,Female,$8234.51,OHNDY3029P,0,0,0,0
12431524517,Boonie,Chipchase,1975-01-26,bchipchase41@1und1.de,7821604692,Male,$3497.77,MHDDB7484O,0,0,0,0
12450947559,Ferris,Artist,1993-02-13,fartist42@elegantthemes.com,4644406374,Male,$7643.15,BUXZK3417S,0,0,0,0
12401619770,Rudiger,Fairman,1990-07-28,rfairman43@mapquest.com,6114199321,Male,$4151.11,FVRKQ8547P,0,0,1,0
12415636076,Roxie,Brechin,1985-10-17,rbrechin44@bloglines.com,2083469227,Female,$9304.54,TPXVC6269B,0,0,0,0
12482021858,Nerissa,Bromidge,1970-07-03,nbromidge45@kickstarter.com,5522425685,Female,$7862.48,AKNCB1768P,0,0,0,0
12497935042,Remington,Cottom,1999-09-06,rcottom46@webs.com,9323050560,Male,$4076.69,MHSOC6584G,0,0,0,0
12415263292,Taite,Parysowna,1997-06-28,tparysowna47@mysql.com,3175690198,Male,$5795.60,CJMZP4038J,0,0,0,0
12433691541,Lexine,Durrand,1961-06-14,ldurrand48@oracle.com,8962004887,Female,$8092.01,DZVIV7716E,0,0,0,0
12446405973,Myron,Van der Kruijs,1986-08-10,mvanderkruijs49@engadget.com,5853268774,Male,$6256.90,YGNBT2142W,0,0,0,0
12404207637,Frans,Mersh,1991-09-30,fmersh4a@berkeley.edu,4205046192,Male,$2964.65,UZXGW1377U,0,0,0,0
12418193998,Aldis,Winkett,1968-04-15,awinkett4b@ustream.tv,4333039077,Male,$7555.37,PCLUZ1606O,0,0,0,0
12487616011,Salmon,Barbisch,1973-10-04,sbarbisch4c@phoca.cz,5099678048,Male,$9883.56,AFMAE7415V,0,0,0,0
12419828646,Drake,Llopis,1970-10-14,dllopis4d@bigcartel.com,3199142763,Agender,$6069.34,MEMLY3130B,0,0,0,0
12433489820,Susy,Cottel,1989-08-20,scottel4e@comcast.net,8138069899,Female,$2836.28,CPAMJ0541O,0,0,0,0
12413546093,Kristoforo,Elger,1991-03-10,kelger4f@answers.com,1633224905,Male,$6974.70,FPKYX7871Q,0,0,0,0
12481837281,Shaun,Varga,1975-08-23,svarga4g@com.com,5051345581,Female,$3716.29,NGMMG8028Z,0,1,0,0
12414587303,Tim,Ordish,1994-04-01,tordish4h@nydailynews.com,4918469348,Male,$9017.34,MYAEZ4476F,0,0,0,0
12421090867,Sissie,Dessaur,1979-10-11,sdessaur4i@mayoclinic.com,2966435924,Female,$9408.08,NUEXU2172A,0,0,1,0
12436608907,Neil,Pactat,1999-10-23,npactat4j@t.co,7668234753,Male,$5031.16,PBDQC6221Y,0,0,0,0
12443136249,Harley,Bachman,1992-10-07,hbachman4k@buzzfeed.com,3538405548,Female,$3343.04,ZTNAT5285C,0,0,0,0
12455007683,Rebeka,Percival,1987-07-03,rpercival4l@mozilla.org,5779402772,Female,$2547.19,CGFIH2559N,0,0,0,0
12495602914,Harmony,Devine,1964-02-21,hdevine4m@diigo.com,5178770745,Female,$8516.16,JQCVE0690B,0,0,0,0
12493082252,Karylin,Binley,1986-01-12,kbinley4n@sciencedaily.com,2637176366,Female,$7872.31,WZCBO4922A,0,0,0,0
12457136687,Franciska,Douberday,1965-09-04,fdouberday4o@oaic.gov.au,8888550694,Female,$8547.28,OZTMO5058Q,0,0,0,0
12420080679,Dorian,Stolte,1970-01-18,dstolte4p@boston.com,2991877580,Female,$8314.16,DHMMP6542U,0,0,1,0
12409085624,Katy,Padginton,1966-01-08,kpadginton4q@hp.com,5751676424,Female,$2824.33,HKSIP1238W,1,0,0,0
12425988491,Clem,Beart,1994-03-25,cbeart4r@theatlantic.com,5179124345,Female,$9620.96,XIOEU7253V,0,0,0,0
12420065685,Ardella,Jan,1975-12-30,ajan4s@gizmodo.com,9102651981,Female,$9420.70,JCQDA8147E,0,0,0,0
12494594449,Mitchell,Estabrook,1984-06-27,mestabrook4t@marketwatch.com,1932928997,Male,$7241.31,DOXYX3057I,0,0,0,0
12428749234,Alidia,Calan,1980-01-25,acalan4u@vkontakte.ru,7203221424,Bigender,$5339.48,UZFJM6114F,0,0,0,0
12411022680,Alexandrina,Huggen,2000-01-20,ahuggen4v@washington.edu,6797152132,Female,$7492.14,CKCDP8434H,0,0,0,0
12422734581,Wynn,Colcomb,1999-01-30,wcolcomb4w@ning.com,5601012321,Male,$4043.52,VPJYO5556D,0,0,0,0
12484435202,Pablo,Medforth,1985-11-25,pmedforth4x@chron.com,7896115032,Male,$3650.49,BLGNB7875V,0,0,0,0
12460080973,Dallas,Bischop,1962-08-04,dbischop4y@apple.com,4426230634,Male,$6378.41,UZDHX3424M,0,0,1,0
12432647266,Valentino,Lober,1996-09-12,vlober4z@ted.com,9183430528,Male,$8701.76,FHQHD5084X,0,0,0,0
12493527751,Gregorio,Dearnley,1997-10-24,gdearnley50@army.mil,8309515385,Non-binary,$3542.42,IQFED9082W,0,0,0,0
12432264799,Modesta,Bricklebank,1977-10-06,mbricklebank51@independent.co.uk,4187538925,Female,$4448.76,PPVNL5960W,1,0,0,0
12434693633,Tonya,Marzelo,1966-04-24,tmarzelo52@dailymotion.com,8349477281,Female,$7277.14,KOVMX6651A,0,0,0,0
12475778399,Ignatius,Huniwall,1971-02-24,ihuniwall53@homestead.com,4369030570,Male,$8521.00,CHFTJ4262P,0,0,0,0
12406903349,Shell,Wileman,1966-05-27,swileman54@godaddy.com,1419395560,Female,$6972.45,ORJQS0374A,1,0,0,0
12436772648,Jess,Poulston,1981-03-01,jpoulston55@gizmodo.com,7704245915,Male,$5251.75,URWHT5358L,0,0,0,0
12437756826,Rurik,Lineker,1998-10-26,rlineker56@ted.com,6824313232,Male,$6473.87,OZDVF1673Y,0,0,0,0
12474719839,Maribelle,Hillan,1982-08-08,mhillan57@go.com,9694332769,Female,$4404.35,PQDCT7010S,0,0,0,0
12479948211,Carole,Mugg,1963-05-27,cmugg58@timesonline.co.uk,6102181513,Female,$8608.56,LRUVX8192K,0,0,0,0
12443142541,Perry,Spencers,1976-02-27,pspencers59@comcast.net,6014148580,Female,$5248.44,IOWRJ0423R,1,0,0,0
12429033307,Hasty,Vreede,1962-02-10,hvreede5a@hibu.com,2401417900,Male,$3836.68,XACGV1204B,0,0,0,0
12430133725,Lydon,Gourlay,1986-12-08,lgourlay5b@yellowbook.com,3111621842,Male,$7959.97,DYWNL0429R,0,0,0,0
12413834230,Pauline,Beecroft,1992-12-23,pbeecroft5c@whitehouse.gov,7336276076,Female,$10060.02,GBJCT2858H,0,0,0,0
12429006061,Rosalie,Sellek,1989-12-29,rsellek5d@diigo.com,9235660749,Female,$5480.41,QGLVB3306E,0,0,0,0
12430854929,Cad,McVitty,1971-12-07,cmcvitty5e@histats.com,3691708960,Male,$3347.70,QVKCC9237D,0,1,0,0
12480880262,Thea,Haverty,1973-10-09,thaverty5f@ihg.com,1496993321,Female,$9497.14,MVOLY5590S,0,0,0,0
12480079738,Temp,Alam,1963-03-08,talam5g@soup.io,3283809134,Male,$5055.22,CYVIY2151Q,0,0,0,0
12475706383,Rochester,Kynman,1976-06-02,rkynman5h@symantec.com,8418251655,Male,$9396.62,MAOQM0856H,0,0,0,0
12406582182,Neale,Yellowley,1976-11-24,nyellowley5i@umich.edu,8176541730,Male,$9654.78,RCVML2346K,1,0,0,0
12435095952,Flem,Fraulo,1965-10-05,ffraulo5j@merriam-webster.com,1603458347,Male,$7400.12,AFTJP5723H,1,0,0,0
12440658333,Clifford,Walthew,1990-03-05,cwalthew5k@spotify.com,2696932050,Male,$7581.36,SQBIM0822A,0,0,0,0
12459485748,Meridith,Girardin,1983-10-16,mgirardin5l@list-manage.com,3884641160,Female,$4619.69,FWGTC1401A,0,0,1,1
12430426987,Olly,Vagges,1965-03-30,ovagges5m@columbia.edu,7623185377,Male,$4914.50,OCAKA7703L,0,0,0,0
12466281476,Alastair,Thunnerclef,1987-09-04,athunnerclef5n@seattletimes.com,6197918006,Male,$8935.71,VIICE9821F,0,0,0,0
12479441339,Kayle,Quarrie,1965-08-04,kquarrie5o@who.int,5076772163,Female,$5206.51,XVYPJ8948D,0,0,0,0
12448575517,Remy,Goscar,1972-08-15,rgoscar5p@wikispaces.com,4424535443,Female,$3583.18,FNERD7452A,0,0,0,0
12456362634,Ryun,Merrett,1988-08-29,rmerrett5q@europa.eu,8599414967,Polygender,$4242.91,GJBZK4447Q,0,0,0,0
12411029717,Law,Ricards,1972-04-03,lricards5r@ehow.com,9836422405,Male,$9063.32,UERII2246C,0,0,0,0
12446488279,Oralie,Antrag,1972-12-29,oantrag5s@digg.com,6226718373,Female,$4066.85,RUIJC3669A,1,0,0,0
12427658755,Courtney,Braxton,1995-12-30,cbraxton5t@yahoo.com,1981181952,Male,$5748.24,KVFWL3974Y,1,0,0,0
12446819602,Glenden,Catton,1986-04-03,gcatton5u@xing.com,1252860993,Male,$8758.87,FEFPI4992D,1,0,0,0
12434757059,Issiah,Carde,1971-01-16,icarde5v@wix.com,4195849905,Male,$5215.16,NYIUA4083U,0,0,0,0
12446631105,Bert,Lodewick,1996-08-08,blodewick5w@edublogs.org,6403731341,Female,$7273.04,OGCDL5255A,0,0,0,0
12468909093,Bryant,Schwant,1985-12-29,bschwant5x@bigcartel.com,5016710796,Male,$9101.13,ZGXQC9125V,0,0,0,0
12472612306,Darrin,Trappe,1963-05-21,dtrappe5y@pinterest.com,3668340181,Male,$8704.07,DMRJU7901P,1,0,0,0
12465373852,Roanne,Acedo,1998-12-22,racedo5z@devhub.com,3857899232,Female,$7746.52,BZDBH4452R,0,0,0,0
12496370504,Melisande,Thornham,1961-05-15,mthornham60@friendfeed.com,6046323001,Female,$2951.62,ODUBB5421E,1,0,0,0
12426720166,Johnathan,Barron,1993-07-09,jbarron61@usatoday.com,7227549825,Male,$5028.70,RKYPL9521A,0,0,0,0
12412888056,Ashien,Calderbank,1982-11-18,acalderbank62@un.org,8325388440,Female,$5008.66,TTVXP8622R,0,1,0,0
12479112549,Bathsheba,Bacon,1984-05-19,bbacon63@usnews.com,1059041723,Genderfluid,$8378.51,GCVGN3941K,0,0,0,0
12412693955,Brandise,Forrestall,1980-12-13,bforrestall64@goo.gl,2391502112,Female,$8077.83,EWPAF6188N,1,1,0,0
12432611607,Bathsheba,Symcock,1999-06-14,bsymcock65@google.com.hk,5296484728,Female,$7205.56,UUPSQ1671T,0,0,0,0
12423992346,Stu,Hitschke,1994-12-04,shitschke66@bluehost.com,1865727529,Male,$8585.10,XBMGY8269S,1,0,0,1
12432183216,Gerladina,Kidney,1968-10-07,gkidney67@ft.com,6562893856,Female,$3673.20,OJNMK6015T,1,0,0,0
12437383125,Aland,Limpenny,1971-02-26,alimpenny68@surveymonkey.com,6018935603,Male,$6866.99,XWIRY3082W,0,0,0,0
12487705977,Tammie,Pow,1964-04-26,tpow69@kickstarter.com,1448383935,Male,$4375.76,OACYX1778T,0,0,0,0
12439108948,Brew,Ratie,1974-05-24,bratie6a@cbslocal.com,3096571046,Male,$4826.37,VUJFM7295X,1,0,0,0
12449323592,Jacenta,deKnevet,1988-07-13,jdeknevet6b@t.co,7784038434,Female,$6054.11,SOMMC3114D,0,0,0,0
12442960743,Hy,Mawby,1981-06-29,hmawby6c@tuttocitta.it,6084047807,Male,$8548.25,TEVHC1625Y,0,0,0,0
12470082669,Nicolais,Tiffany,1994-08-10,ntiffany6d@webs.com,6959164289,Male,$3431.41,DUUXS5272E,0,0,0,0
12458805160,Webster,MacKessock,1993-11-28,wmackessock6e@hao123.com,9152586402,Male,$4407.12,GFVRJ4536T,0,0,0,0
12410720189,Leif,Bollam,1973-11-23,lbollam6f@geocities.com,1682557199,Male,$6848.46,LSLAZ3134H,0,0,0,0
12442988194,Melvin,Darco,1981-02-24,mdarco6g@360.cn,5275032307,Male,$4059.87,RYSVG1812X,0,0,0,0
12489533494,Rois,Tomas,1987-10-13,rtomas6h@yahoo.co.jp,1613052828,Female,$3792.74,CYZUZ0650E,0,0,1,0
12475228713,Bryn,Heddan,1996-08-16,bheddan6i@alibaba.com,5059699318,Male,$3644.89,GADEV6512K,1,0,0,0
12419927403,Ward,Stiff,1968-10-12,wstiff6j@purevolume.com,4846489164,Male,$8625.04,TWUVW9403G,0,0,1,0
12403860083,Antin,Reboulet,1994-06-24,areboulet6k@salon.com,9829984539,Male,$6135.89,CXOUX4429I,0,0,0,0
12446280562,Merna,Jirek,1996-05-21,mjirek6l@chron.com,4365396361,Female,$5716.84,XKLPC3943I,0,0,0,0
12419825910,Ofelia,Tille,1984-02-05,otille6m@huffingtonpost.com,3247407087,Female,$7735.96,DWBVM5358Q,0,0,0,1
12448748786,Penelopa,Arnauduc,1969-06-27,parnauduc6n@sciencedaily.com,7652545804,Female,$9458.10,NBXEC7980E,0,0,0,0
12484360425,Eduino,Voisey,1992-10-29,evoisey6o@nifty.com,3739017030,Male,$6112.87,AWRAV7178G,1,0,0,1
12459891661,Charlotte,Millam,1973-06-29,cmillam6p@instagram.com,6713552334,Female,$6930.51,XIFNW3047T,0,0,0,0
12494936872,Matelda,Feighney,1989-09-19,mfeighney6q@utexas.edu,8451634946,Female,$6907.66,BQVJI1608E,0,0,0,0
12442093247,Allistir,Lamburn,1975-07-02,alamburn6r@gov.uk,4809399372,Male,$4261.10,CIWIB4508I,0,0,0,0
12429642538,Ulrikaumeko,Blackshaw,1972-03-15,ublackshaw6s@mysql.com,1037811227,Female,$5668.00,IABEH8932P,0,0,0,0
12496638128,Verne,Maidens,1986-05-31,vmaidens6t@1688.com,2896632849,Male,$3064.96,DTJFV0857N,1,0,0,0
12444329170,Dukie,Munsey,1970-09-27,dmunsey6u@salon.com,5602667171,Male,$3269.78,LIAWB5014X,0,1,0,0
12451318697,Lacie,Antonopoulos,1988-05-30,lantonopoulos6v@studiopress.com,9004385590,Female,$4070.18,IIRSY3364P,0,0,0,0
12442855627,Gard,Goodrich,1983-08-27,ggoodrich6w@mozilla.org,7741519293,Male,$4096.72,SEODW8476A,0,0,0,0
12474363558,Raviv,Moat,1992-03-24,rmoat6x@boston.com,7423445402,Male,$9559.88,CZVLH6956C,1,0,0,0
12475041789,Burton,Postins,1992-06-13,bpostins6y@youtu.be,7433012668,Male,$9765.15,VNTET1710L,0,0,0,0
12406954041,Royce,Perryman,1985-02-07,rperryman6z@unicef.org,6069301262,Male,$4947.84,SVBXG7427M,0,0,0,0
12413409250,Carlynne,Adenot,1987-03-25,cadenot70@xing.com,7241337701,Female,$4353.93,XPTBF2386A,1,0,0,0
12413250917,Marita,Ellershaw,1999-07-21,mellershaw71@dailymotion.com,1476022632,Female,$5477.62,CXVYB1921Y,0,0,0,0
12430527422,Walther,Girardi,1968-10-09,wgirardi72@blinklist.com,8908342916,Male,$4581.54,ZLMTB8781E,1,0,0,0
12468224032,Elizabet,Galliford,1998-05-02,egalliford73@cocolog-nifty.com,7322320684,Female,$5497.18,VONZH1245H,0,0,0,0
12481044443,Jo-anne,Djordjevic,1972-04-02,jdjordjevic74@adobe.com,9203568942,Female,$6501.83,PPYNC9431K,0,0,0,0
12413353559,Sharron,McCray,1996-01-14,smccray75@wp.com,4365937904,Female,$4453.02,HEMDB8675R,0,0,0,0
12424687210,Payton,Dietzler,1971-09-24,pdietzler76@skype.com,5662933366,Male,$3845.92,DPIZS3027S,0,0,0,0
12444377010,Elfie,Knivett,1963-12-16,eknivett77@altervista.org,7074532091,Female,$3561.66,JJOFF9123C,0,0,0,0
12495127476,Vonni,Bugdell,1968-11-28,vbugdell78@tiny.cc,1533562519,Female,$9992.52,XFRQD7844T,0,0,1,0
12431995990,Rosette,Craythorne,1975-04-19,rcraythorne79@hexun.com,5002483474,Female,$5585.84,CZJRE4185N,0,0,0,1
12454151972,Tisha,Farnie,1964-11-16,tfarnie7a@adobe.com,1386887043,Female,$8798.50,CATZM0892J,0,0,0,0
12428101122,Isiahi,Tynewell,1979-09-21,itynewell7b@google.de,8055919770,Male,$6376.75,QLNOP7996X,0,0,0,0
12468082481,Georges,Queyeiro,1993-07-05,gqueyeiro7c@redcross.org,6451386595,Male,$9288.26,MLMGE0434M,0,0,0,0
12449611868,Odey,Portwaine,1974-04-05,oportwaine7d@stanford.edu,5937024936,Male,$7893.73,MEBZJ2671G,0,0,0,0
12451451249,Cully,Penni,1989-07-09,cpenni7e@google.nl,5398114630,Male,$5123.47,VDPIW0352U,0,0,0,0
12494514763,Leonidas,Mamwell,1967-12-04,lmamwell7f@gmpg.org,2574282163,Male,$4812.03,EKLHM0500X,1,0,0,0
12448899967,Jose,Willshaw,1960-05-29,jwillshaw7g@netvibes.com,9288950831,Male,$7766.20,IPVLA9080D,0,0,0,0
12404792628,Caril,Delatour,1972-12-07,cdelatour7h@barnesandnoble.com,9975462851,Female,$6289.37,BGKUI6160Y,0,0,0,0
12464806210,Kenyon,Gouch,1964-10-07,kgouch7i@ow.ly,3343479705,Male,$3071.74,SXXRC2080G,0,0,0,0
12413884450,Candie,Lis,1963-05-10,clis7j@nature.com,1307664463,Female,$3524.29,WHVJF0499Z,0,0,0,0
12459670057,Oona,Betts,1982-10-11,obetts7k@xinhuanet.com,8502995004,Agender,$10233.02,BQOMR6775Y,0,0,0,1
12410428785,Webster,Tesmond,1974-03-25,wtesmond7l@amazon.co.uk,4218883905,Male,$9661.77,NHNON7648P,0,0,0,0
12434902566,Penrod,Crombleholme,1973-07-08,pcrombleholme7m@apple.com,7686911583,Male,$5856.04,DSAWT1003G,0,0,1,0
12414606094,Jacky,Wyborn,2000-02-15,jwyborn7n@europa.eu,1724110346,Male,$10375.42,ISSFP8783C,0,0,0,0
12438602861,Christoper,Tussaine,1969-04-13,ctussaine7o@ihg.com,5383663260,Male,$4711.88,QVHOV7778O,1,0,0,0
12462863583,Phil,Clawe,1974-11-30,pclawe7p@rakuten.co.jp,5757944133,Male,$3909.02,VQZCX5054L,0,0,0,0
12422732331,Luise,Morland,1960-07-23,lmorland7q@posterous.com,8587201280,Female,$10264.21,BBNJQ1193Q,0,0,0,0
12465089688,Erminie,Kahen,1997-01-07,ekahen7r@unblog.fr,5797622121,Female,$4026.00,MJGGV3348X,0,0,0,0
12431211025,Claudius,Mehew,1972-05-26,cmehew7s@reuters.com,8011936921,Genderfluid,$3442.71,XHZJB4119H,0,0,0,0
12459552345,Jada,Francklyn,1982-07-10,jfrancklyn7t@reddit.com,8045297781,Female,$9090.96,ZUQVN1330J,0,0,0,0
12473616649,Millard,Botler,1989-06-28,mbotler7u@senate.gov,4197703387,Male,$4717.03,VIHQP9038G,0,0,1,0
12495680384,Mariel,Jamison,1980-12-27,mjamison7v@soundcloud.com,6312784243,Polygender,$3562.28,TFGBB3436E,0,0,0,0
12495346840,Land,Grimster,1967-04-06,lgrimster7w@php.net,4997620076,Male,$4528.50,BGSXQ3479C,0,1,0,0
12436744186,Carlos,Veltmann,1963-11-21,cveltmann7x@goo.gl,3093112228,Male,$7196.27,NZERQ3332I,1,0,0,0
12417405550,Neddie,Martinson,1980-02-25,nmartinson7y@networksolutions.com,8845042414,Male,$10346.92,RILHW6809K,0,0,0,0
12407308548,Clementina,Tedridge,1962-07-13,ctedridge7z@hexun.com,6042507164,Female,$4914.02,PDRUW0451B,0,0,0,0
12456935062,Colver,Prugel,1992-03-03,cprugel80@phpbb.com,9022527925,Male,$9360.26,NMHMG6763O,0,0,0,0
12444619721,Bryant,Bushaway,1984-11-05,bbushaway81@godaddy.com,7468596304,Male,$5923.02,LBJIE3668K,0,0,0,0
12494525538,Ruben,Tee,2000-02-01,rtee82@google.nl,4924784419,Male,$8838.28,EQFNR2984V,0,0,0,0
12437252048,Rossie,Lunk,1988-10-11,rlunk83@hubpages.com,4912962587,Male,$8837.20,MRCPZ4406O,0,0,0,0
12473994450,Gavra,Shurmer,1989-07-05,gshurmer84@npr.org,6491638328,Female,$8688.24,PYRYN3689V,0,0,0,0
12413308729,Cyndy,Crafts,1972-05-05,ccrafts85@etsy.com,2748732290,Non-binary,$7881.32,ALWRT8553I,1,0,0,0
12401217283,Keven,Denys,1965-02-03,kdenys86@mit.edu,9858122869,Male,$4037.85,QUITX0603X,0,0,0,0
12487569450,Henri,Behan,1994-01-07,hbehan87@bluehost.com,6062568190,Male,$3632.08,IRLOU9408W,0,0,0,0
12460183538,Cicely,Goddert.sf,1975-04-21,cgoddertsf88@discovery.com,8026320061,Female,$3683.85,TCRUU6980G,0,0,0,0
12462428639,Rene,Durand,1994-10-13,rdurand89@businessweek.com,8558996746,Female,$6157.77,QDGYV5686D,0,0,0,0
12466365234,Francisca,Le Franc,1989-01-08,flefranc8a@opensource.org,9171753053,Female,$8169.81,KYHVW1369L,0,0,0,0
12455212276,Veriee,Odell,1997-10-31,vodell8b@cpanel.net,2071801584,Female,$7460.37,BSOAW2472K,0,0,0,0
12426837024,Reed,Scholey,1965-06-02,rscholey8c@friendfeed.com,9146772586,Male,$8823.45,EQUGB0298G,0,0,0,0
12482290477,Sebastiano,Fowells,1988-01-01,sfowells8d@paypal.com,9928090599,Agender,$2686.57,GVUBS1484Q,0,0,0,0
12409007877,Valentin,Fossord,1974-06-02,vfossord8e@state.gov,8615143619,Male,$6000.49,YVSES2588R,0,0,0,0
12476075084,Wilmette,Bengle,1980-08-30,wbengle8f@163.com,5742969242,Female,$3926.00,SHLXU5828Y,0,0,0,0
12444446895,Brigham,Labdon,1962-08-02,blabdon8g@businesswire.com,7762749901,Male,$7144.64,VATJE5797L,0,0,0,0
12454915882,Iormina,Edgworth,1972-12-27,iedgworth8h@ow.ly,1837183218,Female,$5856.23,ZXPYX9093Z,0,0,0,0
12467324881,Antoni,Steele,1995-12-15,asteele8i@zdnet.com,7392282471,Male,$9193.90,YLDLD2900V,0,0,0,0
12478866201,Justen,Sawle,1973-12-03,jsawle8j@barnesandnoble.com,7679073239,Male,$7491.68,SQOIJ8442Z,0,0,1,0
12455235526,Ban,Faudrie,1998-02-10,bfaudrie8k@state.gov,5974602045,Male,$6478.50,DSKEH7024N,0,0,0,0
12448218796,Alexander,Farr,1978-12-10,afarr8l@unicef.org,8113393144,Male,$8795.72,COIGE9419G,0,0,1,1
12492941949,Bren,Franken,1992-12-28,bfranken8m@ft.com,4709953642,Male,$5469.94,LNULW6927X,0,0,0,0
12459541854,Erny,Bishop,1970-03-24,ebishop8n@netscape.com,5388478712,Male,$4271.50,GCDYY3548F,0,0,0,0
12411078053,Jabez,Grundey,1997-12-28,jgrundey8o@psu.edu,9178141875,Male,$4841.91,AADCM9273G,0,0,0,0
12419901425,Killy,Littley,1974-08-26,klittley8p@squarespace.com,2437872751,Male,$9134.87,DRNPH5345J,0,1,0,0
12410721939,Hobie,Soule,1973-06-23,hsoule8q@youtu.be,9099885122,Male,$9652.57,DVTAI4815U,0,0,0,0
12418202920,Davis,Kleinstern,1964-09-26,dkleinstern8r@webmd.com,9198891654,Male,$5813.12,JDBZU8262C,1,0,0,0
12468093133,Verla,Sharples,1961-09-14,vsharples8s@uol.com.br,2055107246,Female,$5277.15,IHMTO2241O,0,0,0,0
12483089452,Chadd,Shortland,1994-01-17,cshortland8t@de.vu,3937283947,Male,$7209.88,HVYRZ1497H,0,0,0,0
12460342378,Christoffer,Skells,1986-05-04,cskells8u@e-recht24.de,3826051591,Male,$7954.20,GIJJG9123E,0,0,0,0
12402357376,Zebulen,Conachie,1984-01-15,zconachie8v@loc.gov,9015679663,Male,$6450.15,SFVEQ4395A,0,1,0,0
12448428703,Francisca,Onthank,1974-02-02,fonthank8w@51.la,1024381757,Female,$7214.06,BIGSA4182S,0,0,0,0
12450963166,Jackie,Tackle,1986-03-25,jtackle8x@upenn.edu,7922540948,Female,$9556.81,DOZJW8808N,0,0,0,0
12429124651,Reade,Vedstra,1970-03-31,rvedstra8y@printfriendly.com,8178402210,Male,$5970.55,UHAIR7587V,0,0,1,0
12424704532,Darren,Trebbett,1994-02-18,dtrebbett8z@dropbox.com,8606688723,Male,$8128.13,JCXCM9841I,0,0,0,0
12442809693,Bettina,Wilprecht,1973-01-17,bwilprecht90@jimdo.com,7736292957,Female,$10443.05,QYZUA5181K,0,0,0,0
12444627074,Gus,Schiell,1990-07-15,gschiell91@nature.com,1623479756,Polygender,$6597.21,WLTHG1411Y,0,0,0,0
12400992082,Ayn,Fish,1989-10-26,afish92@fda.gov,2919254345,Female,$3379.01,MKPKS8767E,0,0,0,0
12408861334,Auberta,Illiston,1984-03-30,ailliston93@goo.gl,9185274335,Female,$7777.19,BLTCF0863J,0,0,0,0
12405380944,Egan,Crann,1995-05-19,ecrann94@blogtalkradio.com,2045764265,Male,$9153.86,IXJSZ9773K,0,0,0,0
12498431961,Dar,Fominov,1993-12-07,dfominov95@blogspot.com,1895568787,Male,$9516.28,UUNWV6385I,0,0,0,0
12497670726,Aubert,Hodgen,1974-12-26,ahodgen96@tiny.cc,9737232768,Male,$4541.22,NHAUB1024A,0,0,0,1
12446652188,Wenonah,Boddice,1969-07-18,wboddice97@g.co,3904888466,Female,$2931.29,ZHDXO1878H,0,0,1,0
12422181316,Cissiee,Giacomini,1990-02-05,cgiacomini98@apple.com,1518189334,Female,$6298.66,KVVGZ7855Q,0,0,0,0
12465502725,Hope,Pinder,1961-03-28,hpinder99@weather.com,3086100615,Female,$6907.40,SHSRP3047P,0,0,1,0
12492626633,Rodd,Vine,1975-05-29,rvine9a@vistaprint.com,9646185885,Male,$5852.29,XDJOR5596F,0,0,0,0
12489787901,Cordy,Fillary,1980-02-18,cfillary9b@eepurl.com,1006577110,Male,$2554.31,ZSZTT2140A,0,1,0,0
12446416111,Isabel,Crannage,1964-01-18,icrannage9c@theguardian.com,2609995339,Female,$4801.37,GIXKT4042H,0,1,0,0
12436233589,Vin,Pabel,1977-02-04,vpabel9d@smh.com.au,8738313419,Male,$4824.86,GXRCP0591C,0,0,0,0
12426133042,Hubey,Gisby,1962-07-23,hgisby9e@t-online.de,2153679341,Male,$6752.98,YJZXP4281N,0,1,0,0
12499416632,Erasmus,Harmond,1989-02-20,eharmond9f@people.com.cn,4347115478,Male,$9027.77,JSQWD1157X,0,0,0,0
12401812638,Tam,Patshull,1993-01-13,tpatshull9g@google.com.hk,7447139692,Non-binary,$6475.76,FWOXU9547O,0,0,0,0
12419063067,Eveline,Fludder,1992-03-24,efludder9h@oakley.com,8999956228,Female,$6481.37,FVJGC2269H,0,0,1,0
12442331949,Justen,Dzeniskevich,1989-12-25,jdzeniskevich9i@bizjournals.com,7881254490,Male,$4620.10,VGNUS1746C,0,0,0,0
12419890930,Clayton,Winslow,1991-04-20,cwinslow9j@google.nl,6047677519,Male,$10198.85,FVAVZ2111J,0,0,0,0
12423588229,Judy,Letherbury,1975-07-09,jletherbury9k@google.de,8178827760,Female,$7399.49,BQSSW1815F,0,0,0,0
12405810883,Arden,Sharper,1974-07-11,asharper9l@pagesperso-orange.fr,5571857393,Female,$5743.98,COKIW0437U,0,0,0,0
12483966474,Farrell,Paffitt,1979-12-24,fpaffitt9m@smugmug.com,3588807132,Male,$3755.53,MEHSJ9407S,0,0,0,0
12469906933,Matias,Wordesworth,1964-01-28,mwordesworth9n@gnu.org,3548346270,Agender,$6326.13,IQNWP5689Z,1,1,0,0
12482621798,Josiah,Hanham,1969-09-21,jhanham9o@csmonitor.com,2375493056,Male,$8861.89,VCUMF8028F,1,0,0,0
12494676145,Rem,McDunlevy,1975-12-11,rmcdunlevy9p@army.mil,7256939363,Male,$9480.03,TNQLM6017C,1,0,0,0
12435987397,Padriac,Lapwood,1977-10-01,plapwood9q@berkeley.edu,3471588775,Male,$6890.19,JLGPA6072T,0,0,0,0
12425133798,Gilda,Summersett,1993-08-10,gsummersett9r@yahoo.com,3217849766,Female,$5315.96,IAVMD6848A,0,0,0,0
12462139177,Phebe,Malacrida,1994-07-10,pmalacrida9s@illinois.edu,4148225639,Female,$4975.94,SDATI6079H,0,0,0,0
12492470778,Bengt,Kupke,1963-08-22,bkupke9t@kickstarter.com,6495264108,Male,$3600.11,VJHCI0674D,0,1,0,0
12462913385,Alfonse,Bromhead,1991-04-19,abromhead9u@sun.com,5791876923,Male,$7038.74,SJLTU1443T,1,0,0,0
12407812233,Kristofor,Draper,1996-01-03,kdraper9v@cdc.gov,5404253016,Male,$8583.92,JZMJS4101O,0,0,0,0
12494051898,Dori,Oganesian,1976-04-09,doganesian9w@foxnews.com,4613473417,Female,$4173.02,BGANK4906I,0,0,0,0
12474538066,Randee,Widdocks,1992-09-26,rwiddocks9x@dropbox.com,3026677587,Female,$6190.18,KZUSR2111I,0,0,0,0
12444093371,Basilio,Vinker,1978-10-21,bvinker9y@twitter.com,7847215418,Male,$8797.91,PBMTH0671D,0,0,0,0
12430141833,Cheryl,Bleddon,1985-01-25,cbleddon9z@examiner.com,4576085984,Female,$7610.27,FSIUU6990S,0,0,0,0
12493815720,Marion,Fishley,1967-12-28,mfishleya0@yolasite.com,4292100596,Male,$6364.34,JVCAF9548P,0,0,0,0
12481592525,Coop,Capnor,1997-05-07,ccapnora1@scientificamerican.com,1182213047,Male,$5676.34,CDCJE4184H,1,0,0,0
12486240304,Ben,Sharratt,1978-03-13,bsharratta2@clickbank.net,8585690776,Male,$3841.78,LULBF5409P,0,0,0,1
12453835831,Myer,Darkins,1985-02-10,mdarkinsa3@dyndns.org,9882644790,Male,$7307.12,ZVARZ8120Z,0,0,0,0
12413813626,Fransisco,Longmate,1980-06-17,flongmatea4@slate.com,2851060365,Male,$3024.70,OXILV8721T,0,0,1,0
12404760450,Georg,Cragg,1981-01-08,gcragga5@exblog.jp,9802159493,Male,$5077.78,HQUIR3222E,0,0,0,0
12411455817,Haywood,Uebel,1981-02-01,huebela6@comsenz.com,2042455878,Male,$3101.71,HALTS8108L,0,0,0,0
12463706429,Anastasia,Goosnell,1987-03-02,agoosnella7@soup.io,8893078682,Female,$9056.95,IVEAD8450N,0,0,0,0
12403366435,Jemimah,Gosney,1994-11-05,jgosneya8@weebly.com,5836534640,Female,$2856.41,TXOVS5831B,0,0,0,0
12453259084,Delphinia,Wabe,1961-08-29,dwabea9@nps.gov,1596415576,Female,$2857.72,LIRKR9491X,1,0,0,0
12420572751,Cecelia,Ennals,1960-01-28,cennalsaa@examiner.com,8518790195,Polygender,$7809.34,BEYBE5667R,0,0,0,0
12411123237,Mikol,Matzel,1984-02-28,mmatzelab@ucsd.edu,7825318382,Male,$9770.52,XCPRA1654X,0,0,0,0
12408712957,Sayre,Deacon,1986-10-09,sdeaconac@economist.com,5959878508,Male,$3613.34,KXDQD3469G,0,0,0,0
12406795857,Alida,Portwaine,1996-08-24,aportwainead@ow.ly,6063221404,Female,$2899.52,GKKMH5899Y,1,0,0,0
12472227035,Ferd,Dunwoody,1965-04-03,fdunwoodyae@usa.gov,7508446715,Male,$8445.60,DKZPN6203Y,0,0,0,0
12409286866,Karlan,Goodhand,1997-11-23,kgoodhandaf@ovh.net,6062917274,Male,$5644.26,DARXP3506Y,0,0,0,0
12428277294,Allard,Rait,1963-12-10,araitag@g.co,7934900250,Male,$8396.21,OPXET2402F,0,0,0,0
12412395475,Antoinette,Brenneke,1979-01-30,abrennekeah@sohu.com,8072822092,Female,$4841.37,IXMMK9156E,0,1,0,0
12427520892,Archibold,Duffie,1989-09-14,aduffieai@sakura.ne.jp,1487183866,Male,$3002.80,IFRLX8430O,0,1,0,0
12424268452,Kiel,Preshous,1976-01-17,kpreshousaj@tamu.edu,9481790769,Genderqueer,$7544.67,OASNF0063J,0,0,0,0
12436008381,Arlee,Gwinnett,1985-03-21,agwinnettak@wufoo.com,7578680237,Female,$5123.69,YQZLY5890C,0,1,0,0
12454343773,Peria,Cuskery,1968-04-16,pcuskeryal@wikimedia.org,5703912417,Female,$6270.77,XBQKB2251Q,0,0,0,0
12442608795,Cal,Kordes,1984-07-09,ckordesam@reference.com,7907023567,Male,$10055.44,VBRHH9575J,1,0,0,0
12452846833,Baryram,Inchboard,1986-05-10,binchboardan@hc360.com,9855629611,Male,$9225.14,XICWO3890G,0,0,0,0
12497069499,Merell,Lujan,1985-12-31,mlujanao@intel.com,5825708735,Male,$10488.19,HYKCB8509I,0,1,0,0
12489837235,Caria,Bassill,1985-10-23,cbassillap@latimes.com,5928641200,Female,$3001.33,GTIZF3548Y,0,1,0,0
12453265320,Yard,Godmer,1992-11-24,ygodmeraq@seesaa.net,7673736323,Male,$6922.39,AGHYN0207Q,0,0,0,0
12444306979,Beck,Michurin,1976-05-12,bmichurinar@noaa.gov,7909584662,Male,$3563.93,DGLKG6671F,0,0,0,0
12468870287,Lisbeth,Lafee,1992-09-21,llafeeas@cmu.edu,9463559031,Female,$3664.49,AAGTL1253R,0,0,0,0
12496087135,Astrix,Colerick,1972-02-23,acolerickat@washington.edu,7269769379,Female,$2508.23,JITGQ1025R,1,0,0,0
12490400939,Rina,Caseley,1983-07-21,rcaseleyau@123-reg.co.uk,8933286704,Female,$8319.27,UEQYB5334O,0,0,0,0
12450923283,Boothe,Walrond,1976-12-19,bwalrondav@arstechnica.com,5709429340,Male,$2673.63,LZMLM8122I,0,1,0,0
12450834950,Mathilde,Yter,1988-03-12,myteraw@hostgator.com,4654821997,Female,$10289.46,VVZWJ9216D,0,0,0,0
12430085681,Rustin,MacGillavery,1975-03-04,rmacgillaveryax@weibo.com,2958333467,Male,$7507.99,HHRBS9138M,0,0,0,0
12417388136,Bernardine,Royle,1973-02-11,broyleay@desdev.cn,5486025972,Female,$4310.62,GAWCS8575N,0,0,0,0
12452484700,Valentijn,Ghidoni,1968-03-07,vghidoniaz@github.io,8271350093,Male,$7869.33,ZMONO1326D,1,0,0,0
12420974289,Annemarie,Haley,1988-01-24,ahaleyb0@blog.com,7176369710,Female,$8536.37,EPOQX8621B,0,0,0,0
12484324680,Forbes,Donnison,2000-06-09,fdonnisonb1@youtu.be,5174347480,Male,$4125.52,VREPF1199R,0,0,0,0
12490130900,Shepherd,McCobb,1989-07-11,smccobbb2@plala.or.jp,1619927897,Male,$5130.03,TDSNI7957L,0,1,0,0
12477411100,Clem,Well,1982-06-04,cwellb3@discuz.net,4396245044,Male,$7163.79,CKYID9640Y,0,0,0,0
12489175016,Genvieve,Hallows,1986-05-25,ghallowsb4@infoseek.co.jp,8528885426,Female,$3305.92,IFOSI3776J,0,0,0,0
12433912529,Broddy,Ruddy,1966-05-10,bruddyb5@macromedia.com,2226770575,Male,$9929.04,QIIUJ5158Y,0,0,0,0
12403552791,Vinita,Grigoriscu,1994-05-23,vgrigoriscub6@loc.gov,3703143554,Female,$7070.82,EUNKY5112V,1,0,0,0
12430421165,Kippy,Blades,1968-11-07,kbladesb7@ezinearticles.com,9084388933,Female,$4172.28,YWPAI5744Z,0,0,0,0
12423474248,Guillermo,MacGiolla Pheadair,1969-11-28,gmacgiollapheadairb8@wiley.com,5735383224,Male,$7900.86,KVSZH3571K,0,0,0,0
12429721932,Rose,Towlson,1968-10-13,rtowlsonb9@cafepress.com,3251217065,Female,$7180.22,NGCQZ7549A,0,0,0,0
12411454431,Farah,Braysher,1990-05-03,fbraysherba@zimbio.com,4908918025,Female,$3783.93,FQWVY4328Z,0,0,0,1
12476799677,Padgett,Twine,1991-11-23,ptwinebb@flickr.com,6228927022,Male,$9459.13,IJKLO8924C,0,0,0,0
12487631337,Filmer,Maker,1990-03-17,fmakerbc@hexun.com,6377387387,Male,$3574.19,FBIEL1556U,0,0,0,0
12462881478,Hinda,Christophersen,1986-09-21,hchristophersenbd@unicef.org,6574752645,Female,$6150.95,ACLOT0414O,0,0,0,0
12444609527,Giff,Core,1973-01-28,gcorebe@nytimes.com,2549920270,Male,$3027.24,TAHWR4043Y,0,0,0,0
12400983781,Travers,Fullman,1990-12-03,tfullmanbf@51.la,8831991263,Male,$10160.40,FBCZS4059T,0,0,0,0
12493781252,Townie,Edgecombe,1985-09-04,tedgecombebg@hubpages.com,7036511010,Male,$5268.27,TNLLG2086U,0,0,0,0
12416498278,Rivalee,Giacubbo,1983-05-31,rgiacubbobh@zimbio.com,5592194339,Female,$5311.30,BTDRM5467T,0,0,0,0
12475960869,Renelle,Cason,1972-07-28,rcasonbi@shop-pro.jp,6955383853,Female,$9718.47,GRVBG6650P,0,0,0,0
12419530846,Valentino,Wynn,1992-03-21,vwynnbj@mayoclinic.com,4033308721,Male,$7915.96,CPSMN0894S,0,0,0,0
12460732303,Salomi,Beyne,1970-08-18,sbeynebk@omniture.com,3391665128,Female,$4419.00,BSEOS8306Z,0,0,0,0
12415485990,Brennan,Badwick,1973-11-14,bbadwickbl@baidu.com,2061310981,Male,$4922.56,NCCSN1156A,0,0,0,0
12493046439,Kizzie,Pashen,1976-06-26,kpashenbm@va.gov,6947837374,Bigender,$6824.94,WDTXX2487Y,0,0,0,0
12437711925,Aarika,Ahrens,1966-12-28,aahrensbn@com.com,6515679012,Female,$4893.98,AFGTG1177U,0,0,0,0
12473257404,Clywd,Hessle,1981-11-29,chesslebo@seattletimes.com,7167928426,Male,$6949.57,OFREO6596R,0,1,0,0
12487405921,Renault,Simmon,1969-01-03,rsimmonbp@thetimes.co.uk,8268827204,Male,$4300.38,YZADD5775J,0,0,0,0
12448057819,Tresa,Loins,1962-02-27,tloinsbq@wsj.com,6839285445,Female,$9438.52,ONREN7441M,0,0,0,0
12483883167,Sherie,Siderfin,2000-05-02,ssiderfinbr@uol.com.br,7532232738,Female,$4698.24,KDZXU5284I,0,0,0,0
12435819423,Brenna,Botcherby,1980-03-07,bbotcherbybs@economist.com,9277704816,Female,$8558.72,ILNEZ1636V,0,0,0,0
12461023037,Amerigo,Macari,2000-09-17,amacaribt@google.com.br,3537586379,Male,$4669.88,CKPQX6897N,0,0,0,0
12411178001,Ayn,Gabbitas,1966-06-26,agabbitasbu@godaddy.com,9076661707,Female,$9263.64,FZHSE4044R,1,0,0,0
12405550622,Homer,Winnard,1971-07-14,hwinnardbv@aol.com,8967651885,Male,$9840.09,BHKDY8388W,0,0,0,0
12418741656,Amalee,Rigolle,1977-07-17,arigollebw@wsj.com,7803743834,Female,$7290.69,BJZYO4810A,0,0,0,0
12466162660,Tobit,Rulten,1993-11-01,trultenbx@skype.com,8463501638,Male,$5222.64,FLONF7801O,0,0,0,0
12484089236,Alena,Veare,1992-04-19,aveareby@reverbnation.com,8971583314,Female,$8353.79,AGFDO4854C,0,0,0,0
12439183411,Tome,Witton,1986-06-24,twittonbz@miitbeian.gov.cn,3177772511,Male,$3485.02,QJCLB7697O,0,0,0,0
12426338339,Vonny,Klimus,1987-08-14,vklimusc0@time.com,5178616040,Female,$3960.18,TNEVJ4845E,0,0,0,0
12420325110,Don,Howson,1979-01-12,dhowsonc1@techcrunch.com,4936263654,Male,$4550.75,XWPXR8971U,0,0,0,0
12423260713,Pippa,Halmkin,1981-03-30,phalmkinc2@qq.com,4296869602,Female,$8923.55,IADLJ4816O,0,0,0,0
12464402493,Orelia,Vasyukov,1979-12-21,ovasyukovc3@infoseek.co.jp,3267031154,Bigender,$5979.43,WIBVY0289L,0,0,0,0
12413903586,Torrance,Strickland,1976-04-03,tstricklandc4@bbc.co.uk,3351385824,Male,$4497.53,NFKSG4427G,0,1,0,0
12479820057,Jimmy,Havick,1963-01-05,jhavickc5@paypal.com,4073662272,Male,$7149.66,LATGP4921T,0,0,0,0
12484099255,Corilla,Cazin,1976-07-17,ccazinc6@microsoft.com,7611095349,Female,$5554.69,SPMUP2190M,0,0,0,0
12474424220,Cyndie,Labram,1984-03-09,clabramc7@ow.ly,5653808234,Non-binary,$3113.15,VLGBV2450N,0,0,0,0
12490147796,Leighton,Southerton,1963-04-14,lsouthertonc8@4shared.com,9097180921,Male,$4376.03,RFIVL0084F,0,1,0,0
12463498653,Elbert,Dagger,1972-05-27,edaggerc9@squidoo.com,4684564420,Male,$10255.14,YNJJD2892O,1,0,0,0
12439273976,Gerick,Garbott,1967-01-24,ggarbottca@odnoklassniki.ru,1374600344,Male,$2661.13,LQTUA3048E,0,0,0,0
12420850136,Aloin,Mullett,1978-03-15,amullettcb@infoseek.co.jp,5838406154,Male,$9619.10,PFIAJ5857F,0,1,0,0
12449832471,Gaven,Frankcom,1984-10-24,gfrankcomcc@cloudflare.com,5043402192,Male,$4918.54,RFCYZ9709B,0,0,0,0
12433087312,Rodge,Blindermann,1996-08-18,rblindermanncd@umich.edu,7705295588,Male,$3237.12,FAPUG0545I,1,0,0,0
12482830113,Rozanne,Adnams,1960-12-21,radnamsce@yolasite.com,2441651799,Female,$5309.94,AKSJZ6918N,0,1,0,0
12454394297,Sherman,Archibald,1966-04-26,sarchibaldcf@histats.com,4437493970,Agender,$5976.61,ZJYRO0526X,0,0,0,0
12494306433,Morgan,Dodd,1981-01-29,mdoddcg@topsy.com,7832388486,Male,$10161.03,TYBYH5163O,0,0,0,0
12491065887,Nolly,Lawleff,1962-10-22,nlawleffch@hao123.com,3186379169,Male,$5432.33,QWXXY7344F,0,0,0,0
12409271725,Christiano,Chown,1993-07-06,cchownci@pen.io,5959672538,Male,$10277.45,RVXMX8502F,0,0,0,0
12448035576,Grace,Serman,1962-08-13,gsermancj@nymag.com,8118575074,Male,$3889.63,CPFDZ9834A,0,0,0,0
12482961133,Christen,Bengochea,1994-05-30,cbengocheack@wix.com,9525996732,Female,$8766.57,AQJNQ7384G,0,0,0,0
12478857864,Towney,Gabites,1992-01-04,tgabitescl@msu.edu,4397490810,Male,$5537.46,EMZZV4985U,0,1,0,1
12452520381,Giulia,Goldston,1990-06-28,ggoldstoncm@huffingtonpost.com,6676780357,Female,$7383.87,OMPJQ1216G,0,0,0,0
12428835109,Dalli,Hemshall,1991-09-24,dhemshallcn@japanpost.jp,4966698397,Male,$2911.23,BHDAT7215R,0,1,0,0
12437006217,Gasparo,Santen,1982-06-04,gsantenco@huffingtonpost.com,4767399058,Male,$9265.48,SWDXO8281Z,1,0,0,1
12468261134,Dan,Illem,1998-12-26,dillemcp@ox.ac.uk,4577300874,Male,$9480.38,AOMAA2454L,0,0,0,0
12441235571,Boycey,Fridaye,1997-05-24,bfridayecq@parallels.com,3544806674,Male,$4874.93,XEATE2640E,0,0,0,1
12404703038,Lulita,Charlewood,1965-04-10,lcharlewoodcr@slashdot.org,7589225600,Female,$3055.07,BJWZA3776L,0,0,0,0
12424002735,Adriane,Robroe,1983-01-31,arobroecs@statcounter.com,6525305744,Female,$9985.59,EMSYV2253T,1,0,0,0
12490854352,Hillary,Borne,1978-01-29,hbornect@fastcompany.com,6339593806,Female,$4219.78,HWVWS5446W,0,0,0,0
12435418994,Zackariah,Besantie,1977-12-07,zbesantiecu@examiner.com,5299829606,Male,$3297.16,TXWDN8688T,0,1,0,0
12462871009,Amelina,Klaussen,1977-02-16,aklaussencv@reference.com,4682271122,Female,$5030.92,GDJTR2253W,0,0,0,0
12447941173,Lilian,Beneteau,1981-03-24,lbeneteaucw@hao123.com,4306475997,Bigender,$6501.40,TKBJX2521O,0,0,0,0
12471691768,Saundra,Grattan,1962-01-06,sgrattancx@creativecommons.org,7969330759,Male,$6844.14,PPZSN5432G,0,0,0,0
12413364417,Greta,Trewhitt,1982-05-05,gtrewhittcy@google.com.hk,9642471954,Polygender,$9424.76,DQZGO2822T,0,1,0,0
12470662832,Abby,Lockart,1974-05-10,alockartcz@usa.gov,6961011934,Male,$3254.49,WMNNC8796T,0,0,0,0
12445481483,Patsy,Reynoldson,1963-09-04,preynoldsond0@blogger.com,5225738542,Female,$7896.74,TPFVE0178T,0,0,0,0
12499958813,Gabbie,Thebe,1993-10-27,gthebed1@engadget.com,5367474348,Female,$8225.80,EVBVH2534Z,0,0,0,0
12491497748,Aldous,Simla,1981-12-09,asimlad2@loc.gov,3169175324,Male,$7972.01,YLLCL6954J,0,0,0,0
12414992512,Jefferson,Soggee,1973-04-23,jsoggeed3@aol.com,5439765577,Male,$10415.68,LMAZR7184G,0,0,0,0
12425210435,Tyson,Dodsley,1994-06-08,tdodsleyd4@canalblog.com,3713623462,Male,$10148.09,NPDWW1296C,0,0,0,1
12491512903,Joleen,Pickvance,1964-08-31,jpickvanced5@histats.com,3584478911,Female,$4543.39,KMISW6441G,0,0,0,0
12472056989,Michal,Dunsmore,1972-01-08,mdunsmored6@dagondesign.com,7604202259,Female,$5386.89,MJZTF8804F,0,1,0,0
12479750534,August,Yushin,1961-04-30,ayushind7@globo.com,4636621252,Male,$8664.19,OLOWE5376H,0,0,0,0
12485652614,Bondy,Speller,1974-10-31,bspellerd8@tmall.com,8599808368,Male,$6660.06,RHFOD3966S,0,0,0,0
12403325411,Beck,Fifield,1986-01-12,bfifieldd9@yolasite.com,7207345014,Male,$3391.25,TUJYW4435K,0,0,0,0
12491925811,Halette,MacTimpany,1983-01-22,hmactimpanyda@chicagotribune.com,4687537167,Female,$9611.67,TRDKR1187Q,0,0,0,0
12428845797,Eleanore,Ribchester,1998-10-20,eribchesterdb@fotki.com,8617358260,Female,$7727.30,PGAMB6332Z,1,0,0,0
12479760646,Aldis,Otto,1980-02-25,aottodc@princeton.edu,5281726446,Male,$6734.08,LEZYF6220U,0,0,0,0
12459176923,Wain,Scrymgeour,2000-01-22,wscrymgeourdd@go.com,9466794025,Male,$10119.58,VRDMD4377I,0,0,0,0
12405738096,Kirby,Liepina,1963-08-11,kliepinade@gov.uk,5826294679,Female,$6128.37,WZWLZ2717H,0,0,0,0
12455195228,Rena,Golda,1979-06-04,rgoldadf@home.pl,2851927070,Female,$6663.47,GGOVJ7110W,0,0,0,0
12419647073,Christabella,Gleaves,1999-11-15,cgleavesdg@nationalgeographic.com,8695067322,Female,$6222.13,PNPAT5008I,0,0,1,0
12439282260,Aaron,Berens,1987-07-04,aberensdh@blog.com,7044406104,Male,$7737.77,BVPVZ5902E,0,0,0,0
12480699128,Trude,Hryniewicki,1992-04-18,thryniewickidi@un.org,1196190525,Female,$4583.01,CCWCC8106C,0,0,0,0
12429254365,Michale,Bearcroft,1962-09-14,mbearcroftdj@woothemes.com,9256302237,Male,$8808.19,RUGCB2182C,0,0,0,0
12422212800,Vikky,Rosone,2000-01-05,vrosonedk@irs.gov,3332240171,Female,$5995.13,HWRQW6584A,0,0,0,0
12468590017,Tami,Paddemore,1962-11-16,tpaddemoredl@i2i.jp,3789265128,Female,$4904.26,EUZEE1053B,0,0,0,0
12462272450,Geno,Januszkiewicz,1996-12-24,gjanuszkiewiczdm@cnn.com,9455964611,Genderfluid,$4488.88,RAFYU0896B,0,1,0,0
12439933709,Baily,Komorowski,1970-02-24,bkomorowskidn@altervista.org,7646951108,Genderfluid,$6777.22,NQXVJ9264O,0,0,0,0
12452229383,Berny,Keeney,1965-10-26,bkeeneydo@gov.uk,5781111499,Male,$3181.98,IUUOL7668U,0,0,0,0
12456010207,Jaquelin,McFeate,1967-06-04,jmcfeatedp@blogtalkradio.com,7278222455,Female,$9895.85,LURIO2509Y,0,0,0,0
12418396674,Palmer,Beiderbecke,1962-09-07,pbeiderbeckedq@cocolog-nifty.com,3887993237,Polygender,$3694.89,JIXFT1308X,0,0,0,0
12464881629,Dom,Leblanc,1966-07-02,dleblancdr@tiny.cc,2795980889,Male,$2948.44,VRCDT2163Y,1,0,0,0
12434940556,Lauree,Bausmann,1991-11-14,lbausmannds@shinystat.com,8928882783,Female,$3334.70,FRTHS7137C,0,0,0,0
12446093959,Rutledge,Walaron,1998-12-18,rwalarondt@senate.gov,8442377729,Male,$8763.18,TQVQK2848W,0,0,0,0
12497896427,Alexandros,Justun,1984-01-12,ajustundu@purevolume.com,8404450350,Male,$3216.37,ZYSEL8647X,0,0,0,0
12440285492,Alicia,Braywood,1977-11-17,abraywooddv@prweb.com,2424174073,Bigender,$8917.25,XQRHH3553F,0,0,0,0
